[1751906540][2025/07/07-16:42:20][0][ALWAYS] : [UTC][Date][ThreadIndex][LogLevel] : log message
[1751906540][2025/07/07-16:42:20][0][ALWAYS] : Start logging at 2025/07/07 : 16:42:20
[1751906540][2025/07/07-16:42:20][0][ALWAYS] : Current logging level 'DEBUG'
[1751906540][2025/07/07-16:42:20][0][INFO] : Computing threads are not pinned on CPU cores
[1751906540][2025/07/07-16:42:20][0][INFO] : Activate stream with zfits data
[1751906540][2025/07/07-16:42:20][0][INFO] : hiperta_stream_r0_dl1 : nbEventPerHdf5 = 500, nbEventPerBlock = 1, nbMaxMessage = 40000000, outputFileIndexOffset = 0, nbThread = 1, processIndex = 0, totalNbProcess = 1
[1751906540][2025/07/07-16:42:20][0][ALWAYS] : HiPeRTA version :  (master 47e55dec2a43a69715576982da9f04dabd2af635)
[1751906540][2025/07/07-16:42:20][0][INFO] : multithread_analysis_streamLog : nbEventPerHdf5 = 500, nbMaxMessage = 40000000
[1751906540][2025/07/07-16:42:20][0][INFO] : DEC_pointing: -23.491393123055765
RA_pointing: 166.34214862804834
archives:
	- 	dl1_dl2_config: lstchain_standard_config_v063-RTA.json
dl2_dl3_archives:
		- 		dl2_dl3_config: lstchain_config_dl2_dl3_rta.json
		irf_file: irf_RTA_ghcut0.65.fits.gz
properties:
			gammaness_cut: 0.65
		relative_path: standard
properties:
		zenith: 20.0
	r0_dl1_config: r0_dl1_config.yml
	relative_path: RF_archive_20_deg
archives_base_path: ./2024_07_31_time_calib/
base_structure_file_path: ./base_structure/base_structure_hdf5_1834pixels_time_calib.h5
cleaning_type: TAILCUT
correction_high_gain: 1.107
correction_low_gain: 0.998
data_stream_connections:
	- 	hostname: localhost
	port: 25000
debug_parameters:
	is_flush_log_disable: false
	keep_random_trigger_threshold: 1.0
	verbose: false
dl1_dir: ./DL1
dl1_filename: dl1_sb_id_1_obs_id_20549_tel_id_1_line_idx_§{processIndex}_thread_idx_§{threadIndex}_th_file_idx_§{processFileIndex}_file_idx_§{fileIndex}
dl2_dir: ./DL2
dl3_dir: ./DL3
hillas_threshold_center: 8
hillas_threshold_neighbours: 4
hillas_threshold_pixel_dt: 2.0
hillas_threshold_signal_tel: 0
hillas_threshold_signal_tel_max: 1000000
hiperta_extra_args: --nbpreallocateddl1perthread 3
integration_type: LOCAL_PEAK_INTEGRATOR
irf_file: 2024_07_31_time_calib/RF_archive_20_deg/standard/irf_RTA_ghcut0.65.fits.gz
is_detach_dl1_flush: true
is_stream_r1_zfit: false
is_stream_read_zfit: true
is_stream_real_data: true
keep_isolated_pixel: false
keep_rejected_event: true
log_dir: ./logs
log_directories:
	dl1_alt_az_log_dir: ./logs/dl1_alt_az
	dl1_dl2_log_dir: ./logs/dl1_dl2
	dl1_reorg_log_dir: ./logs/dl1_reorg
	dl2_dl3_log_dir: ./logs/dl2_dl3
logging_level: INFO
lstchain_dl1_dl2_config_file: 2024_07_31_time_calib/RF_archive_20_deg/lstchain_standard_config_v063-RTA.json
lstchain_dl2_dl3_config_file: 2024_07_31_time_calib/RF_archive_20_deg/standard/lstchain_config_dl2_dl3_rta.json
min_number_neighbour_pixels: 2
min_selected_pixel: 2
nbMaxMessage: 40000000
nb_event_per_block: 10
nb_event_per_hdf5: 20000
nb_first_slice_to_reject: 3
nb_last_slice_to_reject: 1
nb_processing_threads: 2
nb_slice_before_peak: 4
nb_slice_window: 8
nb_tasks: 4
no_slurm: true
obs_id: 20549
output_directories: 
protobuf_stream_parsing_config:
	Event:
		id: 4
		sub_message:
			configuration_id:
				id: 1
				type: uint64
			event_id:
				id: 1
				type: uint64
			tel_event_id:
				id: 2
				type: uint64
			trigger_time_qns:
				id: 6
				type: uint32
			trigger_time_s:
				id: 5
				type: uint32
			trigger_type:
				id: 4
				type: uint32
			waveform:
				id: 11
				sub_message:
					data:
						id: 4
						is_array: true
						type: uint16
				type: submessage
		type: submessage
r0_dl1_job_name: 1_§{processIndex}_r0_dl1
r0_dl1_log_dir: ./logs/r0_dl1
r0_dl1_log_file: r0_dl1_sb_id_1_obs_id_20549_tel_id_1_§{processIndex}.log
r0_dl1_mem: 17
r1_offset: 60.0
r1_scale: 5.0
reco_manager_log_file: ./logs/hiperta_stream_start.log
reco_random_forests_dir: 2024_07_31_time_calib/RF_archive_20_deg
refresh_perf_ms: 1000
refresh_stop_ms: 1000
sb_id: 1
tel_id: 1
threshold_bad_adc: 4094
threshold_bad_ped: 100000
time_per_sample_ns: 0.975
wait_detach_thread_to_finish: 10000000
wavelet_threshold: 4
zmq_buffer_size: 40000000
zmq_max_nb_message_per_buffer: 1000
zmq_nb_thread: 1
zmq_thread_affinity: 1

[1751906540][2025/07/07-16:42:20][0][INFO] : multithread_analysis_streamLog : configHdf5 = '/home/rta/data/NECTARCAM/rta_config/base_structure_NectarCAM.h5'
[1751906540][2025/07/07-16:42:20][0][ALWAYS] : HiPeRTA version :  (master 47e55dec2a43a69715576982da9f04dabd2af635)
[1751906540][2025/07/07-16:42:20][0][INFO] : multithread_analysis : nbEventPerHdf5 = 500, nbMaxMessage = 40000000, nbThread = 1
[1751906540][2025/07/07-16:42:20][0][INFO] : DEC_pointing: -23.491393123055765
RA_pointing: 166.34214862804834
archives:
	- 	dl1_dl2_config: lstchain_standard_config_v063-RTA.json
dl2_dl3_archives:
		- 		dl2_dl3_config: lstchain_config_dl2_dl3_rta.json
		irf_file: irf_RTA_ghcut0.65.fits.gz
properties:
			gammaness_cut: 0.65
		relative_path: standard
properties:
		zenith: 20.0
	r0_dl1_config: r0_dl1_config.yml
	relative_path: RF_archive_20_deg
archives_base_path: ./2024_07_31_time_calib/
base_structure_file_path: ./base_structure/base_structure_hdf5_1834pixels_time_calib.h5
cleaning_type: TAILCUT
correction_high_gain: 1.107
correction_low_gain: 0.998
data_stream_connections:
	- 	hostname: localhost
	port: 25000
debug_parameters:
	is_flush_log_disable: false
	keep_random_trigger_threshold: 1.0
	verbose: false
dl1_dir: ./DL1
dl1_filename: dl1_sb_id_1_obs_id_20549_tel_id_1_line_idx_§{processIndex}_thread_idx_§{threadIndex}_th_file_idx_§{processFileIndex}_file_idx_§{fileIndex}
dl2_dir: ./DL2
dl3_dir: ./DL3
hillas_threshold_center: 8
hillas_threshold_neighbours: 4
hillas_threshold_pixel_dt: 2.0
hillas_threshold_signal_tel: 0
hillas_threshold_signal_tel_max: 1000000
hiperta_extra_args: --nbpreallocateddl1perthread 3
integration_type: LOCAL_PEAK_INTEGRATOR
irf_file: 2024_07_31_time_calib/RF_archive_20_deg/standard/irf_RTA_ghcut0.65.fits.gz
is_detach_dl1_flush: true
is_stream_r1_zfit: false
is_stream_read_zfit: true
is_stream_real_data: true
keep_isolated_pixel: false
keep_rejected_event: true
log_dir: ./logs
log_directories:
	dl1_alt_az_log_dir: ./logs/dl1_alt_az
	dl1_dl2_log_dir: ./logs/dl1_dl2
	dl1_reorg_log_dir: ./logs/dl1_reorg
	dl2_dl3_log_dir: ./logs/dl2_dl3
logging_level: INFO
lstchain_dl1_dl2_config_file: 2024_07_31_time_calib/RF_archive_20_deg/lstchain_standard_config_v063-RTA.json
lstchain_dl2_dl3_config_file: 2024_07_31_time_calib/RF_archive_20_deg/standard/lstchain_config_dl2_dl3_rta.json
min_number_neighbour_pixels: 2
min_selected_pixel: 2
nbMaxMessage: 40000000
nb_event_per_block: 10
nb_event_per_hdf5: 20000
nb_first_slice_to_reject: 3
nb_last_slice_to_reject: 1
nb_processing_threads: 2
nb_slice_before_peak: 4
nb_slice_window: 8
nb_tasks: 4
no_slurm: true
obs_id: 20549
output_directories: 
protobuf_stream_parsing_config:
	Event:
		id: 4
		sub_message:
			configuration_id:
				id: 1
				type: uint64
			event_id:
				id: 1
				type: uint64
			tel_event_id:
				id: 2
				type: uint64
			trigger_time_qns:
				id: 6
				type: uint32
			trigger_time_s:
				id: 5
				type: uint32
			trigger_type:
				id: 4
				type: uint32
			waveform:
				id: 11
				sub_message:
					data:
						id: 4
						is_array: true
						type: uint16
				type: submessage
		type: submessage
r0_dl1_job_name: 1_§{processIndex}_r0_dl1
r0_dl1_log_dir: ./logs/r0_dl1
r0_dl1_log_file: r0_dl1_sb_id_1_obs_id_20549_tel_id_1_§{processIndex}.log
r0_dl1_mem: 17
r1_offset: 60.0
r1_scale: 5.0
reco_manager_log_file: ./logs/hiperta_stream_start.log
reco_random_forests_dir: 2024_07_31_time_calib/RF_archive_20_deg
refresh_perf_ms: 1000
refresh_stop_ms: 1000
sb_id: 1
tel_id: 1
threshold_bad_adc: 4094
threshold_bad_ped: 100000
time_per_sample_ns: 0.975
wait_detach_thread_to_finish: 10000000
wavelet_threshold: 4
zmq_buffer_size: 40000000
zmq_max_nb_message_per_buffer: 1000
zmq_nb_thread: 1
zmq_thread_affinity: 1

[1751906540][2025/07/07-16:42:20][0][DEBUG] : get_zmq_message : get message of size 464034
[1751906540][2025/07/07-16:42:20][0][DEBUG] : [1751906540][2025/07/07-16:42:20][0][DEBUG] : get_zmq_message : get message of size 464034
[1751906540][2025/07/07-16:42:20][0][DEBUG] : [1751906540][2025/07/07-16:42:20][0][DEBUG] : get_zmq_message : get message of size 464034
[1751906540][2025/07/07-16:42:20][0][DEBUG] : [1751906540][2025/07/07-16:42:20][0][DEBUG] : get_zmq_message : get message of size 464034
[1751906540][2025/07/07-16:42:20][0][DEBUG] : [1751906540][2025/07/07-16:42:20][0][DEBUG] : get_zmq_message : get message of size 464034
[1751906540][2025/07/07-16:42:20][0][DEBUG] : [1751906540][2025/07/07-16:42:20][0][DEBUG] : get_zmq_message : get message of size 464034
[1751906540][2025/07/07-16:42:20][0][DEBUG] : [1751906540][2025/07/07-16:42:20][0][DEBUG] : get_zmq_message : get message of size 464034
[1751906540][2025/07/07-16:42:20][0][DEBUG] : [1751906540][2025/07/07-16:42:20][0][DEBUG] : get_zmq_message : get message of size 464034
[1751906540][2025/07/07-16:42:20][0][DEBUG] : [1751906540][2025/07/07-16:42:20][0][DEBUG] : get_zmq_message : get message of size 464034
[1751906540][2025/07/07-16:42:20][0][DEBUG] : [1751906540][2025/07/07-16:42:20][0][DEBUG] : get_zmq_message : get message of size 464034
[1751906540][2025/07/07-16:42:20][0][DEBUG] : [1751906540][2025/07/07-16:42:20][0][DEBUG] : get_zmq_message : get message of size 464034
[1751906540][2025/07/07-16:42:20][0][DEBUG] : [1751906540][2025/07/07-16:42:20][0][DEBUG] : get_zmq_message : get message of size 464034
[1751906540][2025/07/07-16:42:20][0][DEBUG] : [1751906540][2025/07/07-16:42:20][0][DEBUG] : get_zmq_message : get message of size 464034
[1751906540][2025/07/07-16:42:20][0][DEBUG] : [1751906540][2025/07/07-16:42:20][0][DEBUG] : get_zmq_message : get message of size 464034
[1751906540][2025/07/07-16:42:20][0][DEBUG] : [1751906540][2025/07/07-16:42:20][0][DEBUG] : get_zmq_message : get message of size 464034
[1751906540][2025/07/07-16:42:20][0][DEBUG] : [1751906540][2025/07/07-16:42:20][0][DEBUG] : get_zmq_message : get message of size 464034
[1751906540][2025/07/07-16:42:20][0][DEBUG] : [1751906540][2025/07/07-16:42:20][0][DEBUG] : get_zmq_message : get message of size 464034
[1751906540][2025/07/07-16:42:20][0][DEBUG] : [1751906540][2025/07/07-16:42:20][0][DEBUG] : get_zmq_message : get message of size 464034
[1751906540][2025/07/07-16:42:20][0][DEBUG] : [1751906540][2025/07/07-16:42:20][0][DEBUG] : get_zmq_message : get message of size 464034
[1751906540][2025/07/07-16:42:20][0][DEBUG] : [1751906540][2025/07/07-16:42:20][0][DEBUG] : get_zmq_message : get message of size 464034
[1751906540][2025/07/07-16:42:20][0][DEBUG] : [1751906540][2025/07/07-16:42:20][0][DEBUG] : get_zmq_message : get message of size 464034
[1751906540][2025/07/07-16:42:20][0][DEBUG] : [1751906540][2025/07/07-16:42:20][0][DEBUG] : get_zmq_message : get message of size 464034
[1751906540][2025/07/07-16:42:20][0][DEBUG] : [1751906540][2025/07/07-16:42:20][0][DEBUG] : get_zmq_message : get message of size 464034
[1751906540][2025/07/07-16:42:20][0][DEBUG] : [1751906540][2025/07/07-16:42:20][0][DEBUG] : get_zmq_message : get message of size 464034
[1751906540][2025/07/07-16:42:20][0][DEBUG] : [1751906540][2025/07/07-16:42:20][0][DEBUG] : get_zmq_message : get message of size 464034
[1751906540][2025/07/07-16:42:20][0][DEBUG] : [1751906540][2025/07/07-16:42:20][0][DEBUG] : get_zmq_message : get message of size 464034
[1751906540][2025/07/07-16:42:20][0][DEBUG] : [1751906540][2025/07/07-16:42:20][0][DEBUG] : get_zmq_message : get message of size 464034
[1751906540][2025/07/07-16:42:20][0][DEBUG] : [1751906540][2025/07/07-16:42:20][0][DEBUG] : get_zmq_message : get message of size 464034
[1751906540][2025/07/07-16:42:20][0][DEBUG] : [1751906540][2025/07/07-16:42:20][0][DEBUG] : get_zmq_message : get message of size 464034
[1751906540][2025/07/07-16:42:20][0][DEBUG] : [1751906540][2025/07/07-16:42:20][0][DEBUG] : get_zmq_message : get message of size 464034
[1751906540][2025/07/07-16:42:20][0][DEBUG] : [1751906540][2025/07/07-16:42:20][0][DEBUG] : get_zmq_message : get message of size 464034
[1751906540][2025/07/07-16:42:20][0][DEBUG] : [1751906540][2025/07/07-16:42:20][0][DEBUG] : get_zmq_message : get message of size 464034
[1751906540][2025/07/07-16:42:20][0][DEBUG] : [1751906540][2025/07/07-16:42:20][0][DEBUG] : get_zmq_message : get message of size 464034
[1751906540][2025/07/07-16:42:20][0][DEBUG] : [1751906540][2025/07/07-16:42:20][0][DEBUG] : get_zmq_message : get message of size 464034
[1751906540][2025/07/07-16:42:20][0][DEBUG] : [1751906540][2025/07/07-16:42:20][0][DEBUG] : get_zmq_message : get message of size 464034
[1751906540][2025/07/07-16:42:20][0][DEBUG] : [1751906540][2025/07/07-16:42:20][0][DEBUG] : get_zmq_message : get message of size 464034
[1751906540][2025/07/07-16:42:20][0][DEBUG] : [1751906540][2025/07/07-16:42:20][0][DEBUG] : get_zmq_message : get message of size 464034
[1751906540][2025/07/07-16:42:20][0][DEBUG] : [1751906540][2025/07/07-16:42:20][0][DEBUG] : get_zmq_message : get message of size 464034
[1751906540][2025/07/07-16:42:20][0][DEBUG] : [1751906540][2025/07/07-16:42:20][0][DEBUG] : get_zmq_message : get message of size 464034
[1751906540][2025/07/07-16:42:20][0][DEBUG] : [1751906540][2025/07/07-16:42:20][0][DEBUG] : get_zmq_message : get message of size 464034
[1751906540][2025/07/07-16:42:20][0][DEBUG] : [1751906540][2025/07/07-16:42:20][0][DEBUG] : get_zmq_message : get message of size 464034
[1751906540][2025/07/07-16:42:20][0][DEBUG] : [1751906540][2025/07/07-16:42:20][0][DEBUG] : get_zmq_message : get message of size 464034
[1751906540][2025/07/07-16:42:20][0][DEBUG] : [1751906540][2025/07/07-16:42:20][0][DEBUG] : get_zmq_message : get message of size 464034
[1751906540][2025/07/07-16:42:20][0][DEBUG] : [1751906540][2025/07/07-16:42:20][0][DEBUG] : get_zmq_message : get message of size 464034
[1751906540][2025/07/07-16:42:20][0][DEBUG] : [1751906540][2025/07/07-16:42:20][0][DEBUG] : get_zmq_message : get message of size 464034
[1751906540][2025/07/07-16:42:20][0][DEBUG] : [1751906540][2025/07/07-16:42:20][0][DEBUG] : get_zmq_message : get message of size 464034
[1751906540][2025/07/07-16:42:20][0][DEBUG] : [1751906540][2025/07/07-16:42:20][0][DEBUG] : get_zmq_message : get message of size 464034
[1751906540][2025/07/07-16:42:20][0][DEBUG] : [1751906540][2025/07/07-16:42:20][0][DEBUG] : get_zmq_message : get message of size 464034
[1751906540][2025/07/07-16:42:20][0][DEBUG] : [1751906540][2025/07/07-16:42:20][0][DEBUG] : get_zmq_message : get message of size 464034
[1751906540][2025/07/07-16:42:20][0][DEBUG] : [1751906540][2025/07/07-16:42:20][0][DEBUG] : get_zmq_message : get message of size 464034
[1751906540][2025/07/07-16:42:20][0][DEBUG] : [1751906540][2025/07/07-16:42:20][0][DEBUG] : get_zmq_message : get message of size 464034
[1751906540][2025/07/07-16:42:20][0][DEBUG] : [1751906540][2025/07/07-16:42:20][0][DEBUG] : get_zmq_message : get message of size 464034
[1751906540][2025/07/07-16:42:20][0][DEBUG] : [1751906540][2025/07/07-16:42:20][0][DEBUG] : get_zmq_message : get message of size 464034
[1751906540][2025/07/07-16:42:20][0][DEBUG] : [1751906540][2025/07/07-16:42:20][0][DEBUG] : get_zmq_message : get message of size 464034
[1751906540][2025/07/07-16:42:20][0][DEBUG] : [1751906540][2025/07/07-16:42:20][0][DEBUG] : get_zmq_message : get message of size 464034
[1751906540][2025/07/07-16:42:20][0][DEBUG] : [1751906540][2025/07/07-16:42:20][0][DEBUG] : get_zmq_message : get message of size 464034
[1751906540][2025/07/07-16:42:20][0][DEBUG] : [1751906540][2025/07/07-16:42:20][0][DEBUG] : get_zmq_message : get message of size 464034
[1751906540][2025/07/07-16:42:20][0][DEBUG] : [1751906540][2025/07/07-16:42:20][0][DEBUG] : get_zmq_message : get message of size 464034
[1751906540][2025/07/07-16:42:20][0][DEBUG] : [1751906540][2025/07/07-16:42:20][0][DEBUG] : get_zmq_message : get message of size 464034
[1751906540][2025/07/07-16:42:20][0][DEBUG] : [1751906540][2025/07/07-16:42:20][0][DEBUG] : get_zmq_message : get message of size 464034
[1751906540][2025/07/07-16:42:20][0][DEBUG] : [1751906540][2025/07/07-16:42:20][0][DEBUG] : get_zmq_message : get message of size 464034
[1751906540][2025/07/07-16:42:20][0][DEBUG] : [1751906540][2025/07/07-16:42:20][0][DEBUG] : get_zmq_message : get message of size 464034
[1751906540][2025/07/07-16:42:20][0][DEBUG] : [1751906540][2025/07/07-16:42:20][0][DEBUG] : get_zmq_message : get message of size 464034
[1751906540][2025/07/07-16:42:20][0][DEBUG] : [1751906540][2025/07/07-16:42:20][0][DEBUG] : get_zmq_message : get message of size 464034
[1751906540][2025/07/07-16:42:20][0][DEBUG] : [1751906540][2025/07/07-16:42:20][0][DEBUG] : get_zmq_message : get message of size 464034
[1751906540][2025/07/07-16:42:20][0][DEBUG] : [1751906540][2025/07/07-16:42:20][0][DEBUG] : get_zmq_message : get message of size 464034
[1751906540][2025/07/07-16:42:20][0][DEBUG] : [1751906540][2025/07/07-16:42:20][0][DEBUG] : get_zmq_message : get message of size 464034
[1751906540][2025/07/07-16:42:20][0][DEBUG] : [1751906540][2025/07/07-16:42:20][0][DEBUG] : get_zmq_message : get message of size 464034
[1751906540][2025/07/07-16:42:20][0][DEBUG] : [1751906540][2025/07/07-16:42:20][0][DEBUG] : get_zmq_message : get message of size 464034
[1751906540][2025/07/07-16:42:20][0][DEBUG] : [1751906540][2025/07/07-16:42:20][0][DEBUG] : get_zmq_message : get message of size 464034
[1751906540][2025/07/07-16:42:20][0][DEBUG] : [1751906540][2025/07/07-16:42:20][0][DEBUG] : get_zmq_message : get message of size 464034
[1751906540][2025/07/07-16:42:20][0][DEBUG] : [1751906540][2025/07/07-16:42:20][0][DEBUG] : get_zmq_message : get message of size 464034
[1751906540][2025/07/07-16:42:20][0][DEBUG] : [1751906540][2025/07/07-16:42:20][0][DEBUG] : get_zmq_message : get message of size 464034
[1751906540][2025/07/07-16:42:20][0][DEBUG] : [1751906540][2025/07/07-16:42:20][0][DEBUG] : get_zmq_message : get message of size 464034
[1751906540][2025/07/07-16:42:20][0][DEBUG] : [1751906540][2025/07/07-16:42:20][0][DEBUG] : get_zmq_message : get message of size 464034
[1751906540][2025/07/07-16:42:20][0][DEBUG] : [1751906540][2025/07/07-16:42:20][0][DEBUG] : get_zmq_message : get message of size 464034
[1751906540][2025/07/07-16:42:20][0][DEBUG] : [1751906540][2025/07/07-16:42:20][0][DEBUG] : get_zmq_message : get message of size 464034
[1751906540][2025/07/07-16:42:20][0][DEBUG] : [1751906540][2025/07/07-16:42:20][0][DEBUG] : get_zmq_message : get message of size 464034
[1751906540][2025/07/07-16:42:20][0][DEBUG] : [1751906540][2025/07/07-16:42:20][0][DEBUG] : get_zmq_message : get message of size 464034
[1751906540][2025/07/07-16:42:20][0][DEBUG] : [1751906540][2025/07/07-16:42:20][0][DEBUG] : get_zmq_message : get message of size 464034
[1751906540][2025/07/07-16:42:20][0][DEBUG] : [1751906540][2025/07/07-16:42:20][0][DEBUG] : get_zmq_message : get message of size 464034
[1751906540][2025/07/07-16:42:20][0][DEBUG] : [1751906540][2025/07/07-16:42:20][0][DEBUG] : get_zmq_message : get message of size 464034
[1751906540][2025/07/07-16:42:20][0][DEBUG] : [1751906540][2025/07/07-16:42:20][0][DEBUG] : get_zmq_message : get message of size 464034
[1751906540][2025/07/07-16:42:20][0][DEBUG] : [1751906540][2025/07/07-16:42:20][0][DEBUG] : get_zmq_message : get message of size 464034
[1751906540][2025/07/07-16:42:20][0][DEBUG] : [1751906540][2025/07/07-16:42:20][0][DEBUG] : get_zmq_message : get message of size 464034
[1751906540][2025/07/07-16:42:20][0][DEBUG] : [1751906540][2025/07/07-16:42:20][0][DEBUG] : get_zmq_message : get message of size 464034
[1751906540][2025/07/07-16:42:20][0][DEBUG] : [1751906540][2025/07/07-16:42:20][0][DEBUG] : get_zmq_message : get message of size 464034
[1751906540][2025/07/07-16:42:20][0][DEBUG] : [1751906540][2025/07/07-16:42:20][0][DEBUG] : get_zmq_message : get message of size 464034
[1751906540][2025/07/07-16:42:20][0][DEBUG] : [1751906540][2025/07/07-16:42:20][0][DEBUG] : get_zmq_message : get message of size 464034
[1751906540][2025/07/07-16:42:20][0][DEBUG] : [1751906540][2025/07/07-16:42:20][0][DEBUG] : get_zmq_message : get message of size 464034
[1751906540][2025/07/07-16:42:20][0][DEBUG] : [1751906540][2025/07/07-16:42:20][0][DEBUG] : get_zmq_message : get message of size 464034
[1751906540][2025/07/07-16:42:20][0][DEBUG] : [1751906540][2025/07/07-16:42:20][0][DEBUG] : get_zmq_message : get message of size 464034
[1751906540][2025/07/07-16:42:20][0][DEBUG] : [1751906540][2025/07/07-16:42:20][0][DEBUG] : get_zmq_message : get message of size 464034
[1751906540][2025/07/07-16:42:20][0][DEBUG] : [1751906540][2025/07/07-16:42:20][0][DEBUG] : get_zmq_message : get message of size 464034
[1751906540][2025/07/07-16:42:20][0][DEBUG] : [1751906540][2025/07/07-16:42:20][0][DEBUG] : get_zmq_message : get message of size 464034
[1751906540][2025/07/07-16:42:20][0][DEBUG] : [1751906540][2025/07/07-16:42:20][0][DEBUG] : get_zmq_message : get message of size 464034
[1751906540][2025/07/07-16:42:20][0][DEBUG] : [1751906540][2025/07/07-16:42:20][0][DEBUG] : get_zmq_message : get message of size 464034
[1751906540][2025/07/07-16:42:20][0][DEBUG] : [1751906540][2025/07/07-16:42:20][0][DEBUG] : get_zmq_message : get message of size 464034
[1751906540][2025/07/07-16:42:20][0][DEBUG] : [1751906540][2025/07/07-16:42:20][0][DEBUG] : get_zmq_message : get message of size 464034
[1751906540][2025/07/07-16:42:20][0][DEBUG] : [1751906540][2025/07/07-16:42:20][0][DEBUG] : get_zmq_message : get message of size 464034
[1751906540][2025/07/07-16:42:20][0][DEBUG] : [1751906540][2025/07/07-16:42:20][0][DEBUG] : get_zmq_message : get message of size 464034
[1751906540][2025/07/07-16:42:20][0][DEBUG] : [1751906540][2025/07/07-16:42:20][0][DEBUG] : get_zmq_message : get message of size 464034
[1751906540][2025/07/07-16:42:20][0][DEBUG] : [1751906540][2025/07/07-16:42:20][0][DEBUG] : get_zmq_message : get message of size 464034
[1751906540][2025/07/07-16:42:20][0][DEBUG] : [1751906540][2025/07/07-16:42:20][0][DEBUG] : get_zmq_message : get message of size 464034
[1751906540][2025/07/07-16:42:20][0][DEBUG] : [1751906540][2025/07/07-16:42:20][0][DEBUG] : get_zmq_message : get message of size 464034
[1751906540][2025/07/07-16:42:20][0][DEBUG] : [1751906540][2025/07/07-16:42:20][0][DEBUG] : get_zmq_message : get message of size 464034
[1751906540][2025/07/07-16:42:20][0][DEBUG] : [1751906540][2025/07/07-16:42:20][0][DEBUG] : get_zmq_message : get message of size 464034
[1751906540][2025/07/07-16:42:20][0][DEBUG] : [1751906540][2025/07/07-16:42:20][0][DEBUG] : get_zmq_message : get message of size 464034
[1751906540][2025/07/07-16:42:20][0][DEBUG] : [1751906540][2025/07/07-16:42:20][0][DEBUG] : get_zmq_message : get message of size 464034
[1751906540][2025/07/07-16:42:20][0][DEBUG] : [1751906540][2025/07/07-16:42:20][0][DEBUG] : get_zmq_message : get message of size 464034
[1751906540][2025/07/07-16:42:20][0][DEBUG] : [1751906540][2025/07/07-16:42:20][0][DEBUG] : get_zmq_message : get message of size 464034
[1751906540][2025/07/07-16:42:20][0][DEBUG] : [1751906540][2025/07/07-16:42:20][0][DEBUG] : get_zmq_message : get message of size 464034
[1751906540][2025/07/07-16:42:20][0][DEBUG] : [1751906540][2025/07/07-16:42:20][0][DEBUG] : get_zmq_message : get message of size 464034
[1751906540][2025/07/07-16:42:20][0][DEBUG] : [1751906540][2025/07/07-16:42:20][0][DEBUG] : get_zmq_message : get message of size 464034
[1751906540][2025/07/07-16:42:20][0][DEBUG] : [1751906540][2025/07/07-16:42:20][0][DEBUG] : get_zmq_message : get message of size 464034
[1751906540][2025/07/07-16:42:20][0][DEBUG] : [1751906540][2025/07/07-16:42:20][0][DEBUG] : get_zmq_message : get message of size 464034
[1751906540][2025/07/07-16:42:20][0][DEBUG] : [1751906540][2025/07/07-16:42:20][0][DEBUG] : get_zmq_message : get message of size 464034
[1751906540][2025/07/07-16:42:20][0][DEBUG] : [1751906540][2025/07/07-16:42:20][0][DEBUG] : get_zmq_message : get message of size 464034
[1751906540][2025/07/07-16:42:20][0][DEBUG] : [1751906540][2025/07/07-16:42:20][0][DEBUG] : get_zmq_message : get message of size 464034
[1751906540][2025/07/07-16:42:20][0][DEBUG] : [1751906540][2025/07/07-16:42:20][0][DEBUG] : get_zmq_message : get message of size 464034
[1751906540][2025/07/07-16:42:20][0][DEBUG] : [1751906540][2025/07/07-16:42:20][0][DEBUG] : get_zmq_message : get message of size 464034
[1751906540][2025/07/07-16:42:20][0][DEBUG] : [1751906540][2025/07/07-16:42:20][0][DEBUG] : get_zmq_message : get message of size 464034
[1751906540][2025/07/07-16:42:20][0][DEBUG] : [1751906540][2025/07/07-16:42:20][0][DEBUG] : get_zmq_message : get message of size 464034
[1751906540][2025/07/07-16:42:20][0][DEBUG] : [1751906540][2025/07/07-16:42:20][0][DEBUG] : get_zmq_message : get message of size 464034
[1751906540][2025/07/07-16:42:20][0][DEBUG] : [1751906540][2025/07/07-16:42:20][0][DEBUG] : get_zmq_message : get message of size 464034
[1751906540][2025/07/07-16:42:20][0][DEBUG] : [1751906540][2025/07/07-16:42:20][0][DEBUG] : get_zmq_message : get message of size 464034
[1751906540][2025/07/07-16:42:20][0][DEBUG] : [1751906540][2025/07/07-16:42:20][0][DEBUG] : get_zmq_message : get message of size 464034
[1751906540][2025/07/07-16:42:20][0][DEBUG] : [1751906540][2025/07/07-16:42:20][0][DEBUG] : get_zmq_message : get message of size 464034
[1751906540][2025/07/07-16:42:20][0][DEBUG] : [1751906540][2025/07/07-16:42:20][0][DEBUG] : get_zmq_message : get message of size 464034
[1751906540][2025/07/07-16:42:20][0][DEBUG] : [1751906540][2025/07/07-16:42:20][0][DEBUG] : get_zmq_message : get message of size 464034
[1751906540][2025/07/07-16:42:20][0][DEBUG] : [1751906540][2025/07/07-16:42:20][0][DEBUG] : get_zmq_message : get message of size 464034
[1751906540][2025/07/07-16:42:20][0][DEBUG] : [1751906540][2025/07/07-16:42:20][0][DEBUG] : get_zmq_message : get message of size 464034
[1751906540][2025/07/07-16:42:20][0][DEBUG] : [1751906540][2025/07/07-16:42:20][0][DEBUG] : get_zmq_message : get message of size 464034
[1751906540][2025/07/07-16:42:20][0][DEBUG] : [1751906540][2025/07/07-16:42:20][0][DEBUG] : get_zmq_message : get message of size 464034
[1751906540][2025/07/07-16:42:20][0][DEBUG] : [1751906540][2025/07/07-16:42:20][0][DEBUG] : get_zmq_message : get message of size 464034
[1751906540][2025/07/07-16:42:20][0][DEBUG] : [1751906540][2025/07/07-16:42:20][0][DEBUG] : get_zmq_message : get message of size 464034
[1751906540][2025/07/07-16:42:20][0][DEBUG] : [1751906540][2025/07/07-16:42:20][0][DEBUG] : get_zmq_message : get message of size 464034
[1751906540][2025/07/07-16:42:20][0][DEBUG] : [1751906540][2025/07/07-16:42:20][0][DEBUG] : get_zmq_message : get message of size 464034
[1751906540][2025/07/07-16:42:20][0][DEBUG] : [1751906540][2025/07/07-16:42:20][0][DEBUG] : get_zmq_message : get message of size 464034
[1751906540][2025/07/07-16:42:20][0][DEBUG] : [1751906540][2025/07/07-16:42:20][0][DEBUG] : get_zmq_message : get message of size 464034
[1751906540][2025/07/07-16:42:20][0][DEBUG] : [1751906540][2025/07/07-16:42:20][0][DEBUG] : get_zmq_message : get message of size 464034
[1751906540][2025/07/07-16:42:20][0][DEBUG] : [1751906540][2025/07/07-16:42:20][0][DEBUG] : get_zmq_message : get message of size 464034
[1751906540][2025/07/07-16:42:20][0][DEBUG] : [1751906540][2025/07/07-16:42:20][0][DEBUG] : get_zmq_message : get message of size 464034
[1751906540][2025/07/07-16:42:20][0][DEBUG] : [1751906540][2025/07/07-16:42:20][0][DEBUG] : get_zmq_message : get message of size 464034
[1751906540][2025/07/07-16:42:20][0][DEBUG] : [1751906540][2025/07/07-16:42:20][0][DEBUG] : get_zmq_message : get message of size 464034
[1751906540][2025/07/07-16:42:20][0][DEBUG] : [1751906540][2025/07/07-16:42:20][0][DEBUG] : get_zmq_message : get message of size 464034
[1751906540][2025/07/07-16:42:20][0][DEBUG] : [1751906540][2025/07/07-16:42:20][0][DEBUG] : get_zmq_message : get message of size 464034
[1751906540][2025/07/07-16:42:20][0][DEBUG] : [1751906540][2025/07/07-16:42:20][0][DEBUG] : get_zmq_message : get message of size 464034
[1751906540][2025/07/07-16:42:20][0][DEBUG] : [1751906540][2025/07/07-16:42:20][0][DEBUG] : get_zmq_message : get message of size 464034
[1751906540][2025/07/07-16:42:20][0][DEBUG] : [1751906540][2025/07/07-16:42:20][0][DEBUG] : get_zmq_message : get message of size 464034
[1751906540][2025/07/07-16:42:20][0][DEBUG] : [1751906540][2025/07/07-16:42:20][0][DEBUG] : get_zmq_message : get message of size 464034
[1751906540][2025/07/07-16:42:20][0][DEBUG] : [1751906540][2025/07/07-16:42:20][0][DEBUG] : get_zmq_message : get message of size 464034
[1751906540][2025/07/07-16:42:20][0][DEBUG] : [1751906540][2025/07/07-16:42:20][0][DEBUG] : get_zmq_message : get message of size 464034
[1751906540][2025/07/07-16:42:20][0][DEBUG] : [1751906540][2025/07/07-16:42:20][0][DEBUG] : get_zmq_message : get message of size 464034
[1751906540][2025/07/07-16:42:20][0][DEBUG] : [1751906540][2025/07/07-16:42:20][0][DEBUG] : get_zmq_message : get message of size 464034
[1751906540][2025/07/07-16:42:20][0][DEBUG] : [1751906540][2025/07/07-16:42:20][0][DEBUG] : get_zmq_message : get message of size 464034
[1751906540][2025/07/07-16:42:20][0][DEBUG] : [1751906540][2025/07/07-16:42:20][0][DEBUG] : get_zmq_message : get message of size 464034
[1751906540][2025/07/07-16:42:20][0][DEBUG] : [1751906540][2025/07/07-16:42:20][0][DEBUG] : get_zmq_message : get message of size 464034
[1751906540][2025/07/07-16:42:20][0][DEBUG] : [1751906540][2025/07/07-16:42:20][0][DEBUG] : get_zmq_message : get message of size 464034
[1751906540][2025/07/07-16:42:20][0][DEBUG] : [1751906540][2025/07/07-16:42:20][0][DEBUG] : get_zmq_message : get message of size 464034
[1751906540][2025/07/07-16:42:20][0][DEBUG] : [1751906540][2025/07/07-16:42:20][0][DEBUG] : get_zmq_message : get message of size 464034
[1751906540][2025/07/07-16:42:20][0][DEBUG] : [1751906540][2025/07/07-16:42:20][0][DEBUG] : get_zmq_message : get message of size 464034
[1751906540][2025/07/07-16:42:20][0][DEBUG] : [1751906540][2025/07/07-16:42:20][0][DEBUG] : get_zmq_message : get message of size 464034
[1751906540][2025/07/07-16:42:20][0][DEBUG] : [1751906540][2025/07/07-16:42:20][0][DEBUG] : get_zmq_message : get message of size 464034
[1751906540][2025/07/07-16:42:20][0][DEBUG] : [1751906540][2025/07/07-16:42:20][0][DEBUG] : get_zmq_message : get message of size 464034
[1751906540][2025/07/07-16:42:20][0][DEBUG] : [1751906540][2025/07/07-16:42:20][0][DEBUG] : get_zmq_message : get message of size 464034
[1751906540][2025/07/07-16:42:20][0][DEBUG] : [1751906540][2025/07/07-16:42:20][0][DEBUG] : get_zmq_message : get message of size 464034
[1751906540][2025/07/07-16:42:20][0][DEBUG] : [1751906540][2025/07/07-16:42:20][0][DEBUG] : get_zmq_message : get message of size 464034
[1751906540][2025/07/07-16:42:20][0][DEBUG] : [1751906540][2025/07/07-16:42:20][0][DEBUG] : get_zmq_message : get message of size 464034
[1751906540][2025/07/07-16:42:20][0][DEBUG] : [1751906540][2025/07/07-16:42:20][0][DEBUG] : get_zmq_message : get message of size 464034
[1751906540][2025/07/07-16:42:20][0][DEBUG] : [1751906540][2025/07/07-16:42:20][0][DEBUG] : get_zmq_message : get message of size 464034
[1751906540][2025/07/07-16:42:20][0][DEBUG] : [1751906540][2025/07/07-16:42:20][0][DEBUG] : get_zmq_message : get message of size 464034
[1751906540][2025/07/07-16:42:20][0][DEBUG] : [1751906540][2025/07/07-16:42:20][0][DEBUG] : get_zmq_message : get message of size 464034
[1751906540][2025/07/07-16:42:20][0][DEBUG] : [1751906540][2025/07/07-16:42:20][0][DEBUG] : get_zmq_message : get message of size 464034
[1751906540][2025/07/07-16:42:20][0][DEBUG] : [1751906540][2025/07/07-16:42:20][0][DEBUG] : get_zmq_message : get message of size 464034
[1751906540][2025/07/07-16:42:20][0][DEBUG] : [1751906540][2025/07/07-16:42:20][0][DEBUG] : get_zmq_message : get message of size 464034
[1751906540][2025/07/07-16:42:20][0][DEBUG] : [1751906540][2025/07/07-16:42:20][0][DEBUG] : get_zmq_message : get message of size 464034
[1751906540][2025/07/07-16:42:20][0][DEBUG] : [1751906540][2025/07/07-16:42:20][0][DEBUG] : get_zmq_message : get message of size 464034
[1751906540][2025/07/07-16:42:20][0][DEBUG] : [1751906540][2025/07/07-16:42:20][0][DEBUG] : get_zmq_message : get message of size 464034
[1751906540][2025/07/07-16:42:20][0][DEBUG] : [1751906540][2025/07/07-16:42:20][0][DEBUG] : get_zmq_message : get message of size 464034
[1751906540][2025/07/07-16:42:20][0][DEBUG] : [1751906540][2025/07/07-16:42:20][0][DEBUG] : get_zmq_message : get message of size 464034
[1751906540][2025/07/07-16:42:20][0][DEBUG] : [1751906540][2025/07/07-16:42:20][0][DEBUG] : get_zmq_message : get message of size 464034
[1751906540][2025/07/07-16:42:20][0][DEBUG] : [1751906540][2025/07/07-16:42:20][0][DEBUG] : get_zmq_message : get message of size 464034
[1751906540][2025/07/07-16:42:20][0][DEBUG] : [1751906540][2025/07/07-16:42:20][0][DEBUG] : get_zmq_message : get message of size 464034
[1751906540][2025/07/07-16:42:20][0][DEBUG] : [1751906540][2025/07/07-16:42:20][0][DEBUG] : get_zmq_message : get message of size 464034
[1751906540][2025/07/07-16:42:20][0][DEBUG] : [1751906540][2025/07/07-16:42:20][0][DEBUG] : get_zmq_message : get message of size 464034
[1751906540][2025/07/07-16:42:20][0][DEBUG] : [1751906540][2025/07/07-16:42:20][0][DEBUG] : get_zmq_message : get message of size 464034
[1751906540][2025/07/07-16:42:20][0][DEBUG] : [1751906540][2025/07/07-16:42:20][0][DEBUG] : get_zmq_message : get message of size 464034
[1751906540][2025/07/07-16:42:20][0][DEBUG] : [1751906540][2025/07/07-16:42:20][0][DEBUG] : get_zmq_message : get message of size 464034
[1751906540][2025/07/07-16:42:20][0][DEBUG] : [1751906540][2025/07/07-16:42:20][0][DEBUG] : get_zmq_message : get message of size 464034
[1751906540][2025/07/07-16:42:20][0][DEBUG] : [1751906540][2025/07/07-16:42:20][0][DEBUG] : get_zmq_message : get message of size 464034
[1751906540][2025/07/07-16:42:20][0][DEBUG] : [1751906540][2025/07/07-16:42:20][0][DEBUG] : get_zmq_message : get message of size 464034
[1751906540][2025/07/07-16:42:20][0][DEBUG] : [1751906540][2025/07/07-16:42:20][0][DEBUG] : get_zmq_message : get message of size 464034
[1751906540][2025/07/07-16:42:20][0][DEBUG] : [1751906540][2025/07/07-16:42:20][0][DEBUG] : get_zmq_message : get message of size 464034
[1751906540][2025/07/07-16:42:20][0][DEBUG] : [1751906540][2025/07/07-16:42:20][0][DEBUG] : get_zmq_message : get message of size 464034
[1751906540][2025/07/07-16:42:20][0][DEBUG] : [1751906540][2025/07/07-16:42:20][0][DEBUG] : get_zmq_message : get message of size 464034
[1751906540][2025/07/07-16:42:20][0][DEBUG] : [1751906540][2025/07/07-16:42:20][0][DEBUG] : get_zmq_message : get message of size 464034
[1751906540][2025/07/07-16:42:20][0][DEBUG] : [1751906540][2025/07/07-16:42:20][0][DEBUG] : get_zmq_message : get message of size 464034
[1751906540][2025/07/07-16:42:20][0][DEBUG] : [1751906540][2025/07/07-16:42:20][0][DEBUG] : get_zmq_message : get message of size 464034
[1751906540][2025/07/07-16:42:20][0][DEBUG] : [1751906540][2025/07/07-16:42:20][0][DEBUG] : get_zmq_message : get message of size 464034
[1751906540][2025/07/07-16:42:20][0][DEBUG] : [1751906540][2025/07/07-16:42:20][0][DEBUG] : get_zmq_message : get message of size 464034
[1751906540][2025/07/07-16:42:20][0][DEBUG] : [1751906540][2025/07/07-16:42:20][0][DEBUG] : get_zmq_message : get message of size 464034
[1751906540][2025/07/07-16:42:20][0][DEBUG] : [1751906540][2025/07/07-16:42:20][0][DEBUG] : get_zmq_message : get message of size 464034
[1751906540][2025/07/07-16:42:20][0][DEBUG] : [1751906540][2025/07/07-16:42:20][0][DEBUG] : get_zmq_message : get message of size 464034
[1751906540][2025/07/07-16:42:20][0][DEBUG] : [1751906540][2025/07/07-16:42:20][0][DEBUG] : get_zmq_message : get message of size 464034
[1751906540][2025/07/07-16:42:20][0][DEBUG] : [1751906540][2025/07/07-16:42:20][0][DEBUG] : get_zmq_message : get message of size 464034
[1751906540][2025/07/07-16:42:20][0][DEBUG] : [1751906540][2025/07/07-16:42:20][0][DEBUG] : get_zmq_message : get message of size 464034
[1751906540][2025/07/07-16:42:20][0][DEBUG] : [1751906540][2025/07/07-16:42:20][0][DEBUG] : get_zmq_message : get message of size 464034
[1751906540][2025/07/07-16:42:20][0][DEBUG] : [1751906540][2025/07/07-16:42:20][0][DEBUG] : get_zmq_message : get message of size 464034
[1751906540][2025/07/07-16:42:20][0][DEBUG] : [1751906540][2025/07/07-16:42:20][0][DEBUG] : get_zmq_message : get message of size 464034
[1751906540][2025/07/07-16:42:20][0][DEBUG] : [1751906540][2025/07/07-16:42:20][0][DEBUG] : get_zmq_message : get message of size 464034
[1751906540][2025/07/07-16:42:20][0][DEBUG] : [1751906540][2025/07/07-16:42:20][0][DEBUG] : get_zmq_message : get message of size 464034
[1751906540][2025/07/07-16:42:20][0][DEBUG] : [1751906540][2025/07/07-16:42:20][0][DEBUG] : get_zmq_message : get message of size 464034
[1751906540][2025/07/07-16:42:20][0][DEBUG] : [1751906540][2025/07/07-16:42:20][0][DEBUG] : get_zmq_message : get message of size 464034
[1751906540][2025/07/07-16:42:20][0][DEBUG] : [1751906540][2025/07/07-16:42:20][0][DEBUG] : get_zmq_message : get message of size 464034
[1751906540][2025/07/07-16:42:20][0][DEBUG] : [1751906540][2025/07/07-16:42:20][0][DEBUG] : get_zmq_message : get message of size 464034
[1751906540][2025/07/07-16:42:20][0][DEBUG] : [1751906540][2025/07/07-16:42:20][0][DEBUG] : get_zmq_message : get message of size 464034
[1751906540][2025/07/07-16:42:20][0][DEBUG] : [1751906540][2025/07/07-16:42:20][0][DEBUG] : get_zmq_message : get message of size 464034
[1751906540][2025/07/07-16:42:20][0][DEBUG] : [1751906540][2025/07/07-16:42:20][0][DEBUG] : get_zmq_message : get message of size 464034
[1751906540][2025/07/07-16:42:20][0][DEBUG] : [1751906540][2025/07/07-16:42:20][0][DEBUG] : get_zmq_message : get message of size 464034
[1751906540][2025/07/07-16:42:20][0][DEBUG] : [1751906540][2025/07/07-16:42:20][0][DEBUG] : get_zmq_message : get message of size 464034
[1751906540][2025/07/07-16:42:20][0][DEBUG] : [1751906540][2025/07/07-16:42:20][0][DEBUG] : get_zmq_message : get message of size 464034
[1751906540][2025/07/07-16:42:20][0][DEBUG] : [1751906540][2025/07/07-16:42:20][0][DEBUG] : get_zmq_message : get message of size 464034
[1751906540][2025/07/07-16:42:20][0][DEBUG] : [1751906540][2025/07/07-16:42:20][0][DEBUG] : get_zmq_message : get message of size 464034
[1751906540][2025/07/07-16:42:20][0][DEBUG] : [1751906540][2025/07/07-16:42:20][0][DEBUG] : get_zmq_message : get message of size 464034
[1751906540][2025/07/07-16:42:20][0][DEBUG] : [1751906540][2025/07/07-16:42:20][0][DEBUG] : get_zmq_message : get message of size 464034
[1751906540][2025/07/07-16:42:20][0][DEBUG] : [1751906540][2025/07/07-16:42:20][0][DEBUG] : get_zmq_message : get message of size 464034
[1751906540][2025/07/07-16:42:20][0][DEBUG] : [1751906540][2025/07/07-16:42:20][0][DEBUG] : get_zmq_message : get message of size 464034
[1751906540][2025/07/07-16:42:20][0][DEBUG] : [1751906540][2025/07/07-16:42:20][0][DEBUG] : get_zmq_message : get message of size 464034
[1751906540][2025/07/07-16:42:20][0][DEBUG] : [1751906540][2025/07/07-16:42:20][0][DEBUG] : get_zmq_message : get message of size 464034
[1751906540][2025/07/07-16:42:20][0][DEBUG] : [1751906540][2025/07/07-16:42:20][0][DEBUG] : get_zmq_message : get message of size 464034
[1751906540][2025/07/07-16:42:20][0][DEBUG] : [1751906540][2025/07/07-16:42:20][0][DEBUG] : get_zmq_message : get message of size 464034
[1751906540][2025/07/07-16:42:20][0][DEBUG] : [1751906540][2025/07/07-16:42:20][0][DEBUG] : get_zmq_message : get message of size 464034
[1751906540][2025/07/07-16:42:20][0][DEBUG] : [1751906540][2025/07/07-16:42:20][0][DEBUG] : get_zmq_message : get message of size 464034
[1751906540][2025/07/07-16:42:20][0][DEBUG] : [1751906540][2025/07/07-16:42:20][0][DEBUG] : get_zmq_message : get message of size 464034
[1751906540][2025/07/07-16:42:20][0][DEBUG] : [1751906540][2025/07/07-16:42:20][0][DEBUG] : get_zmq_message : get message of size 464034
[1751906540][2025/07/07-16:42:20][0][DEBUG] : [1751906540][2025/07/07-16:42:20][0][DEBUG] : get_zmq_message : get message of size 464034
[1751906540][2025/07/07-16:42:20][0][DEBUG] : [1751906540][2025/07/07-16:42:20][0][DEBUG] : get_zmq_message : get message of size 464034
[1751906540][2025/07/07-16:42:20][0][DEBUG] : [1751906540][2025/07/07-16:42:20][0][DEBUG] : get_zmq_message : get message of size 464034
[1751906540][2025/07/07-16:42:20][0][DEBUG] : [1751906540][2025/07/07-16:42:20][0][DEBUG] : get_zmq_message : get message of size 464034
[1751906540][2025/07/07-16:42:20][0][DEBUG] : [1751906540][2025/07/07-16:42:20][0][DEBUG] : get_zmq_message : get message of size 464034
[1751906540][2025/07/07-16:42:20][0][DEBUG] : [1751906540][2025/07/07-16:42:20][0][DEBUG] : get_zmq_message : get message of size 464034
[1751906540][2025/07/07-16:42:20][0][DEBUG] : [1751906540][2025/07/07-16:42:20][0][DEBUG] : get_zmq_message : get message of size 464034
[1751906540][2025/07/07-16:42:20][0][DEBUG] : [1751906540][2025/07/07-16:42:20][0][DEBUG] : get_zmq_message : get message of size 464034
[1751906540][2025/07/07-16:42:20][0][DEBUG] : [1751906540][2025/07/07-16:42:20][0][DEBUG] : get_zmq_message : get message of size 464034
[1751906540][2025/07/07-16:42:20][0][DEBUG] : [1751906540][2025/07/07-16:42:20][0][DEBUG] : get_zmq_message : get message of size 464034
[1751906540][2025/07/07-16:42:20][0][DEBUG] : [1751906540][2025/07/07-16:42:20][0][DEBUG] : get_zmq_message : get message of size 464034
[1751906540][2025/07/07-16:42:20][0][DEBUG] : [1751906540][2025/07/07-16:42:20][0][DEBUG] : get_zmq_message : get message of size 464034
[1751906540][2025/07/07-16:42:20][0][DEBUG] : [1751906540][2025/07/07-16:42:20][0][DEBUG] : get_zmq_message : get message of size 464034
[1751906540][2025/07/07-16:42:20][0][DEBUG] : [1751906540][2025/07/07-16:42:20][0][DEBUG] : get_zmq_message : get message of size 464034
[1751906540][2025/07/07-16:42:20][0][DEBUG] : [1751906540][2025/07/07-16:42:20][0][DEBUG] : get_zmq_message : get message of size 464034
[1751906540][2025/07/07-16:42:20][0][DEBUG] : [1751906540][2025/07/07-16:42:20][0][DEBUG] : get_zmq_message : get message of size 464034
[1751906540][2025/07/07-16:42:20][0][DEBUG] : [1751906540][2025/07/07-16:42:20][0][DEBUG] : get_zmq_message : get message of size 464034
[1751906540][2025/07/07-16:42:20][0][DEBUG] : [1751906540][2025/07/07-16:42:20][0][DEBUG] : get_zmq_message : get message of size 464034
[1751906540][2025/07/07-16:42:20][0][DEBUG] : [1751906540][2025/07/07-16:42:20][0][DEBUG] : get_zmq_message : get message of size 464034
[1751906540][2025/07/07-16:42:20][0][DEBUG] : [1751906540][2025/07/07-16:42:20][0][DEBUG] : get_zmq_message : get message of size 464034
[1751906540][2025/07/07-16:42:20][0][DEBUG] : [1751906540][2025/07/07-16:42:20][0][DEBUG] : get_zmq_message : get message of size 464034
[1751906540][2025/07/07-16:42:20][0][DEBUG] : [1751906540][2025/07/07-16:42:20][0][DEBUG] : get_zmq_message : get message of size 464034
[1751906540][2025/07/07-16:42:20][0][DEBUG] : [1751906540][2025/07/07-16:42:20][0][DEBUG] : get_zmq_message : get message of size 464034
[1751906540][2025/07/07-16:42:20][0][DEBUG] : [1751906540][2025/07/07-16:42:20][0][DEBUG] : get_zmq_message : get message of size 464034
[1751906540][2025/07/07-16:42:20][0][DEBUG] : [1751906540][2025/07/07-16:42:20][0][DEBUG] : get_zmq_message : get message of size 464034
[1751906540][2025/07/07-16:42:20][0][DEBUG] : [1751906540][2025/07/07-16:42:20][0][DEBUG] : get_zmq_message : get message of size 464034
[1751906540][2025/07/07-16:42:20][0][DEBUG] : [1751906540][2025/07/07-16:42:20][0][DEBUG] : get_zmq_message : get message of size 464034
[1751906540][2025/07/07-16:42:20][0][DEBUG] : [1751906540][2025/07/07-16:42:20][0][DEBUG] : get_zmq_message : get message of size 464034
[1751906540][2025/07/07-16:42:20][0][DEBUG] : [1751906540][2025/07/07-16:42:20][0][DEBUG] : get_zmq_message : get message of size 464034
[1751906540][2025/07/07-16:42:20][0][DEBUG] : [1751906540][2025/07/07-16:42:20][0][DEBUG] : get_zmq_message : get message of size 464034
[1751906540][2025/07/07-16:42:20][0][DEBUG] : [1751906540][2025/07/07-16:42:20][0][DEBUG] : get_zmq_message : get message of size 464034
[1751906540][2025/07/07-16:42:20][0][DEBUG] : [1751906540][2025/07/07-16:42:20][0][DEBUG] : get_zmq_message : get message of size 464034
[1751906540][2025/07/07-16:42:20][0][DEBUG] : [1751906540][2025/07/07-16:42:20][0][DEBUG] : get_zmq_message : get message of size 464034
[1751906540][2025/07/07-16:42:20][0][DEBUG] : [1751906540][2025/07/07-16:42:20][0][DEBUG] : get_zmq_message : get message of size 464034
[1751906540][2025/07/07-16:42:20][0][DEBUG] : [1751906540][2025/07/07-16:42:20][0][DEBUG] : get_zmq_message : get message of size 464034
[1751906540][2025/07/07-16:42:20][0][DEBUG] : [1751906540][2025/07/07-16:42:20][0][DEBUG] : get_zmq_message : get message of size 464034
[1751906540][2025/07/07-16:42:20][0][DEBUG] : [1751906540][2025/07/07-16:42:20][0][DEBUG] : get_zmq_message : get message of size 464034
[1751906540][2025/07/07-16:42:20][0][DEBUG] : [1751906540][2025/07/07-16:42:20][0][DEBUG] : get_zmq_message : get message of size 464034
[1751906540][2025/07/07-16:42:20][0][DEBUG] : [1751906540][2025/07/07-16:42:20][0][DEBUG] : get_zmq_message : get message of size 464034
[1751906540][2025/07/07-16:42:20][0][DEBUG] : [1751906540][2025/07/07-16:42:20][0][DEBUG] : get_zmq_message : get message of size 464034
[1751906540][2025/07/07-16:42:20][0][DEBUG] : [1751906540][2025/07/07-16:42:20][0][DEBUG] : get_zmq_message : get message of size 464034
[1751906540][2025/07/07-16:42:20][0][DEBUG] : [1751906540][2025/07/07-16:42:20][0][DEBUG] : get_zmq_message : get message of size 464034
[1751906540][2025/07/07-16:42:20][0][DEBUG] : [1751906540][2025/07/07-16:42:20][0][DEBUG] : get_zmq_message : get message of size 464034
[1751906540][2025/07/07-16:42:20][0][DEBUG] : [1751906540][2025/07/07-16:42:20][0][DEBUG] : get_zmq_message : get message of size 464034
[1751906540][2025/07/07-16:42:20][0][DEBUG] : [1751906540][2025/07/07-16:42:20][0][DEBUG] : get_zmq_message : get message of size 464034
[1751906540][2025/07/07-16:42:20][0][DEBUG] : [1751906540][2025/07/07-16:42:20][0][DEBUG] : get_zmq_message : get message of size 464034
[1751906540][2025/07/07-16:42:20][0][DEBUG] : [1751906540][2025/07/07-16:42:20][0][DEBUG] : get_zmq_message : get message of size 464034
[1751906540][2025/07/07-16:42:20][0][DEBUG] : [1751906540][2025/07/07-16:42:20][0][DEBUG] : get_zmq_message : get message of size 464034
[1751906540][2025/07/07-16:42:20][0][DEBUG] : [1751906540][2025/07/07-16:42:20][0][DEBUG] : get_zmq_message : get message of size 464034
[1751906540][2025/07/07-16:42:20][0][DEBUG] : [1751906540][2025/07/07-16:42:20][0][DEBUG] : get_zmq_message : get message of size 464034
[1751906540][2025/07/07-16:42:20][0][DEBUG] : [1751906540][2025/07/07-16:42:20][0][DEBUG] : get_zmq_message : get message of size 464034
[1751906540][2025/07/07-16:42:20][0][DEBUG] : [1751906540][2025/07/07-16:42:20][0][DEBUG] : get_zmq_message : get message of size 464034
[1751906540][2025/07/07-16:42:20][0][DEBUG] : [1751906540][2025/07/07-16:42:20][0][DEBUG] : get_zmq_message : get message of size 464034
[1751906540][2025/07/07-16:42:20][0][DEBUG] : [1751906540][2025/07/07-16:42:20][0][DEBUG] : get_zmq_message : get message of size 464034
[1751906540][2025/07/07-16:42:20][0][DEBUG] : [1751906540][2025/07/07-16:42:20][0][DEBUG] : get_zmq_message : get message of size 464034
[1751906540][2025/07/07-16:42:20][0][DEBUG] : [1751906540][2025/07/07-16:42:20][0][DEBUG] : get_zmq_message : get message of size 464034
[1751906540][2025/07/07-16:42:20][0][DEBUG] : [1751906540][2025/07/07-16:42:20][0][DEBUG] : get_zmq_message : get message of size 464034
[1751906540][2025/07/07-16:42:20][0][DEBUG] : [1751906540][2025/07/07-16:42:20][0][DEBUG] : get_zmq_message : get message of size 464034
[1751906540][2025/07/07-16:42:20][0][DEBUG] : [1751906540][2025/07/07-16:42:20][0][DEBUG] : get_zmq_message : get message of size 464034
[1751906540][2025/07/07-16:42:20][0][DEBUG] : [1751906540][2025/07/07-16:42:20][0][DEBUG] : get_zmq_message : get message of size 464034
[1751906540][2025/07/07-16:42:20][0][DEBUG] : [1751906540][2025/07/07-16:42:20][0][DEBUG] : get_zmq_message : get message of size 464034
[1751906540][2025/07/07-16:42:20][0][DEBUG] : [1751906540][2025/07/07-16:42:20][0][DEBUG] : get_zmq_message : get message of size 464034
[1751906540][2025/07/07-16:42:20][0][DEBUG] : [1751906540][2025/07/07-16:42:20][0][DEBUG] : get_zmq_message : get message of size 464034
[1751906540][2025/07/07-16:42:20][0][DEBUG] : [1751906540][2025/07/07-16:42:20][0][DEBUG] : get_zmq_message : get message of size 464034
[1751906540][2025/07/07-16:42:20][0][DEBUG] : [1751906540][2025/07/07-16:42:20][0][DEBUG] : get_zmq_message : get message of size 464034
[1751906540][2025/07/07-16:42:20][0][DEBUG] : [1751906540][2025/07/07-16:42:20][0][DEBUG] : get_zmq_message : get message of size 464034
[1751906540][2025/07/07-16:42:20][0][DEBUG] : [1751906540][2025/07/07-16:42:20][0][DEBUG] : get_zmq_message : get message of size 464034
[1751906540][2025/07/07-16:42:20][0][DEBUG] : [1751906540][2025/07/07-16:42:20][0][DEBUG] : get_zmq_message : get message of size 464034
[1751906540][2025/07/07-16:42:20][0][DEBUG] : [1751906540][2025/07/07-16:42:20][0][DEBUG] : get_zmq_message : get message of size 464034
[1751906540][2025/07/07-16:42:20][0][DEBUG] : [1751906540][2025/07/07-16:42:20][0][DEBUG] : get_zmq_message : get message of size 464034
[1751906540][2025/07/07-16:42:20][0][DEBUG] : [1751906540][2025/07/07-16:42:20][0][DEBUG] : get_zmq_message : get message of size 464034
[1751906540][2025/07/07-16:42:20][0][DEBUG] : [1751906540][2025/07/07-16:42:20][0][DEBUG] : get_zmq_message : get message of size 464034
[1751906540][2025/07/07-16:42:20][0][DEBUG] : [1751906540][2025/07/07-16:42:20][0][DEBUG] : get_zmq_message : get message of size 464034
[1751906540][2025/07/07-16:42:20][0][DEBUG] : [1751906540][2025/07/07-16:42:20][0][DEBUG] : get_zmq_message : get message of size 464034
[1751906540][2025/07/07-16:42:20][0][DEBUG] : [1751906540][2025/07/07-16:42:20][0][DEBUG] : get_zmq_message : get message of size 464034
[1751906540][2025/07/07-16:42:20][0][DEBUG] : [1751906540][2025/07/07-16:42:20][0][DEBUG] : get_zmq_message : get message of size 464034
[1751906540][2025/07/07-16:42:20][0][DEBUG] : [1751906540][2025/07/07-16:42:20][0][DEBUG] : get_zmq_message : get message of size 464034
[1751906540][2025/07/07-16:42:20][0][DEBUG] : [1751906540][2025/07/07-16:42:20][0][DEBUG] : get_zmq_message : get message of size 464034
[1751906540][2025/07/07-16:42:20][0][DEBUG] : [1751906540][2025/07/07-16:42:20][0][DEBUG] : get_zmq_message : get message of size 464034
[1751906540][2025/07/07-16:42:20][0][DEBUG] : [1751906540][2025/07/07-16:42:20][0][DEBUG] : get_zmq_message : get message of size 464034
[1751906540][2025/07/07-16:42:20][0][DEBUG] : [1751906540][2025/07/07-16:42:20][0][DEBUG] : get_zmq_message : get message of size 464034
[1751906540][2025/07/07-16:42:20][0][DEBUG] : [1751906540][2025/07/07-16:42:20][0][DEBUG] : get_zmq_message : get message of size 464034
[1751906540][2025/07/07-16:42:20][0][DEBUG] : [1751906540][2025/07/07-16:42:20][0][DEBUG] : get_zmq_message : get message of size 464034
[1751906540][2025/07/07-16:42:20][0][DEBUG] : [1751906540][2025/07/07-16:42:20][0][DEBUG] : get_zmq_message : get message of size 464034
[1751906540][2025/07/07-16:42:20][0][DEBUG] : [1751906540][2025/07/07-16:42:20][0][DEBUG] : get_zmq_message : get message of size 464034
[1751906540][2025/07/07-16:42:20][0][DEBUG] : [1751906540][2025/07/07-16:42:20][0][DEBUG] : get_zmq_message : get message of size 464034
[1751906540][2025/07/07-16:42:20][0][DEBUG] : [1751906541][2025/07/07-16:42:21][0][DEBUG] : get_zmq_message : get message of size 464034
[1751906541][2025/07/07-16:42:21][0][DEBUG] : [1751906541][2025/07/07-16:42:21][0][DEBUG] : get_zmq_message : get message of size 464034
[1751906541][2025/07/07-16:42:21][0][DEBUG] : [1751906541][2025/07/07-16:42:21][0][DEBUG] : get_zmq_message : get message of size 464034
[1751906541][2025/07/07-16:42:21][0][DEBUG] : [1751906541][2025/07/07-16:42:21][0][DEBUG] : get_zmq_message : get message of size 464034
[1751906541][2025/07/07-16:42:21][0][DEBUG] : [1751906541][2025/07/07-16:42:21][0][DEBUG] : get_zmq_message : get message of size 464034
[1751906541][2025/07/07-16:42:21][0][DEBUG] : [1751906541][2025/07/07-16:42:21][0][DEBUG] : get_zmq_message : get message of size 464034
[1751906541][2025/07/07-16:42:21][0][DEBUG] : [1751906541][2025/07/07-16:42:21][0][DEBUG] : get_zmq_message : get message of size 464034
[1751906541][2025/07/07-16:42:21][0][DEBUG] : [1751906541][2025/07/07-16:42:21][0][DEBUG] : get_zmq_message : get message of size 464034
[1751906541][2025/07/07-16:42:21][0][DEBUG] : [1751906541][2025/07/07-16:42:21][0][DEBUG] : get_zmq_message : get message of size 464034
[1751906541][2025/07/07-16:42:21][0][DEBUG] : [1751906541][2025/07/07-16:42:21][0][DEBUG] : get_zmq_message : get message of size 464034
[1751906541][2025/07/07-16:42:21][0][DEBUG] : [1751906541][2025/07/07-16:42:21][0][DEBUG] : get_zmq_message : get message of size 464034
[1751906541][2025/07/07-16:42:21][0][DEBUG] : [1751906541][2025/07/07-16:42:21][0][DEBUG] : get_zmq_message : get message of size 464034
[1751906541][2025/07/07-16:42:21][0][DEBUG] : [1751906541][2025/07/07-16:42:21][0][DEBUG] : get_zmq_message : get message of size 464034
[1751906541][2025/07/07-16:42:21][0][DEBUG] : [1751906541][2025/07/07-16:42:21][0][DEBUG] : get_zmq_message : get message of size 464034
[1751906541][2025/07/07-16:42:21][0][DEBUG] : [1751906541][2025/07/07-16:42:21][0][DEBUG] : get_zmq_message : get message of size 464034
[1751906541][2025/07/07-16:42:21][0][DEBUG] : [1751906541][2025/07/07-16:42:21][0][DEBUG] : get_zmq_message : get message of size 464034
[1751906541][2025/07/07-16:42:21][0][DEBUG] : [1751906541][2025/07/07-16:42:21][0][DEBUG] : get_zmq_message : get message of size 464034
[1751906541][2025/07/07-16:42:21][0][DEBUG] : [1751906541][2025/07/07-16:42:21][0][DEBUG] : get_zmq_message : get message of size 464034
[1751906541][2025/07/07-16:42:21][0][DEBUG] : [1751906541][2025/07/07-16:42:21][0][DEBUG] : get_zmq_message : get message of size 464034
[1751906541][2025/07/07-16:42:21][0][DEBUG] : [1751906541][2025/07/07-16:42:21][0][DEBUG] : get_zmq_message : get message of size 464034
[1751906541][2025/07/07-16:42:21][0][DEBUG] : [1751906541][2025/07/07-16:42:21][0][DEBUG] : get_zmq_message : get message of size 464034
[1751906541][2025/07/07-16:42:21][0][DEBUG] : [1751906541][2025/07/07-16:42:21][0][DEBUG] : get_zmq_message : get message of size 464034
[1751906541][2025/07/07-16:42:21][0][DEBUG] : [1751906541][2025/07/07-16:42:21][0][DEBUG] : get_zmq_message : get message of size 464034
[1751906541][2025/07/07-16:42:21][0][DEBUG] : [1751906541][2025/07/07-16:42:21][0][DEBUG] : get_zmq_message : get message of size 464034
[1751906541][2025/07/07-16:42:21][0][DEBUG] : [1751906541][2025/07/07-16:42:21][0][DEBUG] : get_zmq_message : get message of size 464034
[1751906541][2025/07/07-16:42:21][0][DEBUG] : [1751906541][2025/07/07-16:42:21][0][DEBUG] : get_zmq_message : get message of size 464034
[1751906541][2025/07/07-16:42:21][0][DEBUG] : [1751906541][2025/07/07-16:42:21][0][DEBUG] : get_zmq_message : get message of size 464034
[1751906541][2025/07/07-16:42:21][0][DEBUG] : [1751906541][2025/07/07-16:42:21][0][DEBUG] : get_zmq_message : get message of size 464034
[1751906541][2025/07/07-16:42:21][0][DEBUG] : [1751906541][2025/07/07-16:42:21][0][DEBUG] : get_zmq_message : get message of size 464034
[1751906541][2025/07/07-16:42:21][0][DEBUG] : [1751906541][2025/07/07-16:42:21][0][DEBUG] : get_zmq_message : get message of size 464034
[1751906541][2025/07/07-16:42:21][0][DEBUG] : [1751906541][2025/07/07-16:42:21][0][DEBUG] : get_zmq_message : get message of size 464034
[1751906541][2025/07/07-16:42:21][0][DEBUG] : [1751906541][2025/07/07-16:42:21][0][DEBUG] : get_zmq_message : get message of size 464034
[1751906541][2025/07/07-16:42:21][0][DEBUG] : [1751906541][2025/07/07-16:42:21][0][DEBUG] : get_zmq_message : get message of size 464034
[1751906541][2025/07/07-16:42:21][0][DEBUG] : [1751906541][2025/07/07-16:42:21][0][DEBUG] : get_zmq_message : get message of size 464034
[1751906541][2025/07/07-16:42:21][0][DEBUG] : [1751906541][2025/07/07-16:42:21][0][DEBUG] : get_zmq_message : get message of size 464034
[1751906541][2025/07/07-16:42:21][0][DEBUG] : [1751906541][2025/07/07-16:42:21][0][DEBUG] : get_zmq_message : get message of size 464034
[1751906541][2025/07/07-16:42:21][0][DEBUG] : [1751906541][2025/07/07-16:42:21][0][DEBUG] : get_zmq_message : get message of size 464034
[1751906541][2025/07/07-16:42:21][0][DEBUG] : [1751906541][2025/07/07-16:42:21][0][DEBUG] : get_zmq_message : get message of size 464034
[1751906541][2025/07/07-16:42:21][0][DEBUG] : [1751906541][2025/07/07-16:42:21][0][DEBUG] : get_zmq_message : get message of size 464034
[1751906541][2025/07/07-16:42:21][0][DEBUG] : [1751906541][2025/07/07-16:42:21][0][DEBUG] : get_zmq_message : get message of size 464034
[1751906541][2025/07/07-16:42:21][0][DEBUG] : [1751906541][2025/07/07-16:42:21][0][DEBUG] : get_zmq_message : get message of size 464034
[1751906541][2025/07/07-16:42:21][0][DEBUG] : [1751906541][2025/07/07-16:42:21][0][DEBUG] : get_zmq_message : get message of size 464034
[1751906541][2025/07/07-16:42:21][0][DEBUG] : [1751906541][2025/07/07-16:42:21][0][DEBUG] : get_zmq_message : get message of size 464034
[1751906541][2025/07/07-16:42:21][0][DEBUG] : [1751906541][2025/07/07-16:42:21][0][DEBUG] : get_zmq_message : get message of size 464034
[1751906541][2025/07/07-16:42:21][0][DEBUG] : [1751906541][2025/07/07-16:42:21][0][DEBUG] : get_zmq_message : get message of size 464034
[1751906541][2025/07/07-16:42:21][0][DEBUG] : [1751906541][2025/07/07-16:42:21][0][DEBUG] : get_zmq_message : get message of size 464034
[1751906541][2025/07/07-16:42:21][0][DEBUG] : [1751906541][2025/07/07-16:42:21][0][DEBUG] : get_zmq_message : get message of size 464034
[1751906541][2025/07/07-16:42:21][0][DEBUG] : [1751906541][2025/07/07-16:42:21][0][DEBUG] : get_zmq_message : get message of size 464034
[1751906541][2025/07/07-16:42:21][0][DEBUG] : [1751906541][2025/07/07-16:42:21][0][DEBUG] : get_zmq_message : get message of size 464034
[1751906541][2025/07/07-16:42:21][0][DEBUG] : [1751906541][2025/07/07-16:42:21][0][DEBUG] : get_zmq_message : get message of size 464034
[1751906541][2025/07/07-16:42:21][0][DEBUG] : [1751906541][2025/07/07-16:42:21][0][DEBUG] : get_zmq_message : get message of size 464034
[1751906541][2025/07/07-16:42:21][0][DEBUG] : [1751906541][2025/07/07-16:42:21][0][DEBUG] : get_zmq_message : get message of size 464034
[1751906541][2025/07/07-16:42:21][0][DEBUG] : [1751906541][2025/07/07-16:42:21][0][DEBUG] : get_zmq_message : get message of size 464034
[1751906541][2025/07/07-16:42:21][0][DEBUG] : [1751906541][2025/07/07-16:42:21][0][DEBUG] : get_zmq_message : get message of size 464034
[1751906541][2025/07/07-16:42:21][0][DEBUG] : [1751906541][2025/07/07-16:42:21][0][DEBUG] : get_zmq_message : get message of size 464034
[1751906541][2025/07/07-16:42:21][0][DEBUG] : [1751906541][2025/07/07-16:42:21][0][DEBUG] : get_zmq_message : get message of size 464034
[1751906541][2025/07/07-16:42:21][0][DEBUG] : [1751906541][2025/07/07-16:42:21][0][DEBUG] : get_zmq_message : get message of size 464034
[1751906541][2025/07/07-16:42:21][0][DEBUG] : [1751906541][2025/07/07-16:42:21][0][DEBUG] : get_zmq_message : get message of size 464034
[1751906541][2025/07/07-16:42:21][0][DEBUG] : [1751906541][2025/07/07-16:42:21][0][DEBUG] : get_zmq_message : get message of size 464034
[1751906541][2025/07/07-16:42:21][0][DEBUG] : [1751906541][2025/07/07-16:42:21][0][DEBUG] : get_zmq_message : get message of size 464034
[1751906541][2025/07/07-16:42:21][0][DEBUG] : [1751906541][2025/07/07-16:42:21][0][DEBUG] : get_zmq_message : get message of size 464034
[1751906541][2025/07/07-16:42:21][0][DEBUG] : [1751906541][2025/07/07-16:42:21][0][DEBUG] : get_zmq_message : get message of size 464034
[1751906541][2025/07/07-16:42:21][0][DEBUG] : [1751906541][2025/07/07-16:42:21][0][DEBUG] : get_zmq_message : get message of size 464034
[1751906541][2025/07/07-16:42:21][0][DEBUG] : [1751906541][2025/07/07-16:42:21][0][DEBUG] : get_zmq_message : get message of size 464034
[1751906541][2025/07/07-16:42:21][0][DEBUG] : [1751906541][2025/07/07-16:42:21][0][DEBUG] : get_zmq_message : get message of size 464034
[1751906541][2025/07/07-16:42:21][0][DEBUG] : [1751906541][2025/07/07-16:42:21][0][DEBUG] : get_zmq_message : get message of size 464034
[1751906541][2025/07/07-16:42:21][0][DEBUG] : [1751906541][2025/07/07-16:42:21][0][DEBUG] : get_zmq_message : get message of size 464034
[1751906541][2025/07/07-16:42:21][0][DEBUG] : [1751906541][2025/07/07-16:42:21][0][DEBUG] : get_zmq_message : get message of size 464034
[1751906541][2025/07/07-16:42:21][0][DEBUG] : [1751906541][2025/07/07-16:42:21][0][DEBUG] : get_zmq_message : get message of size 464034
[1751906541][2025/07/07-16:42:21][0][DEBUG] : [1751906541][2025/07/07-16:42:21][0][DEBUG] : get_zmq_message : get message of size 464034
[1751906541][2025/07/07-16:42:21][0][DEBUG] : [1751906541][2025/07/07-16:42:21][0][DEBUG] : get_zmq_message : get message of size 464034
[1751906541][2025/07/07-16:42:21][0][DEBUG] : [1751906541][2025/07/07-16:42:21][0][DEBUG] : get_zmq_message : get message of size 464034
[1751906541][2025/07/07-16:42:21][0][DEBUG] : [1751906541][2025/07/07-16:42:21][0][DEBUG] : get_zmq_message : get message of size 464034
[1751906541][2025/07/07-16:42:21][0][DEBUG] : [1751906541][2025/07/07-16:42:21][0][DEBUG] : get_zmq_message : get message of size 464034
[1751906541][2025/07/07-16:42:21][0][DEBUG] : [1751906541][2025/07/07-16:42:21][0][DEBUG] : get_zmq_message : get message of size 464034
[1751906541][2025/07/07-16:42:21][0][DEBUG] : [1751906541][2025/07/07-16:42:21][0][DEBUG] : get_zmq_message : get message of size 464034
[1751906541][2025/07/07-16:42:21][0][DEBUG] : [1751906541][2025/07/07-16:42:21][0][DEBUG] : get_zmq_message : get message of size 464034
[1751906541][2025/07/07-16:42:21][0][DEBUG] : [1751906541][2025/07/07-16:42:21][0][DEBUG] : get_zmq_message : get message of size 464034
[1751906541][2025/07/07-16:42:21][0][DEBUG] : [1751906541][2025/07/07-16:42:21][0][DEBUG] : get_zmq_message : get message of size 464034
[1751906541][2025/07/07-16:42:21][0][DEBUG] : [1751906541][2025/07/07-16:42:21][0][DEBUG] : get_zmq_message : get message of size 464034
[1751906541][2025/07/07-16:42:21][0][DEBUG] : [1751906541][2025/07/07-16:42:21][0][DEBUG] : get_zmq_message : get message of size 464034
[1751906541][2025/07/07-16:42:21][0][DEBUG] : [1751906541][2025/07/07-16:42:21][0][DEBUG] : get_zmq_message : get message of size 464034
[1751906541][2025/07/07-16:42:21][0][DEBUG] : [1751906541][2025/07/07-16:42:21][0][DEBUG] : get_zmq_message : get message of size 464034
[1751906541][2025/07/07-16:42:21][0][DEBUG] : [1751906541][2025/07/07-16:42:21][0][DEBUG] : get_zmq_message : get message of size 464034
[1751906541][2025/07/07-16:42:21][0][DEBUG] : [1751906541][2025/07/07-16:42:21][0][DEBUG] : get_zmq_message : get message of size 464034
[1751906541][2025/07/07-16:42:21][0][DEBUG] : [1751906541][2025/07/07-16:42:21][0][DEBUG] : get_zmq_message : get message of size 464034
[1751906541][2025/07/07-16:42:21][0][DEBUG] : [1751906541][2025/07/07-16:42:21][0][DEBUG] : get_zmq_message : get message of size 464034
[1751906541][2025/07/07-16:42:21][0][DEBUG] : [1751906541][2025/07/07-16:42:21][0][DEBUG] : get_zmq_message : get message of size 464034
[1751906541][2025/07/07-16:42:21][0][DEBUG] : [1751906541][2025/07/07-16:42:21][0][DEBUG] : get_zmq_message : get message of size 464034
[1751906541][2025/07/07-16:42:21][0][DEBUG] : [1751906541][2025/07/07-16:42:21][0][DEBUG] : get_zmq_message : get message of size 464034
[1751906541][2025/07/07-16:42:21][0][DEBUG] : [1751906541][2025/07/07-16:42:21][0][DEBUG] : get_zmq_message : get message of size 464034
[1751906541][2025/07/07-16:42:21][0][DEBUG] : [1751906541][2025/07/07-16:42:21][0][DEBUG] : get_zmq_message : get message of size 464034
[1751906541][2025/07/07-16:42:21][0][DEBUG] : [1751906541][2025/07/07-16:42:21][0][DEBUG] : get_zmq_message : get message of size 464034
[1751906541][2025/07/07-16:42:21][0][DEBUG] : [1751906541][2025/07/07-16:42:21][0][DEBUG] : get_zmq_message : get message of size 464034
[1751906541][2025/07/07-16:42:21][0][DEBUG] : [1751906541][2025/07/07-16:42:21][0][DEBUG] : get_zmq_message : get message of size 464034
[1751906541][2025/07/07-16:42:21][0][DEBUG] : [1751906541][2025/07/07-16:42:21][0][DEBUG] : get_zmq_message : get message of size 464034
[1751906541][2025/07/07-16:42:21][0][DEBUG] : [1751906541][2025/07/07-16:42:21][0][DEBUG] : get_zmq_message : get message of size 464034
[1751906541][2025/07/07-16:42:21][0][DEBUG] : [1751906541][2025/07/07-16:42:21][0][DEBUG] : get_zmq_message : get message of size 464034
[1751906541][2025/07/07-16:42:21][0][DEBUG] : [1751906541][2025/07/07-16:42:21][0][DEBUG] : get_zmq_message : get message of size 464034
[1751906541][2025/07/07-16:42:21][0][DEBUG] : [1751906541][2025/07/07-16:42:21][0][DEBUG] : get_zmq_message : get message of size 464034
[1751906541][2025/07/07-16:42:21][0][DEBUG] : [1751906541][2025/07/07-16:42:21][0][DEBUG] : get_zmq_message : get message of size 464034
[1751906541][2025/07/07-16:42:21][0][DEBUG] : [1751906541][2025/07/07-16:42:21][0][DEBUG] : get_zmq_message : get message of size 464034
[1751906541][2025/07/07-16:42:21][0][DEBUG] : [1751906541][2025/07/07-16:42:21][0][DEBUG] : get_zmq_message : get message of size 464034
[1751906541][2025/07/07-16:42:21][0][DEBUG] : [1751906541][2025/07/07-16:42:21][0][DEBUG] : get_zmq_message : get message of size 464034
[1751906541][2025/07/07-16:42:21][0][DEBUG] : [1751906541][2025/07/07-16:42:21][0][DEBUG] : get_zmq_message : get message of size 464034
[1751906541][2025/07/07-16:42:21][0][DEBUG] : [1751906541][2025/07/07-16:42:21][0][DEBUG] : get_zmq_message : get message of size 464034
[1751906541][2025/07/07-16:42:21][0][DEBUG] : [1751906541][2025/07/07-16:42:21][0][DEBUG] : get_zmq_message : get message of size 464034
[1751906541][2025/07/07-16:42:21][0][DEBUG] : [1751906541][2025/07/07-16:42:21][0][DEBUG] : get_zmq_message : get message of size 464034
[1751906541][2025/07/07-16:42:21][0][DEBUG] : [1751906541][2025/07/07-16:42:21][0][DEBUG] : get_zmq_message : get message of size 464034
[1751906541][2025/07/07-16:42:21][0][DEBUG] : [1751906541][2025/07/07-16:42:21][0][DEBUG] : get_zmq_message : get message of size 464034
[1751906541][2025/07/07-16:42:21][0][DEBUG] : [1751906541][2025/07/07-16:42:21][0][DEBUG] : get_zmq_message : get message of size 464034
[1751906541][2025/07/07-16:42:21][0][DEBUG] : [1751906541][2025/07/07-16:42:21][0][DEBUG] : get_zmq_message : get message of size 464034
[1751906541][2025/07/07-16:42:21][0][DEBUG] : [1751906541][2025/07/07-16:42:21][0][DEBUG] : get_zmq_message : get message of size 464034
[1751906541][2025/07/07-16:42:21][0][DEBUG] : [1751906541][2025/07/07-16:42:21][0][DEBUG] : get_zmq_message : get message of size 464034
[1751906541][2025/07/07-16:42:21][0][DEBUG] : [1751906541][2025/07/07-16:42:21][0][DEBUG] : get_zmq_message : get message of size 464034
[1751906541][2025/07/07-16:42:21][0][DEBUG] : [1751906541][2025/07/07-16:42:21][0][DEBUG] : get_zmq_message : get message of size 464034
[1751906541][2025/07/07-16:42:21][0][DEBUG] : [1751906541][2025/07/07-16:42:21][0][DEBUG] : get_zmq_message : get message of size 464034
[1751906541][2025/07/07-16:42:21][0][DEBUG] : [1751906541][2025/07/07-16:42:21][0][DEBUG] : get_zmq_message : get message of size 464034
[1751906541][2025/07/07-16:42:21][0][DEBUG] : [1751906541][2025/07/07-16:42:21][0][DEBUG] : get_zmq_message : get message of size 464034
[1751906541][2025/07/07-16:42:21][0][DEBUG] : [1751906541][2025/07/07-16:42:21][0][DEBUG] : get_zmq_message : get message of size 464034
[1751906541][2025/07/07-16:42:21][0][DEBUG] : [1751906541][2025/07/07-16:42:21][0][DEBUG] : get_zmq_message : get message of size 464034
[1751906541][2025/07/07-16:42:21][0][DEBUG] : [1751906541][2025/07/07-16:42:21][0][DEBUG] : get_zmq_message : get message of size 464034
[1751906541][2025/07/07-16:42:21][0][DEBUG] : [1751906541][2025/07/07-16:42:21][0][DEBUG] : get_zmq_message : get message of size 464034
[1751906541][2025/07/07-16:42:21][0][DEBUG] : [1751906541][2025/07/07-16:42:21][0][DEBUG] : get_zmq_message : get message of size 464034
[1751906541][2025/07/07-16:42:21][0][DEBUG] : [1751906541][2025/07/07-16:42:21][0][DEBUG] : get_zmq_message : get message of size 464034
[1751906541][2025/07/07-16:42:21][0][DEBUG] : [1751906541][2025/07/07-16:42:21][0][DEBUG] : get_zmq_message : get message of size 464034
[1751906541][2025/07/07-16:42:21][0][DEBUG] : [1751906541][2025/07/07-16:42:21][0][DEBUG] : get_zmq_message : get message of size 464034
[1751906541][2025/07/07-16:42:21][0][DEBUG] : [1751906541][2025/07/07-16:42:21][0][DEBUG] : get_zmq_message : get message of size 464034
[1751906541][2025/07/07-16:42:21][0][DEBUG] : [1751906541][2025/07/07-16:42:21][0][DEBUG] : get_zmq_message : get message of size 464034
[1751906541][2025/07/07-16:42:21][0][DEBUG] : [1751906541][2025/07/07-16:42:21][0][DEBUG] : get_zmq_message : get message of size 464034
[1751906541][2025/07/07-16:42:21][0][DEBUG] : [1751906541][2025/07/07-16:42:21][0][DEBUG] : get_zmq_message : get message of size 464034
[1751906541][2025/07/07-16:42:21][0][DEBUG] : [1751906541][2025/07/07-16:42:21][0][DEBUG] : get_zmq_message : get message of size 464034
[1751906541][2025/07/07-16:42:21][0][DEBUG] : [1751906541][2025/07/07-16:42:21][0][DEBUG] : get_zmq_message : get message of size 464034
[1751906541][2025/07/07-16:42:21][0][DEBUG] : [1751906541][2025/07/07-16:42:21][0][DEBUG] : get_zmq_message : get message of size 464034
[1751906541][2025/07/07-16:42:21][0][DEBUG] : [1751906541][2025/07/07-16:42:21][0][DEBUG] : get_zmq_message : get message of size 464034
[1751906541][2025/07/07-16:42:21][0][DEBUG] : [1751906541][2025/07/07-16:42:21][0][DEBUG] : get_zmq_message : get message of size 464034
[1751906541][2025/07/07-16:42:21][0][DEBUG] : [1751906541][2025/07/07-16:42:21][0][DEBUG] : get_zmq_message : get message of size 464034
[1751906541][2025/07/07-16:42:21][0][DEBUG] : [1751906541][2025/07/07-16:42:21][0][DEBUG] : get_zmq_message : get message of size 464034
[1751906541][2025/07/07-16:42:21][0][DEBUG] : [1751906541][2025/07/07-16:42:21][0][DEBUG] : get_zmq_message : get message of size 464034
[1751906541][2025/07/07-16:42:21][0][DEBUG] : [1751906541][2025/07/07-16:42:21][0][DEBUG] : get_zmq_message : get message of size 464034
[1751906541][2025/07/07-16:42:21][0][DEBUG] : [1751906541][2025/07/07-16:42:21][0][DEBUG] : get_zmq_message : get message of size 464034
[1751906541][2025/07/07-16:42:21][0][DEBUG] : [1751906541][2025/07/07-16:42:21][0][DEBUG] : get_zmq_message : get message of size 464034
[1751906541][2025/07/07-16:42:21][0][DEBUG] : [1751906541][2025/07/07-16:42:21][0][DEBUG] : get_zmq_message : get message of size 464034
[1751906541][2025/07/07-16:42:21][0][DEBUG] : [1751906541][2025/07/07-16:42:21][0][DEBUG] : get_zmq_message : get message of size 464034
[1751906541][2025/07/07-16:42:21][0][DEBUG] : [1751906541][2025/07/07-16:42:21][0][DEBUG] : get_zmq_message : get message of size 464034
[1751906541][2025/07/07-16:42:21][0][DEBUG] : [1751906541][2025/07/07-16:42:21][0][DEBUG] : get_zmq_message : get message of size 464034
[1751906541][2025/07/07-16:42:21][0][DEBUG] : [1751906541][2025/07/07-16:42:21][0][DEBUG] : get_zmq_message : get message of size 464034
[1751906541][2025/07/07-16:42:21][0][DEBUG] : [1751906541][2025/07/07-16:42:21][0][DEBUG] : get_zmq_message : get message of size 464034
[1751906541][2025/07/07-16:42:21][0][DEBUG] : [1751906541][2025/07/07-16:42:21][0][DEBUG] : get_zmq_message : get message of size 464034
[1751906541][2025/07/07-16:42:21][0][DEBUG] : [1751906541][2025/07/07-16:42:21][0][DEBUG] : get_zmq_message : get message of size 464034
[1751906541][2025/07/07-16:42:21][0][DEBUG] : [1751906541][2025/07/07-16:42:21][0][DEBUG] : get_zmq_message : get message of size 464034
[1751906541][2025/07/07-16:42:21][0][DEBUG] : [1751906541][2025/07/07-16:42:21][0][DEBUG] : get_zmq_message : get message of size 464034
[1751906541][2025/07/07-16:42:21][0][DEBUG] : [1751906541][2025/07/07-16:42:21][0][DEBUG] : get_zmq_message : get message of size 464034
[1751906541][2025/07/07-16:42:21][0][DEBUG] : [1751906541][2025/07/07-16:42:21][0][DEBUG] : get_zmq_message : get message of size 464034
[1751906541][2025/07/07-16:42:21][0][DEBUG] : [1751906541][2025/07/07-16:42:21][0][DEBUG] : get_zmq_message : get message of size 464034
[1751906541][2025/07/07-16:42:21][0][DEBUG] : [1751906541][2025/07/07-16:42:21][0][DEBUG] : get_zmq_message : get message of size 464034
[1751906541][2025/07/07-16:42:21][0][DEBUG] : [1751906541][2025/07/07-16:42:21][0][DEBUG] : get_zmq_message : get message of size 464034
[1751906541][2025/07/07-16:42:21][0][DEBUG] : [1751906541][2025/07/07-16:42:21][0][DEBUG] : get_zmq_message : get message of size 464034
[1751906541][2025/07/07-16:42:21][0][DEBUG] : [1751906541][2025/07/07-16:42:21][0][DEBUG] : get_zmq_message : get message of size 464034
[1751906541][2025/07/07-16:42:21][0][DEBUG] : [1751906541][2025/07/07-16:42:21][0][DEBUG] : get_zmq_message : get message of size 464034
[1751906541][2025/07/07-16:42:21][0][DEBUG] : [1751906541][2025/07/07-16:42:21][0][DEBUG] : get_zmq_message : get message of size 464034
[1751906541][2025/07/07-16:42:21][0][DEBUG] : [1751906541][2025/07/07-16:42:21][0][DEBUG] : get_zmq_message : get message of size 464034
[1751906541][2025/07/07-16:42:21][0][DEBUG] : [1751906541][2025/07/07-16:42:21][0][DEBUG] : get_zmq_message : get message of size 464034
[1751906541][2025/07/07-16:42:21][0][DEBUG] : [1751906541][2025/07/07-16:42:21][0][DEBUG] : get_zmq_message : get message of size 464034
[1751906541][2025/07/07-16:42:21][0][DEBUG] : [1751906541][2025/07/07-16:42:21][0][DEBUG] : get_zmq_message : get message of size 464034
[1751906541][2025/07/07-16:42:21][0][DEBUG] : [1751906541][2025/07/07-16:42:21][0][DEBUG] : get_zmq_message : get message of size 464034
[1751906541][2025/07/07-16:42:21][0][DEBUG] : [1751906541][2025/07/07-16:42:21][0][DEBUG] : get_zmq_message : get message of size 464034
[1751906541][2025/07/07-16:42:21][0][DEBUG] : [1751906541][2025/07/07-16:42:21][0][DEBUG] : get_zmq_message : get message of size 464034
[1751906541][2025/07/07-16:42:21][0][DEBUG] : [1751906541][2025/07/07-16:42:21][0][DEBUG] : get_zmq_message : get message of size 464034
[1751906541][2025/07/07-16:42:21][0][DEBUG] : [1751906541][2025/07/07-16:42:21][0][DEBUG] : get_zmq_message : get message of size 464034
[1751906541][2025/07/07-16:42:21][0][DEBUG] : [1751906541][2025/07/07-16:42:21][0][DEBUG] : get_zmq_message : get message of size 464034
[1751906541][2025/07/07-16:42:21][0][DEBUG] : [1751906541][2025/07/07-16:42:21][0][DEBUG] : get_zmq_message : get message of size 464034
[1751906541][2025/07/07-16:42:21][0][DEBUG] : [1751906541][2025/07/07-16:42:21][0][DEBUG] : get_zmq_message : get message of size 464034
[1751906541][2025/07/07-16:42:21][0][DEBUG] : [1751906541][2025/07/07-16:42:21][0][DEBUG] : get_zmq_message : get message of size 464034
[1751906541][2025/07/07-16:42:21][0][DEBUG] : [1751906541][2025/07/07-16:42:21][0][DEBUG] : get_zmq_message : get message of size 464034
[1751906541][2025/07/07-16:42:21][0][DEBUG] : [1751906541][2025/07/07-16:42:21][0][DEBUG] : get_zmq_message : get message of size 464034
[1751906541][2025/07/07-16:42:21][0][DEBUG] : [1751906541][2025/07/07-16:42:21][0][DEBUG] : get_zmq_message : get message of size 464034
[1751906541][2025/07/07-16:42:21][0][DEBUG] : [1751906541][2025/07/07-16:42:21][0][DEBUG] : get_zmq_message : get message of size 464034
[1751906541][2025/07/07-16:42:21][0][DEBUG] : [1751906541][2025/07/07-16:42:21][0][DEBUG] : get_zmq_message : get message of size 464034
[1751906541][2025/07/07-16:42:21][0][DEBUG] : [1751906541][2025/07/07-16:42:21][0][DEBUG] : get_zmq_message : get message of size 464034
[1751906541][2025/07/07-16:42:21][0][DEBUG] : [1751906541][2025/07/07-16:42:21][0][DEBUG] : get_zmq_message : get message of size 464034
[1751906541][2025/07/07-16:42:21][0][DEBUG] : [1751906541][2025/07/07-16:42:21][0][DEBUG] : get_zmq_message : get message of size 464034
[1751906541][2025/07/07-16:42:21][0][DEBUG] : [1751906541][2025/07/07-16:42:21][0][DEBUG] : get_zmq_message : get message of size 464034
[1751906541][2025/07/07-16:42:21][0][DEBUG] : [1751906541][2025/07/07-16:42:21][0][DEBUG] : get_zmq_message : get message of size 464034
[1751906541][2025/07/07-16:42:21][0][DEBUG] : [1751906541][2025/07/07-16:42:21][0][DEBUG] : get_zmq_message : get message of size 464034
[1751906541][2025/07/07-16:42:21][0][DEBUG] : [1751906541][2025/07/07-16:42:21][0][DEBUG] : get_zmq_message : get message of size 464034
[1751906541][2025/07/07-16:42:21][0][DEBUG] : [1751906541][2025/07/07-16:42:21][0][DEBUG] : get_zmq_message : get message of size 464034
[1751906541][2025/07/07-16:42:21][0][DEBUG] : [1751906541][2025/07/07-16:42:21][0][DEBUG] : get_zmq_message : get message of size 464034
[1751906541][2025/07/07-16:42:21][0][DEBUG] : [1751906541][2025/07/07-16:42:21][0][DEBUG] : get_zmq_message : get message of size 464034
[1751906541][2025/07/07-16:42:21][0][DEBUG] : [1751906541][2025/07/07-16:42:21][0][DEBUG] : get_zmq_message : get message of size 464034
[1751906541][2025/07/07-16:42:21][0][DEBUG] : [1751906541][2025/07/07-16:42:21][0][DEBUG] : get_zmq_message : get message of size 464034
[1751906541][2025/07/07-16:42:21][0][DEBUG] : [1751906541][2025/07/07-16:42:21][0][DEBUG] : get_zmq_message : get message of size 464034
[1751906541][2025/07/07-16:42:21][0][DEBUG] : [1751906541][2025/07/07-16:42:21][0][DEBUG] : get_zmq_message : get message of size 464034
[1751906541][2025/07/07-16:42:21][0][DEBUG] : [1751906541][2025/07/07-16:42:21][0][DEBUG] : get_zmq_message : get message of size 464034
[1751906541][2025/07/07-16:42:21][0][DEBUG] : [1751906541][2025/07/07-16:42:21][0][DEBUG] : get_zmq_message : get message of size 464034
[1751906541][2025/07/07-16:42:21][0][DEBUG] : [1751906541][2025/07/07-16:42:21][0][DEBUG] : get_zmq_message : get message of size 464034
[1751906541][2025/07/07-16:42:21][0][DEBUG] : [1751906541][2025/07/07-16:42:21][0][DEBUG] : get_zmq_message : get message of size 464034
[1751906541][2025/07/07-16:42:21][0][DEBUG] : [1751906541][2025/07/07-16:42:21][0][DEBUG] : get_zmq_message : get message of size 464034
[1751906541][2025/07/07-16:42:21][0][DEBUG] : [1751906541][2025/07/07-16:42:21][0][DEBUG] : get_zmq_message : get message of size 464034
[1751906541][2025/07/07-16:42:21][0][DEBUG] : [1751906541][2025/07/07-16:42:21][0][DEBUG] : get_zmq_message : get message of size 464034
[1751906541][2025/07/07-16:42:21][0][DEBUG] : [1751906541][2025/07/07-16:42:21][0][DEBUG] : get_zmq_message : get message of size 464034
[1751906541][2025/07/07-16:42:21][0][DEBUG] : [1751906541][2025/07/07-16:42:21][0][DEBUG] : get_zmq_message : get message of size 464034
[1751906541][2025/07/07-16:42:21][0][DEBUG] : [1751906541][2025/07/07-16:42:21][0][DEBUG] : get_zmq_message : get message of size 464034
[1751906541][2025/07/07-16:42:21][0][DEBUG] : [1751906541][2025/07/07-16:42:21][0][DEBUG] : get_zmq_message : get message of size 464034
[1751906541][2025/07/07-16:42:21][0][DEBUG] : [1751906541][2025/07/07-16:42:21][0][DEBUG] : get_zmq_message : get message of size 464034
[1751906541][2025/07/07-16:42:21][0][DEBUG] : [1751906541][2025/07/07-16:42:21][0][DEBUG] : get_zmq_message : get message of size 464034
[1751906541][2025/07/07-16:42:21][0][DEBUG] : [1751906541][2025/07/07-16:42:21][0][DEBUG] : get_zmq_message : get message of size 464034
[1751906541][2025/07/07-16:42:21][0][DEBUG] : [1751906541][2025/07/07-16:42:21][0][DEBUG] : get_zmq_message : get message of size 464034
[1751906541][2025/07/07-16:42:21][0][DEBUG] : [1751906541][2025/07/07-16:42:21][0][DEBUG] : get_zmq_message : get message of size 464034
[1751906541][2025/07/07-16:42:21][0][DEBUG] : [1751906541][2025/07/07-16:42:21][0][DEBUG] : get_zmq_message : get message of size 464034
[1751906541][2025/07/07-16:42:21][0][DEBUG] : [1751906541][2025/07/07-16:42:21][0][DEBUG] : get_zmq_message : get message of size 464034
[1751906541][2025/07/07-16:42:21][0][DEBUG] : [1751906541][2025/07/07-16:42:21][0][DEBUG] : get_zmq_message : get message of size 464034
[1751906541][2025/07/07-16:42:21][0][DEBUG] : [1751906541][2025/07/07-16:42:21][0][DEBUG] : get_zmq_message : get message of size 464034
[1751906541][2025/07/07-16:42:21][0][DEBUG] : [1751906541][2025/07/07-16:42:21][0][DEBUG] : get_zmq_message : get message of size 464034
[1751906541][2025/07/07-16:42:21][0][DEBUG] : [1751906541][2025/07/07-16:42:21][0][DEBUG] : get_zmq_message : get message of size 464034
[1751906541][2025/07/07-16:42:21][0][DEBUG] : [1751906541][2025/07/07-16:42:21][0][DEBUG] : get_zmq_message : get message of size 464034
[1751906541][2025/07/07-16:42:21][0][DEBUG] : [1751906541][2025/07/07-16:42:21][0][DEBUG] : get_zmq_message : get message of size 464034
[1751906541][2025/07/07-16:42:21][0][DEBUG] : [1751906541][2025/07/07-16:42:21][0][DEBUG] : get_zmq_message : get message of size 464034
[1751906541][2025/07/07-16:42:21][0][DEBUG] : [1751906541][2025/07/07-16:42:21][0][DEBUG] : get_zmq_message : get message of size 464034
[1751906541][2025/07/07-16:42:21][0][DEBUG] : [1751906541][2025/07/07-16:42:21][0][DEBUG] : get_zmq_message : get message of size 464034
[1751906541][2025/07/07-16:42:21][0][DEBUG] : [1751906541][2025/07/07-16:42:21][0][DEBUG] : get_zmq_message : get message of size 464034
[1751906541][2025/07/07-16:42:21][0][DEBUG] : [1751906541][2025/07/07-16:42:21][0][DEBUG] : get_zmq_message : get message of size 464034
[1751906541][2025/07/07-16:42:21][0][DEBUG] : [1751906541][2025/07/07-16:42:21][0][DEBUG] : get_zmq_message : get message of size 464034
[1751906541][2025/07/07-16:42:21][0][DEBUG] : [1751906541][2025/07/07-16:42:21][0][DEBUG] : get_zmq_message : get message of size 464034
[1751906541][2025/07/07-16:42:21][0][DEBUG] : [1751906541][2025/07/07-16:42:21][0][DEBUG] : get_zmq_message : get message of size 464034
[1751906541][2025/07/07-16:42:21][0][DEBUG] : [1751906541][2025/07/07-16:42:21][0][DEBUG] : get_zmq_message : get message of size 464034
[1751906541][2025/07/07-16:42:21][0][DEBUG] : [1751906541][2025/07/07-16:42:21][0][DEBUG] : get_zmq_message : get message of size 464034
[1751906541][2025/07/07-16:42:21][0][DEBUG] : [1751906541][2025/07/07-16:42:21][0][DEBUG] : get_zmq_message : get message of size 464034
[1751906541][2025/07/07-16:42:21][0][DEBUG] : [1751906541][2025/07/07-16:42:21][0][DEBUG] : get_zmq_message : get message of size 464034
[1751906541][2025/07/07-16:42:21][0][DEBUG] : [1751906541][2025/07/07-16:42:21][0][DEBUG] : get_zmq_message : get message of size 464034
[1751906541][2025/07/07-16:42:21][0][DEBUG] : [1751906541][2025/07/07-16:42:21][0][DEBUG] : get_zmq_message : get message of size 464034
[1751906541][2025/07/07-16:42:21][0][DEBUG] : [1751906541][2025/07/07-16:42:21][0][DEBUG] : get_zmq_message : get message of size 464034
[1751906541][2025/07/07-16:42:21][0][DEBUG] : [1751906541][2025/07/07-16:42:21][0][DEBUG] : get_zmq_message : get message of size 464034
[1751906541][2025/07/07-16:42:21][0][DEBUG] : [1751906541][2025/07/07-16:42:21][0][DEBUG] : get_zmq_message : get message of size 464034
[1751906541][2025/07/07-16:42:21][0][DEBUG] : [1751906541][2025/07/07-16:42:21][0][DEBUG] : get_zmq_message : get message of size 464034
[1751906541][2025/07/07-16:42:21][0][DEBUG] : [1751906541][2025/07/07-16:42:21][0][DEBUG] : get_zmq_message : get message of size 464034
[1751906541][2025/07/07-16:42:21][0][DEBUG] : [1751906541][2025/07/07-16:42:21][0][DEBUG] : get_zmq_message : get message of size 464034
[1751906541][2025/07/07-16:42:21][0][DEBUG] : [1751906541][2025/07/07-16:42:21][0][DEBUG] : get_zmq_message : get message of size 464034
[1751906541][2025/07/07-16:42:21][0][DEBUG] : [1751906541][2025/07/07-16:42:21][0][DEBUG] : get_zmq_message : get message of size 464034
[1751906541][2025/07/07-16:42:21][0][DEBUG] : [1751906541][2025/07/07-16:42:21][0][DEBUG] : get_zmq_message : get message of size 464034
[1751906541][2025/07/07-16:42:21][0][DEBUG] : [1751906541][2025/07/07-16:42:21][0][DEBUG] : get_zmq_message : get message of size 464034
[1751906541][2025/07/07-16:42:21][0][DEBUG] : [1751906541][2025/07/07-16:42:21][0][DEBUG] : get_zmq_message : get message of size 464034
[1751906541][2025/07/07-16:42:21][0][DEBUG] : [1751906541][2025/07/07-16:42:21][0][DEBUG] : get_zmq_message : get message of size 464034
[1751906541][2025/07/07-16:42:21][0][DEBUG] : [1751906541][2025/07/07-16:42:21][0][INFO] : update_timer_message : nbBadMessage = 6 (size in [53, 4490]), consecutiveRecieved[0, 0], nbEvent = 565, nbGoodEvent = 565, ratioEventPerSecond = 564.695, ratioGoodEventPerSecond = 564.695
[1751906541][2025/07/07-16:42:21][0][DEBUG] : get_zmq_message : get message of size 464034
[1751906541][2025/07/07-16:42:21][0][DEBUG] : [1751906541][2025/07/07-16:42:21][0][DEBUG] : get_zmq_message : get message of size 464034
[1751906541][2025/07/07-16:42:21][0][DEBUG] : [1751906541][2025/07/07-16:42:21][0][DEBUG] : get_zmq_message : get message of size 464034
[1751906541][2025/07/07-16:42:21][0][DEBUG] : [1751906541][2025/07/07-16:42:21][0][DEBUG] : get_zmq_message : get message of size 464034
[1751906541][2025/07/07-16:42:21][0][DEBUG] : [1751906541][2025/07/07-16:42:21][0][DEBUG] : get_zmq_message : get message of size 464034
[1751906541][2025/07/07-16:42:21][0][DEBUG] : [1751906541][2025/07/07-16:42:21][0][DEBUG] : get_zmq_message : get message of size 464034
[1751906541][2025/07/07-16:42:21][0][DEBUG] : [1751906541][2025/07/07-16:42:21][0][DEBUG] : get_zmq_message : get message of size 464034
[1751906541][2025/07/07-16:42:21][0][DEBUG] : [1751906541][2025/07/07-16:42:21][0][DEBUG] : get_zmq_message : get message of size 464034
[1751906541][2025/07/07-16:42:21][0][DEBUG] : [1751906541][2025/07/07-16:42:21][0][DEBUG] : get_zmq_message : get message of size 464034
[1751906541][2025/07/07-16:42:21][0][DEBUG] : [1751906541][2025/07/07-16:42:21][0][DEBUG] : get_zmq_message : get message of size 464034
[1751906541][2025/07/07-16:42:21][0][DEBUG] : [1751906541][2025/07/07-16:42:21][0][DEBUG] : get_zmq_message : get message of size 464034
[1751906541][2025/07/07-16:42:21][0][DEBUG] : [1751906541][2025/07/07-16:42:21][0][DEBUG] : get_zmq_message : get message of size 464034
[1751906541][2025/07/07-16:42:21][0][DEBUG] : [1751906541][2025/07/07-16:42:21][0][DEBUG] : get_zmq_message : get message of size 464034
[1751906541][2025/07/07-16:42:21][0][DEBUG] : [1751906541][2025/07/07-16:42:21][0][DEBUG] : get_zmq_message : get message of size 464034
[1751906541][2025/07/07-16:42:21][0][DEBUG] : [1751906541][2025/07/07-16:42:21][0][DEBUG] : get_zmq_message : get message of size 464034
[1751906541][2025/07/07-16:42:21][0][DEBUG] : [1751906541][2025/07/07-16:42:21][0][DEBUG] : get_zmq_message : get message of size 464034
[1751906541][2025/07/07-16:42:21][0][DEBUG] : [1751906541][2025/07/07-16:42:21][0][DEBUG] : get_zmq_message : get message of size 464034
[1751906541][2025/07/07-16:42:21][0][DEBUG] : [1751906541][2025/07/07-16:42:21][0][DEBUG] : get_zmq_message : get message of size 464034
[1751906541][2025/07/07-16:42:21][0][DEBUG] : [1751906541][2025/07/07-16:42:21][0][DEBUG] : get_zmq_message : get message of size 464034
[1751906541][2025/07/07-16:42:21][0][DEBUG] : [1751906541][2025/07/07-16:42:21][0][DEBUG] : get_zmq_message : get message of size 464034
[1751906541][2025/07/07-16:42:21][0][DEBUG] : [1751906541][2025/07/07-16:42:21][0][DEBUG] : get_zmq_message : get message of size 464034
[1751906541][2025/07/07-16:42:21][0][DEBUG] : [1751906541][2025/07/07-16:42:21][0][DEBUG] : get_zmq_message : get message of size 464034
[1751906541][2025/07/07-16:42:21][0][DEBUG] : [1751906541][2025/07/07-16:42:21][0][DEBUG] : get_zmq_message : get message of size 464034
[1751906541][2025/07/07-16:42:21][0][DEBUG] : [1751906541][2025/07/07-16:42:21][0][DEBUG] : get_zmq_message : get message of size 464034
[1751906541][2025/07/07-16:42:21][0][DEBUG] : [1751906541][2025/07/07-16:42:21][0][DEBUG] : get_zmq_message : get message of size 464034
[1751906541][2025/07/07-16:42:21][0][DEBUG] : [1751906541][2025/07/07-16:42:21][0][DEBUG] : get_zmq_message : get message of size 464034
[1751906541][2025/07/07-16:42:21][0][DEBUG] : [1751906541][2025/07/07-16:42:21][0][DEBUG] : get_zmq_message : get message of size 464034
[1751906541][2025/07/07-16:42:21][0][DEBUG] : [1751906541][2025/07/07-16:42:21][0][DEBUG] : get_zmq_message : get message of size 464034
[1751906541][2025/07/07-16:42:21][0][DEBUG] : [1751906541][2025/07/07-16:42:21][0][DEBUG] : get_zmq_message : get message of size 464034
[1751906541][2025/07/07-16:42:21][0][DEBUG] : [1751906541][2025/07/07-16:42:21][0][DEBUG] : get_zmq_message : get message of size 464034
[1751906541][2025/07/07-16:42:21][0][DEBUG] : [1751906541][2025/07/07-16:42:21][0][DEBUG] : get_zmq_message : get message of size 464034
[1751906541][2025/07/07-16:42:21][0][DEBUG] : [1751906541][2025/07/07-16:42:21][0][DEBUG] : get_zmq_message : get message of size 464034
[1751906541][2025/07/07-16:42:21][0][DEBUG] : [1751906541][2025/07/07-16:42:21][0][DEBUG] : get_zmq_message : get message of size 464034
[1751906541][2025/07/07-16:42:21][0][DEBUG] : [1751906541][2025/07/07-16:42:21][0][DEBUG] : get_zmq_message : get message of size 464034
[1751906541][2025/07/07-16:42:21][0][DEBUG] : [1751906541][2025/07/07-16:42:21][0][DEBUG] : get_zmq_message : get message of size 464034
[1751906541][2025/07/07-16:42:21][0][DEBUG] : [1751906541][2025/07/07-16:42:21][0][DEBUG] : get_zmq_message : get message of size 464034
[1751906541][2025/07/07-16:42:21][0][DEBUG] : [1751906541][2025/07/07-16:42:21][0][DEBUG] : get_zmq_message : get message of size 464034
[1751906541][2025/07/07-16:42:21][0][DEBUG] : [1751906541][2025/07/07-16:42:21][0][DEBUG] : get_zmq_message : get message of size 464034
[1751906541][2025/07/07-16:42:21][0][DEBUG] : [1751906541][2025/07/07-16:42:21][0][DEBUG] : get_zmq_message : get message of size 464034
[1751906541][2025/07/07-16:42:21][0][DEBUG] : [1751906541][2025/07/07-16:42:21][0][DEBUG] : get_zmq_message : get message of size 464034
[1751906541][2025/07/07-16:42:21][0][DEBUG] : [1751906541][2025/07/07-16:42:21][0][DEBUG] : get_zmq_message : get message of size 464034
[1751906541][2025/07/07-16:42:21][0][DEBUG] : [1751906541][2025/07/07-16:42:21][0][DEBUG] : get_zmq_message : get message of size 464034
[1751906541][2025/07/07-16:42:21][0][DEBUG] : [1751906541][2025/07/07-16:42:21][0][DEBUG] : get_zmq_message : get message of size 464034
[1751906541][2025/07/07-16:42:21][0][DEBUG] : [1751906541][2025/07/07-16:42:21][0][DEBUG] : get_zmq_message : get message of size 464034
[1751906541][2025/07/07-16:42:21][0][DEBUG] : [1751906541][2025/07/07-16:42:21][0][DEBUG] : get_zmq_message : get message of size 464034
[1751906541][2025/07/07-16:42:21][0][DEBUG] : [1751906541][2025/07/07-16:42:21][0][DEBUG] : get_zmq_message : get message of size 464034
[1751906541][2025/07/07-16:42:21][0][DEBUG] : [1751906541][2025/07/07-16:42:21][0][DEBUG] : get_zmq_message : get message of size 464034
[1751906541][2025/07/07-16:42:21][0][DEBUG] : [1751906541][2025/07/07-16:42:21][0][DEBUG] : get_zmq_message : get message of size 464034
[1751906541][2025/07/07-16:42:21][0][DEBUG] : [1751906541][2025/07/07-16:42:21][0][DEBUG] : get_zmq_message : get message of size 464034
[1751906541][2025/07/07-16:42:21][0][DEBUG] : [1751906541][2025/07/07-16:42:21][0][DEBUG] : get_zmq_message : get message of size 464034
[1751906541][2025/07/07-16:42:21][0][DEBUG] : [1751906541][2025/07/07-16:42:21][0][DEBUG] : get_zmq_message : get message of size 464034
[1751906541][2025/07/07-16:42:21][0][DEBUG] : [1751906541][2025/07/07-16:42:21][0][DEBUG] : get_zmq_message : get message of size 464034
[1751906541][2025/07/07-16:42:21][0][DEBUG] : [1751906541][2025/07/07-16:42:21][0][DEBUG] : get_zmq_message : get message of size 464034
[1751906541][2025/07/07-16:42:21][0][DEBUG] : [1751906541][2025/07/07-16:42:21][0][DEBUG] : get_zmq_message : get message of size 464034
[1751906541][2025/07/07-16:42:21][0][DEBUG] : [1751906541][2025/07/07-16:42:21][0][DEBUG] : get_zmq_message : get message of size 464034
[1751906541][2025/07/07-16:42:21][0][DEBUG] : [1751906541][2025/07/07-16:42:21][0][DEBUG] : get_zmq_message : get message of size 464034
[1751906541][2025/07/07-16:42:21][0][DEBUG] : [1751906541][2025/07/07-16:42:21][0][DEBUG] : get_zmq_message : get message of size 464034
[1751906541][2025/07/07-16:42:21][0][DEBUG] : [1751906541][2025/07/07-16:42:21][0][DEBUG] : get_zmq_message : get message of size 464034
[1751906541][2025/07/07-16:42:21][0][DEBUG] : [1751906541][2025/07/07-16:42:21][0][DEBUG] : get_zmq_message : get message of size 464034
[1751906541][2025/07/07-16:42:21][0][DEBUG] : [1751906541][2025/07/07-16:42:21][0][DEBUG] : get_zmq_message : get message of size 464034
[1751906541][2025/07/07-16:42:21][0][DEBUG] : [1751906541][2025/07/07-16:42:21][0][DEBUG] : get_zmq_message : get message of size 464034
[1751906541][2025/07/07-16:42:21][0][DEBUG] : [1751906541][2025/07/07-16:42:21][0][DEBUG] : get_zmq_message : get message of size 464034
[1751906541][2025/07/07-16:42:21][0][DEBUG] : [1751906541][2025/07/07-16:42:21][0][DEBUG] : get_zmq_message : get message of size 464034
[1751906541][2025/07/07-16:42:21][0][DEBUG] : [1751906541][2025/07/07-16:42:21][0][DEBUG] : get_zmq_message : get message of size 464034
[1751906541][2025/07/07-16:42:21][0][DEBUG] : [1751906541][2025/07/07-16:42:21][0][DEBUG] : get_zmq_message : get message of size 464034
[1751906541][2025/07/07-16:42:21][0][DEBUG] : [1751906541][2025/07/07-16:42:21][0][DEBUG] : get_zmq_message : get message of size 464034
[1751906541][2025/07/07-16:42:21][0][DEBUG] : [1751906541][2025/07/07-16:42:21][0][DEBUG] : get_zmq_message : get message of size 464034
[1751906541][2025/07/07-16:42:21][0][DEBUG] : [1751906541][2025/07/07-16:42:21][0][DEBUG] : get_zmq_message : get message of size 464034
[1751906541][2025/07/07-16:42:21][0][DEBUG] : [1751906541][2025/07/07-16:42:21][0][DEBUG] : get_zmq_message : get message of size 464034
[1751906541][2025/07/07-16:42:21][0][DEBUG] : [1751906541][2025/07/07-16:42:21][0][DEBUG] : get_zmq_message : get message of size 464034
[1751906541][2025/07/07-16:42:21][0][DEBUG] : [1751906541][2025/07/07-16:42:21][0][DEBUG] : get_zmq_message : get message of size 464034
[1751906541][2025/07/07-16:42:21][0][DEBUG] : [1751906541][2025/07/07-16:42:21][0][DEBUG] : get_zmq_message : get message of size 464034
[1751906541][2025/07/07-16:42:21][0][DEBUG] : [1751906541][2025/07/07-16:42:21][0][DEBUG] : get_zmq_message : get message of size 464034
[1751906541][2025/07/07-16:42:21][0][DEBUG] : [1751906541][2025/07/07-16:42:21][0][DEBUG] : get_zmq_message : get message of size 464034
[1751906541][2025/07/07-16:42:21][0][DEBUG] : [1751906541][2025/07/07-16:42:21][0][DEBUG] : get_zmq_message : get message of size 464034
[1751906541][2025/07/07-16:42:21][0][DEBUG] : [1751906541][2025/07/07-16:42:21][0][DEBUG] : get_zmq_message : get message of size 464034
[1751906541][2025/07/07-16:42:21][0][DEBUG] : [1751906541][2025/07/07-16:42:21][0][DEBUG] : get_zmq_message : get message of size 464034
[1751906541][2025/07/07-16:42:21][0][DEBUG] : [1751906541][2025/07/07-16:42:21][0][DEBUG] : get_zmq_message : get message of size 464034
[1751906541][2025/07/07-16:42:21][0][DEBUG] : [1751906541][2025/07/07-16:42:21][0][DEBUG] : get_zmq_message : get message of size 464034
[1751906541][2025/07/07-16:42:21][0][DEBUG] : [1751906541][2025/07/07-16:42:21][0][DEBUG] : get_zmq_message : get message of size 464034
[1751906541][2025/07/07-16:42:21][0][DEBUG] : [1751906541][2025/07/07-16:42:21][0][DEBUG] : get_zmq_message : get message of size 464034
[1751906541][2025/07/07-16:42:21][0][DEBUG] : [1751906541][2025/07/07-16:42:21][0][DEBUG] : get_zmq_message : get message of size 464034
[1751906541][2025/07/07-16:42:21][0][DEBUG] : [1751906541][2025/07/07-16:42:21][0][DEBUG] : get_zmq_message : get message of size 464034
[1751906541][2025/07/07-16:42:21][0][DEBUG] : [1751906541][2025/07/07-16:42:21][0][DEBUG] : get_zmq_message : get message of size 464034
[1751906541][2025/07/07-16:42:21][0][DEBUG] : [1751906541][2025/07/07-16:42:21][0][DEBUG] : get_zmq_message : get message of size 464034
[1751906541][2025/07/07-16:42:21][0][DEBUG] : [1751906541][2025/07/07-16:42:21][0][DEBUG] : get_zmq_message : get message of size 464034
[1751906541][2025/07/07-16:42:21][0][DEBUG] : [1751906541][2025/07/07-16:42:21][0][DEBUG] : get_zmq_message : get message of size 464034
[1751906541][2025/07/07-16:42:21][0][DEBUG] : [1751906541][2025/07/07-16:42:21][0][DEBUG] : get_zmq_message : get message of size 464034
[1751906541][2025/07/07-16:42:21][0][DEBUG] : [1751906541][2025/07/07-16:42:21][0][DEBUG] : get_zmq_message : get message of size 464034
[1751906541][2025/07/07-16:42:21][0][DEBUG] : [1751906541][2025/07/07-16:42:21][0][DEBUG] : get_zmq_message : get message of size 464034
[1751906541][2025/07/07-16:42:21][0][DEBUG] : [1751906541][2025/07/07-16:42:21][0][DEBUG] : get_zmq_message : get message of size 464034
[1751906541][2025/07/07-16:42:21][0][DEBUG] : [1751906541][2025/07/07-16:42:21][0][DEBUG] : get_zmq_message : get message of size 464034
[1751906541][2025/07/07-16:42:21][0][DEBUG] : [1751906541][2025/07/07-16:42:21][0][DEBUG] : get_zmq_message : get message of size 464034
[1751906541][2025/07/07-16:42:21][0][DEBUG] : [1751906541][2025/07/07-16:42:21][0][DEBUG] : get_zmq_message : get message of size 464034
[1751906541][2025/07/07-16:42:21][0][DEBUG] : [1751906541][2025/07/07-16:42:21][0][DEBUG] : get_zmq_message : get message of size 464034
[1751906541][2025/07/07-16:42:21][0][DEBUG] : [1751906541][2025/07/07-16:42:21][0][DEBUG] : get_zmq_message : get message of size 464034
[1751906541][2025/07/07-16:42:21][0][DEBUG] : [1751906541][2025/07/07-16:42:21][0][DEBUG] : get_zmq_message : get message of size 464034
[1751906541][2025/07/07-16:42:21][0][DEBUG] : [1751906541][2025/07/07-16:42:21][0][DEBUG] : get_zmq_message : get message of size 464034
[1751906541][2025/07/07-16:42:21][0][DEBUG] : [1751906541][2025/07/07-16:42:21][0][DEBUG] : get_zmq_message : get message of size 464034
[1751906541][2025/07/07-16:42:21][0][DEBUG] : [1751906541][2025/07/07-16:42:21][0][DEBUG] : get_zmq_message : get message of size 464034
[1751906541][2025/07/07-16:42:21][0][DEBUG] : [1751906541][2025/07/07-16:42:21][0][DEBUG] : get_zmq_message : get message of size 464034
[1751906541][2025/07/07-16:42:21][0][DEBUG] : [1751906541][2025/07/07-16:42:21][0][DEBUG] : get_zmq_message : get message of size 464034
[1751906541][2025/07/07-16:42:21][0][DEBUG] : [1751906541][2025/07/07-16:42:21][0][DEBUG] : get_zmq_message : get message of size 464034
[1751906541][2025/07/07-16:42:21][0][DEBUG] : [1751906541][2025/07/07-16:42:21][0][DEBUG] : get_zmq_message : get message of size 464034
[1751906541][2025/07/07-16:42:21][0][DEBUG] : [1751906541][2025/07/07-16:42:21][0][DEBUG] : get_zmq_message : get message of size 464034
[1751906541][2025/07/07-16:42:21][0][DEBUG] : [1751906541][2025/07/07-16:42:21][0][DEBUG] : get_zmq_message : get message of size 464034
[1751906541][2025/07/07-16:42:21][0][DEBUG] : [1751906541][2025/07/07-16:42:21][0][DEBUG] : get_zmq_message : get message of size 464034
[1751906541][2025/07/07-16:42:21][0][DEBUG] : [1751906541][2025/07/07-16:42:21][0][DEBUG] : get_zmq_message : get message of size 464034
[1751906541][2025/07/07-16:42:21][0][DEBUG] : [1751906541][2025/07/07-16:42:21][0][DEBUG] : get_zmq_message : get message of size 464034
[1751906541][2025/07/07-16:42:21][0][DEBUG] : [1751906541][2025/07/07-16:42:21][0][DEBUG] : get_zmq_message : get message of size 464034
[1751906541][2025/07/07-16:42:21][0][DEBUG] : [1751906541][2025/07/07-16:42:21][0][DEBUG] : get_zmq_message : get message of size 464034
[1751906541][2025/07/07-16:42:21][0][DEBUG] : [1751906541][2025/07/07-16:42:21][0][DEBUG] : get_zmq_message : get message of size 464034
[1751906541][2025/07/07-16:42:21][0][DEBUG] : [1751906541][2025/07/07-16:42:21][0][DEBUG] : get_zmq_message : get message of size 464034
[1751906541][2025/07/07-16:42:21][0][DEBUG] : [1751906541][2025/07/07-16:42:21][0][DEBUG] : get_zmq_message : get message of size 464034
[1751906541][2025/07/07-16:42:21][0][DEBUG] : [1751906541][2025/07/07-16:42:21][0][DEBUG] : get_zmq_message : get message of size 464034
[1751906541][2025/07/07-16:42:21][0][DEBUG] : [1751906541][2025/07/07-16:42:21][0][DEBUG] : get_zmq_message : get message of size 464034
[1751906541][2025/07/07-16:42:21][0][DEBUG] : [1751906541][2025/07/07-16:42:21][0][DEBUG] : get_zmq_message : get message of size 464034
[1751906541][2025/07/07-16:42:21][0][DEBUG] : [1751906541][2025/07/07-16:42:21][0][DEBUG] : get_zmq_message : get message of size 464034
[1751906541][2025/07/07-16:42:21][0][DEBUG] : [1751906541][2025/07/07-16:42:21][0][DEBUG] : get_zmq_message : get message of size 464034
[1751906541][2025/07/07-16:42:21][0][DEBUG] : [1751906541][2025/07/07-16:42:21][0][DEBUG] : get_zmq_message : get message of size 464034
[1751906541][2025/07/07-16:42:21][0][DEBUG] : [1751906541][2025/07/07-16:42:21][0][DEBUG] : get_zmq_message : get message of size 464034
[1751906541][2025/07/07-16:42:21][0][DEBUG] : [1751906541][2025/07/07-16:42:21][0][DEBUG] : get_zmq_message : get message of size 464034
[1751906541][2025/07/07-16:42:21][0][DEBUG] : [1751906541][2025/07/07-16:42:21][0][DEBUG] : get_zmq_message : get message of size 464034
[1751906541][2025/07/07-16:42:21][0][DEBUG] : [1751906541][2025/07/07-16:42:21][0][DEBUG] : get_zmq_message : get message of size 464034
[1751906541][2025/07/07-16:42:21][0][DEBUG] : [1751906541][2025/07/07-16:42:21][0][DEBUG] : get_zmq_message : get message of size 464034
[1751906541][2025/07/07-16:42:21][0][DEBUG] : [1751906541][2025/07/07-16:42:21][0][DEBUG] : get_zmq_message : get message of size 464034
[1751906541][2025/07/07-16:42:21][0][DEBUG] : [1751906541][2025/07/07-16:42:21][0][DEBUG] : get_zmq_message : get message of size 464034
[1751906541][2025/07/07-16:42:21][0][DEBUG] : [1751906541][2025/07/07-16:42:21][0][DEBUG] : get_zmq_message : get message of size 464034
[1751906541][2025/07/07-16:42:21][0][DEBUG] : [1751906541][2025/07/07-16:42:21][0][DEBUG] : get_zmq_message : get message of size 464034
[1751906541][2025/07/07-16:42:21][0][DEBUG] : [1751906541][2025/07/07-16:42:21][0][DEBUG] : get_zmq_message : get message of size 464034
[1751906541][2025/07/07-16:42:21][0][DEBUG] : [1751906541][2025/07/07-16:42:21][0][DEBUG] : get_zmq_message : get message of size 464034
[1751906541][2025/07/07-16:42:21][0][DEBUG] : [1751906541][2025/07/07-16:42:21][0][DEBUG] : get_zmq_message : get message of size 464034
[1751906541][2025/07/07-16:42:21][0][DEBUG] : [1751906541][2025/07/07-16:42:21][0][DEBUG] : get_zmq_message : get message of size 464034
[1751906541][2025/07/07-16:42:21][0][DEBUG] : [1751906541][2025/07/07-16:42:21][0][DEBUG] : get_zmq_message : get message of size 464034
[1751906541][2025/07/07-16:42:21][0][DEBUG] : [1751906541][2025/07/07-16:42:21][0][DEBUG] : get_zmq_message : get message of size 464034
[1751906541][2025/07/07-16:42:21][0][DEBUG] : [1751906541][2025/07/07-16:42:21][0][DEBUG] : get_zmq_message : get message of size 464034
[1751906541][2025/07/07-16:42:21][0][DEBUG] : [1751906541][2025/07/07-16:42:21][0][DEBUG] : get_zmq_message : get message of size 464034
[1751906541][2025/07/07-16:42:21][0][DEBUG] : [1751906541][2025/07/07-16:42:21][0][DEBUG] : get_zmq_message : get message of size 464034
[1751906541][2025/07/07-16:42:21][0][DEBUG] : [1751906541][2025/07/07-16:42:21][0][DEBUG] : get_zmq_message : get message of size 464034
[1751906541][2025/07/07-16:42:21][0][DEBUG] : [1751906541][2025/07/07-16:42:21][0][DEBUG] : get_zmq_message : get message of size 464034
[1751906541][2025/07/07-16:42:21][0][DEBUG] : [1751906541][2025/07/07-16:42:21][0][DEBUG] : get_zmq_message : get message of size 464034
[1751906541][2025/07/07-16:42:21][0][DEBUG] : [1751906541][2025/07/07-16:42:21][0][DEBUG] : get_zmq_message : get message of size 464034
[1751906541][2025/07/07-16:42:21][0][DEBUG] : [1751906541][2025/07/07-16:42:21][0][DEBUG] : get_zmq_message : get message of size 464034
[1751906541][2025/07/07-16:42:21][0][DEBUG] : [1751906541][2025/07/07-16:42:21][0][DEBUG] : get_zmq_message : get message of size 464034
[1751906541][2025/07/07-16:42:21][0][DEBUG] : [1751906541][2025/07/07-16:42:21][0][DEBUG] : get_zmq_message : get message of size 464034
[1751906541][2025/07/07-16:42:21][0][DEBUG] : [1751906541][2025/07/07-16:42:21][0][DEBUG] : get_zmq_message : get message of size 464034
[1751906541][2025/07/07-16:42:21][0][DEBUG] : [1751906541][2025/07/07-16:42:21][0][DEBUG] : get_zmq_message : get message of size 464034
[1751906541][2025/07/07-16:42:21][0][DEBUG] : [1751906541][2025/07/07-16:42:21][0][DEBUG] : get_zmq_message : get message of size 464034
[1751906541][2025/07/07-16:42:21][0][DEBUG] : [1751906541][2025/07/07-16:42:21][0][DEBUG] : get_zmq_message : get message of size 464034
[1751906541][2025/07/07-16:42:21][0][DEBUG] : [1751906541][2025/07/07-16:42:21][0][DEBUG] : get_zmq_message : get message of size 464034
[1751906541][2025/07/07-16:42:21][0][DEBUG] : [1751906541][2025/07/07-16:42:21][0][DEBUG] : get_zmq_message : get message of size 464034
[1751906541][2025/07/07-16:42:21][0][DEBUG] : [1751906541][2025/07/07-16:42:21][0][DEBUG] : get_zmq_message : get message of size 464034
[1751906541][2025/07/07-16:42:21][0][DEBUG] : [1751906541][2025/07/07-16:42:21][0][DEBUG] : get_zmq_message : get message of size 464034
[1751906541][2025/07/07-16:42:21][0][DEBUG] : [1751906541][2025/07/07-16:42:21][0][DEBUG] : get_zmq_message : get message of size 464034
[1751906541][2025/07/07-16:42:21][0][DEBUG] : [1751906541][2025/07/07-16:42:21][0][DEBUG] : get_zmq_message : get message of size 464034
[1751906541][2025/07/07-16:42:21][0][DEBUG] : [1751906541][2025/07/07-16:42:21][0][DEBUG] : get_zmq_message : get message of size 464034
[1751906541][2025/07/07-16:42:21][0][DEBUG] : [1751906541][2025/07/07-16:42:21][0][DEBUG] : get_zmq_message : get message of size 464034
[1751906541][2025/07/07-16:42:21][0][DEBUG] : [1751906541][2025/07/07-16:42:21][0][DEBUG] : get_zmq_message : get message of size 464034
[1751906541][2025/07/07-16:42:21][0][DEBUG] : [1751906541][2025/07/07-16:42:21][0][DEBUG] : get_zmq_message : get message of size 464034
[1751906541][2025/07/07-16:42:21][0][DEBUG] : [1751906541][2025/07/07-16:42:21][0][DEBUG] : get_zmq_message : get message of size 464034
[1751906541][2025/07/07-16:42:21][0][DEBUG] : [1751906541][2025/07/07-16:42:21][0][DEBUG] : get_zmq_message : get message of size 464034
[1751906541][2025/07/07-16:42:21][0][DEBUG] : [1751906541][2025/07/07-16:42:21][0][DEBUG] : get_zmq_message : get message of size 464034
[1751906541][2025/07/07-16:42:21][0][DEBUG] : [1751906541][2025/07/07-16:42:21][0][DEBUG] : get_zmq_message : get message of size 464034
[1751906541][2025/07/07-16:42:21][0][DEBUG] : [1751906541][2025/07/07-16:42:21][0][DEBUG] : get_zmq_message : get message of size 464034
[1751906541][2025/07/07-16:42:21][0][DEBUG] : [1751906541][2025/07/07-16:42:21][0][DEBUG] : get_zmq_message : get message of size 464034
[1751906541][2025/07/07-16:42:21][0][DEBUG] : [1751906541][2025/07/07-16:42:21][0][DEBUG] : get_zmq_message : get message of size 464034
[1751906541][2025/07/07-16:42:21][0][DEBUG] : [1751906541][2025/07/07-16:42:21][0][DEBUG] : get_zmq_message : get message of size 464034
[1751906541][2025/07/07-16:42:21][0][DEBUG] : [1751906541][2025/07/07-16:42:21][0][DEBUG] : get_zmq_message : get message of size 464034
[1751906541][2025/07/07-16:42:21][0][DEBUG] : [1751906541][2025/07/07-16:42:21][0][DEBUG] : get_zmq_message : get message of size 464034
[1751906541][2025/07/07-16:42:21][0][DEBUG] : [1751906541][2025/07/07-16:42:21][0][DEBUG] : get_zmq_message : get message of size 464034
[1751906541][2025/07/07-16:42:21][0][DEBUG] : [1751906541][2025/07/07-16:42:21][0][DEBUG] : get_zmq_message : get message of size 464034
[1751906541][2025/07/07-16:42:21][0][DEBUG] : [1751906541][2025/07/07-16:42:21][0][DEBUG] : get_zmq_message : get message of size 464034
[1751906541][2025/07/07-16:42:21][0][DEBUG] : [1751906541][2025/07/07-16:42:21][0][DEBUG] : get_zmq_message : get message of size 464034
[1751906541][2025/07/07-16:42:21][0][DEBUG] : [1751906541][2025/07/07-16:42:21][0][DEBUG] : get_zmq_message : get message of size 464034
[1751906541][2025/07/07-16:42:21][0][DEBUG] : [1751906541][2025/07/07-16:42:21][0][DEBUG] : get_zmq_message : get message of size 464034
[1751906541][2025/07/07-16:42:21][0][DEBUG] : [1751906541][2025/07/07-16:42:21][0][DEBUG] : get_zmq_message : get message of size 464034
[1751906541][2025/07/07-16:42:21][0][DEBUG] : [1751906541][2025/07/07-16:42:21][0][DEBUG] : get_zmq_message : get message of size 464034
[1751906541][2025/07/07-16:42:21][0][DEBUG] : [1751906541][2025/07/07-16:42:21][0][DEBUG] : get_zmq_message : get message of size 464034
[1751906541][2025/07/07-16:42:21][0][DEBUG] : [1751906541][2025/07/07-16:42:21][0][DEBUG] : get_zmq_message : get message of size 464034
[1751906541][2025/07/07-16:42:21][0][DEBUG] : [1751906541][2025/07/07-16:42:21][0][DEBUG] : get_zmq_message : get message of size 464034
[1751906541][2025/07/07-16:42:21][0][DEBUG] : [1751906541][2025/07/07-16:42:21][0][DEBUG] : get_zmq_message : get message of size 464034
[1751906541][2025/07/07-16:42:21][0][DEBUG] : [1751906541][2025/07/07-16:42:21][0][DEBUG] : get_zmq_message : get message of size 464034
[1751906541][2025/07/07-16:42:21][0][DEBUG] : [1751906541][2025/07/07-16:42:21][0][DEBUG] : get_zmq_message : get message of size 464034
[1751906541][2025/07/07-16:42:21][0][DEBUG] : [1751906541][2025/07/07-16:42:21][0][DEBUG] : get_zmq_message : get message of size 464034
[1751906541][2025/07/07-16:42:21][0][DEBUG] : [1751906541][2025/07/07-16:42:21][0][DEBUG] : get_zmq_message : get message of size 464034
[1751906541][2025/07/07-16:42:21][0][DEBUG] : [1751906541][2025/07/07-16:42:21][0][DEBUG] : get_zmq_message : get message of size 464034
[1751906541][2025/07/07-16:42:21][0][DEBUG] : [1751906541][2025/07/07-16:42:21][0][DEBUG] : get_zmq_message : get message of size 464034
[1751906541][2025/07/07-16:42:21][0][DEBUG] : [1751906541][2025/07/07-16:42:21][0][DEBUG] : get_zmq_message : get message of size 464034
[1751906541][2025/07/07-16:42:21][0][DEBUG] : [1751906541][2025/07/07-16:42:21][0][DEBUG] : get_zmq_message : get message of size 464034
[1751906541][2025/07/07-16:42:21][0][DEBUG] : [1751906541][2025/07/07-16:42:21][0][DEBUG] : get_zmq_message : get message of size 464034
[1751906541][2025/07/07-16:42:21][0][DEBUG] : [1751906541][2025/07/07-16:42:21][0][DEBUG] : get_zmq_message : get message of size 464034
[1751906541][2025/07/07-16:42:21][0][DEBUG] : [1751906541][2025/07/07-16:42:21][0][DEBUG] : get_zmq_message : get message of size 464034
[1751906541][2025/07/07-16:42:21][0][DEBUG] : [1751906541][2025/07/07-16:42:21][0][DEBUG] : get_zmq_message : get message of size 464034
[1751906541][2025/07/07-16:42:21][0][DEBUG] : [1751906541][2025/07/07-16:42:21][0][DEBUG] : get_zmq_message : get message of size 464034
[1751906541][2025/07/07-16:42:21][0][DEBUG] : [1751906541][2025/07/07-16:42:21][0][DEBUG] : get_zmq_message : get message of size 464034
[1751906541][2025/07/07-16:42:21][0][DEBUG] : [1751906541][2025/07/07-16:42:21][0][DEBUG] : get_zmq_message : get message of size 464034
[1751906541][2025/07/07-16:42:21][0][DEBUG] : [1751906541][2025/07/07-16:42:21][0][DEBUG] : get_zmq_message : get message of size 464034
[1751906541][2025/07/07-16:42:21][0][DEBUG] : [1751906541][2025/07/07-16:42:21][0][DEBUG] : get_zmq_message : get message of size 464034
[1751906541][2025/07/07-16:42:21][0][DEBUG] : [1751906541][2025/07/07-16:42:21][0][DEBUG] : get_zmq_message : get message of size 464034
[1751906541][2025/07/07-16:42:21][0][DEBUG] : [1751906541][2025/07/07-16:42:21][0][DEBUG] : get_zmq_message : get message of size 464034
[1751906541][2025/07/07-16:42:21][0][DEBUG] : [1751906541][2025/07/07-16:42:21][0][DEBUG] : get_zmq_message : get message of size 464034
[1751906541][2025/07/07-16:42:21][0][DEBUG] : [1751906541][2025/07/07-16:42:21][0][DEBUG] : get_zmq_message : get message of size 464034
[1751906541][2025/07/07-16:42:21][0][DEBUG] : [1751906541][2025/07/07-16:42:21][0][DEBUG] : get_zmq_message : get message of size 464034
[1751906541][2025/07/07-16:42:21][0][DEBUG] : [1751906541][2025/07/07-16:42:21][0][DEBUG] : get_zmq_message : get message of size 464034
[1751906541][2025/07/07-16:42:21][0][DEBUG] : [1751906541][2025/07/07-16:42:21][0][DEBUG] : get_zmq_message : get message of size 464034
[1751906541][2025/07/07-16:42:21][0][DEBUG] : [1751906541][2025/07/07-16:42:21][0][DEBUG] : get_zmq_message : get message of size 464034
[1751906541][2025/07/07-16:42:21][0][DEBUG] : [1751906541][2025/07/07-16:42:21][0][DEBUG] : get_zmq_message : get message of size 464034
[1751906541][2025/07/07-16:42:21][0][DEBUG] : [1751906541][2025/07/07-16:42:21][0][DEBUG] : get_zmq_message : get message of size 464034
[1751906541][2025/07/07-16:42:21][0][DEBUG] : [1751906541][2025/07/07-16:42:21][0][DEBUG] : get_zmq_message : get message of size 464034
[1751906541][2025/07/07-16:42:21][0][DEBUG] : [1751906541][2025/07/07-16:42:21][0][DEBUG] : get_zmq_message : get message of size 464034
[1751906541][2025/07/07-16:42:21][0][DEBUG] : [1751906541][2025/07/07-16:42:21][0][DEBUG] : get_zmq_message : get message of size 464034
[1751906541][2025/07/07-16:42:21][0][DEBUG] : [1751906541][2025/07/07-16:42:21][0][DEBUG] : get_zmq_message : get message of size 464034
[1751906541][2025/07/07-16:42:21][0][DEBUG] : [1751906541][2025/07/07-16:42:21][0][DEBUG] : get_zmq_message : get message of size 464034
[1751906541][2025/07/07-16:42:21][0][DEBUG] : [1751906541][2025/07/07-16:42:21][0][DEBUG] : get_zmq_message : get message of size 464034
[1751906541][2025/07/07-16:42:21][0][DEBUG] : [1751906541][2025/07/07-16:42:21][0][DEBUG] : get_zmq_message : get message of size 464034
[1751906541][2025/07/07-16:42:21][0][DEBUG] : [1751906541][2025/07/07-16:42:21][0][DEBUG] : get_zmq_message : get message of size 464034
[1751906541][2025/07/07-16:42:21][0][DEBUG] : [1751906541][2025/07/07-16:42:21][0][DEBUG] : get_zmq_message : get message of size 464034
[1751906541][2025/07/07-16:42:21][0][DEBUG] : [1751906541][2025/07/07-16:42:21][0][DEBUG] : get_zmq_message : get message of size 464034
[1751906541][2025/07/07-16:42:21][0][DEBUG] : [1751906541][2025/07/07-16:42:21][0][DEBUG] : get_zmq_message : get message of size 464034
[1751906541][2025/07/07-16:42:21][0][DEBUG] : [1751906541][2025/07/07-16:42:21][0][DEBUG] : get_zmq_message : get message of size 464034
[1751906541][2025/07/07-16:42:21][0][DEBUG] : [1751906541][2025/07/07-16:42:21][0][DEBUG] : get_zmq_message : get message of size 464034
[1751906541][2025/07/07-16:42:21][0][DEBUG] : [1751906541][2025/07/07-16:42:21][0][DEBUG] : get_zmq_message : get message of size 464034
[1751906541][2025/07/07-16:42:21][0][DEBUG] : [1751906541][2025/07/07-16:42:21][0][DEBUG] : get_zmq_message : get message of size 464034
[1751906541][2025/07/07-16:42:21][0][DEBUG] : [1751906541][2025/07/07-16:42:21][0][DEBUG] : get_zmq_message : get message of size 464034
[1751906541][2025/07/07-16:42:21][0][DEBUG] : [1751906541][2025/07/07-16:42:21][0][DEBUG] : get_zmq_message : get message of size 464034
[1751906541][2025/07/07-16:42:21][0][DEBUG] : [1751906541][2025/07/07-16:42:21][0][DEBUG] : get_zmq_message : get message of size 464034
[1751906541][2025/07/07-16:42:21][0][DEBUG] : [1751906541][2025/07/07-16:42:21][0][DEBUG] : get_zmq_message : get message of size 464034
[1751906541][2025/07/07-16:42:21][0][DEBUG] : [1751906542][2025/07/07-16:42:22][0][DEBUG] : get_zmq_message : get message of size 464034
[1751906542][2025/07/07-16:42:22][0][DEBUG] : [1751906542][2025/07/07-16:42:22][0][DEBUG] : get_zmq_message : get message of size 464034
[1751906542][2025/07/07-16:42:22][0][DEBUG] : [1751906542][2025/07/07-16:42:22][0][DEBUG] : get_zmq_message : get message of size 464034
[1751906542][2025/07/07-16:42:22][0][DEBUG] : [1751906542][2025/07/07-16:42:22][0][DEBUG] : get_zmq_message : get message of size 464034
[1751906542][2025/07/07-16:42:22][0][DEBUG] : [1751906542][2025/07/07-16:42:22][0][DEBUG] : get_zmq_message : get message of size 464034
[1751906542][2025/07/07-16:42:22][0][DEBUG] : [1751906542][2025/07/07-16:42:22][0][DEBUG] : get_zmq_message : get message of size 464034
[1751906542][2025/07/07-16:42:22][0][DEBUG] : [1751906542][2025/07/07-16:42:22][0][DEBUG] : get_zmq_message : get message of size 464034
[1751906542][2025/07/07-16:42:22][0][DEBUG] : [1751906542][2025/07/07-16:42:22][0][DEBUG] : get_zmq_message : get message of size 464034
[1751906542][2025/07/07-16:42:22][0][DEBUG] : [1751906542][2025/07/07-16:42:22][0][DEBUG] : get_zmq_message : get message of size 464034
[1751906542][2025/07/07-16:42:22][0][DEBUG] : [1751906542][2025/07/07-16:42:22][0][DEBUG] : get_zmq_message : get message of size 464034
[1751906542][2025/07/07-16:42:22][0][DEBUG] : [1751906542][2025/07/07-16:42:22][0][DEBUG] : get_zmq_message : get message of size 464034
[1751906542][2025/07/07-16:42:22][0][DEBUG] : [1751906542][2025/07/07-16:42:22][0][DEBUG] : get_zmq_message : get message of size 464034
[1751906542][2025/07/07-16:42:22][0][DEBUG] : [1751906542][2025/07/07-16:42:22][0][DEBUG] : get_zmq_message : get message of size 464034
[1751906542][2025/07/07-16:42:22][0][DEBUG] : [1751906542][2025/07/07-16:42:22][0][DEBUG] : get_zmq_message : get message of size 464034
[1751906542][2025/07/07-16:42:22][0][DEBUG] : [1751906542][2025/07/07-16:42:22][0][DEBUG] : get_zmq_message : get message of size 464034
[1751906542][2025/07/07-16:42:22][0][DEBUG] : [1751906542][2025/07/07-16:42:22][0][DEBUG] : get_zmq_message : get message of size 464034
[1751906542][2025/07/07-16:42:22][0][DEBUG] : [1751906542][2025/07/07-16:42:22][0][DEBUG] : get_zmq_message : get message of size 464034
[1751906542][2025/07/07-16:42:22][0][DEBUG] : [1751906542][2025/07/07-16:42:22][0][DEBUG] : get_zmq_message : get message of size 464034
[1751906542][2025/07/07-16:42:22][0][DEBUG] : [1751906542][2025/07/07-16:42:22][0][DEBUG] : get_zmq_message : get message of size 464034
[1751906542][2025/07/07-16:42:22][0][DEBUG] : [1751906542][2025/07/07-16:42:22][0][DEBUG] : get_zmq_message : get message of size 464034
[1751906542][2025/07/07-16:42:22][0][DEBUG] : [1751906542][2025/07/07-16:42:22][0][DEBUG] : get_zmq_message : get message of size 464034
[1751906542][2025/07/07-16:42:22][0][DEBUG] : [1751906542][2025/07/07-16:42:22][0][DEBUG] : get_zmq_message : get message of size 464034
[1751906542][2025/07/07-16:42:22][0][DEBUG] : [1751906542][2025/07/07-16:42:22][0][DEBUG] : get_zmq_message : get message of size 464034
[1751906542][2025/07/07-16:42:22][0][DEBUG] : [1751906542][2025/07/07-16:42:22][0][DEBUG] : get_zmq_message : get message of size 464034
[1751906542][2025/07/07-16:42:22][0][DEBUG] : [1751906542][2025/07/07-16:42:22][0][DEBUG] : get_zmq_message : get message of size 464034
[1751906542][2025/07/07-16:42:22][0][DEBUG] : [1751906542][2025/07/07-16:42:22][0][DEBUG] : get_zmq_message : get message of size 464034
[1751906542][2025/07/07-16:42:22][0][DEBUG] : [1751906542][2025/07/07-16:42:22][0][DEBUG] : get_zmq_message : get message of size 464034
[1751906542][2025/07/07-16:42:22][0][DEBUG] : [1751906542][2025/07/07-16:42:22][0][DEBUG] : get_zmq_message : get message of size 464034
[1751906542][2025/07/07-16:42:22][0][DEBUG] : [1751906542][2025/07/07-16:42:22][0][DEBUG] : get_zmq_message : get message of size 464034
[1751906542][2025/07/07-16:42:22][0][DEBUG] : [1751906542][2025/07/07-16:42:22][0][DEBUG] : get_zmq_message : get message of size 464034
[1751906542][2025/07/07-16:42:22][0][DEBUG] : [1751906542][2025/07/07-16:42:22][0][DEBUG] : get_zmq_message : get message of size 464034
[1751906542][2025/07/07-16:42:22][0][DEBUG] : [1751906542][2025/07/07-16:42:22][0][DEBUG] : get_zmq_message : get message of size 464034
[1751906542][2025/07/07-16:42:22][0][DEBUG] : [1751906542][2025/07/07-16:42:22][0][DEBUG] : get_zmq_message : get message of size 464034
[1751906542][2025/07/07-16:42:22][0][DEBUG] : [1751906542][2025/07/07-16:42:22][0][DEBUG] : get_zmq_message : get message of size 464034
[1751906542][2025/07/07-16:42:22][0][DEBUG] : [1751906542][2025/07/07-16:42:22][0][DEBUG] : get_zmq_message : get message of size 464034
[1751906542][2025/07/07-16:42:22][0][DEBUG] : [1751906542][2025/07/07-16:42:22][0][DEBUG] : get_zmq_message : get message of size 464034
[1751906542][2025/07/07-16:42:22][0][DEBUG] : [1751906542][2025/07/07-16:42:22][0][DEBUG] : get_zmq_message : get message of size 464034
[1751906542][2025/07/07-16:42:22][0][DEBUG] : [1751906542][2025/07/07-16:42:22][0][DEBUG] : get_zmq_message : get message of size 464034
[1751906542][2025/07/07-16:42:22][0][DEBUG] : [1751906542][2025/07/07-16:42:22][0][DEBUG] : get_zmq_message : get message of size 464034
[1751906542][2025/07/07-16:42:22][0][DEBUG] : [1751906542][2025/07/07-16:42:22][0][DEBUG] : get_zmq_message : get message of size 464034
[1751906542][2025/07/07-16:42:22][0][DEBUG] : [1751906542][2025/07/07-16:42:22][0][DEBUG] : get_zmq_message : get message of size 464034
[1751906542][2025/07/07-16:42:22][0][DEBUG] : [1751906542][2025/07/07-16:42:22][0][DEBUG] : get_zmq_message : get message of size 464034
[1751906542][2025/07/07-16:42:22][0][DEBUG] : [1751906542][2025/07/07-16:42:22][0][DEBUG] : get_zmq_message : get message of size 464034
[1751906542][2025/07/07-16:42:22][0][DEBUG] : [1751906542][2025/07/07-16:42:22][0][DEBUG] : get_zmq_message : get message of size 464034
[1751906542][2025/07/07-16:42:22][0][DEBUG] : [1751906542][2025/07/07-16:42:22][0][DEBUG] : get_zmq_message : get message of size 464034
[1751906542][2025/07/07-16:42:22][0][DEBUG] : [1751906542][2025/07/07-16:42:22][0][DEBUG] : get_zmq_message : get message of size 464034
[1751906542][2025/07/07-16:42:22][0][DEBUG] : [1751906542][2025/07/07-16:42:22][0][DEBUG] : get_zmq_message : get message of size 464034
[1751906542][2025/07/07-16:42:22][0][DEBUG] : [1751906542][2025/07/07-16:42:22][0][DEBUG] : get_zmq_message : get message of size 464034
[1751906542][2025/07/07-16:42:22][0][DEBUG] : [1751906542][2025/07/07-16:42:22][0][DEBUG] : get_zmq_message : get message of size 464034
[1751906542][2025/07/07-16:42:22][0][DEBUG] : [1751906542][2025/07/07-16:42:22][0][DEBUG] : get_zmq_message : get message of size 464034
[1751906542][2025/07/07-16:42:22][0][DEBUG] : [1751906542][2025/07/07-16:42:22][0][DEBUG] : get_zmq_message : get message of size 464034
[1751906542][2025/07/07-16:42:22][0][DEBUG] : [1751906542][2025/07/07-16:42:22][0][DEBUG] : get_zmq_message : get message of size 464034
[1751906542][2025/07/07-16:42:22][0][DEBUG] : [1751906542][2025/07/07-16:42:22][0][DEBUG] : get_zmq_message : get message of size 464034
[1751906542][2025/07/07-16:42:22][0][DEBUG] : [1751906542][2025/07/07-16:42:22][0][DEBUG] : get_zmq_message : get message of size 464034
[1751906542][2025/07/07-16:42:22][0][DEBUG] : [1751906542][2025/07/07-16:42:22][0][DEBUG] : get_zmq_message : get message of size 464034
[1751906542][2025/07/07-16:42:22][0][DEBUG] : [1751906542][2025/07/07-16:42:22][0][DEBUG] : get_zmq_message : get message of size 464034
[1751906542][2025/07/07-16:42:22][0][DEBUG] : [1751906542][2025/07/07-16:42:22][0][DEBUG] : get_zmq_message : get message of size 464034
[1751906542][2025/07/07-16:42:22][0][DEBUG] : [1751906542][2025/07/07-16:42:22][0][DEBUG] : get_zmq_message : get message of size 464034
[1751906542][2025/07/07-16:42:22][0][DEBUG] : [1751906542][2025/07/07-16:42:22][0][DEBUG] : get_zmq_message : get message of size 464034
[1751906542][2025/07/07-16:42:22][0][DEBUG] : [1751906542][2025/07/07-16:42:22][0][DEBUG] : get_zmq_message : get message of size 464034
[1751906542][2025/07/07-16:42:22][0][DEBUG] : [1751906542][2025/07/07-16:42:22][0][DEBUG] : get_zmq_message : get message of size 464034
[1751906542][2025/07/07-16:42:22][0][DEBUG] : [1751906542][2025/07/07-16:42:22][0][DEBUG] : get_zmq_message : get message of size 464034
[1751906542][2025/07/07-16:42:22][0][DEBUG] : [1751906542][2025/07/07-16:42:22][0][DEBUG] : get_zmq_message : get message of size 464034
[1751906542][2025/07/07-16:42:22][0][DEBUG] : [1751906542][2025/07/07-16:42:22][0][DEBUG] : get_zmq_message : get message of size 464034
[1751906542][2025/07/07-16:42:22][0][DEBUG] : [1751906542][2025/07/07-16:42:22][0][DEBUG] : get_zmq_message : get message of size 464034
[1751906542][2025/07/07-16:42:22][0][DEBUG] : [1751906542][2025/07/07-16:42:22][0][DEBUG] : get_zmq_message : get message of size 464034
[1751906542][2025/07/07-16:42:22][0][DEBUG] : [1751906542][2025/07/07-16:42:22][0][DEBUG] : get_zmq_message : get message of size 464034
[1751906542][2025/07/07-16:42:22][0][DEBUG] : [1751906542][2025/07/07-16:42:22][0][DEBUG] : get_zmq_message : get message of size 464034
[1751906542][2025/07/07-16:42:22][0][DEBUG] : [1751906542][2025/07/07-16:42:22][0][DEBUG] : get_zmq_message : get message of size 464034
[1751906542][2025/07/07-16:42:22][0][DEBUG] : [1751906542][2025/07/07-16:42:22][0][DEBUG] : get_zmq_message : get message of size 464034
[1751906542][2025/07/07-16:42:22][0][DEBUG] : [1751906542][2025/07/07-16:42:22][0][DEBUG] : get_zmq_message : get message of size 464034
[1751906542][2025/07/07-16:42:22][0][DEBUG] : [1751906542][2025/07/07-16:42:22][0][DEBUG] : get_zmq_message : get message of size 464034
[1751906542][2025/07/07-16:42:22][0][DEBUG] : [1751906542][2025/07/07-16:42:22][0][DEBUG] : get_zmq_message : get message of size 464034
[1751906542][2025/07/07-16:42:22][0][DEBUG] : [1751906542][2025/07/07-16:42:22][0][DEBUG] : get_zmq_message : get message of size 464034
[1751906542][2025/07/07-16:42:22][0][DEBUG] : [1751906542][2025/07/07-16:42:22][0][DEBUG] : get_zmq_message : get message of size 464034
[1751906542][2025/07/07-16:42:22][0][DEBUG] : [1751906542][2025/07/07-16:42:22][0][DEBUG] : get_zmq_message : get message of size 464034
[1751906542][2025/07/07-16:42:22][0][DEBUG] : [1751906542][2025/07/07-16:42:22][0][DEBUG] : get_zmq_message : get message of size 464034
[1751906542][2025/07/07-16:42:22][0][DEBUG] : [1751906542][2025/07/07-16:42:22][0][DEBUG] : get_zmq_message : get message of size 464034
[1751906542][2025/07/07-16:42:22][0][DEBUG] : [1751906542][2025/07/07-16:42:22][0][DEBUG] : get_zmq_message : get message of size 464034
[1751906542][2025/07/07-16:42:22][0][DEBUG] : [1751906542][2025/07/07-16:42:22][0][DEBUG] : get_zmq_message : get message of size 464034
[1751906542][2025/07/07-16:42:22][0][DEBUG] : [1751906542][2025/07/07-16:42:22][0][DEBUG] : get_zmq_message : get message of size 464034
[1751906542][2025/07/07-16:42:22][0][DEBUG] : [1751906542][2025/07/07-16:42:22][0][DEBUG] : get_zmq_message : get message of size 464034
[1751906542][2025/07/07-16:42:22][0][DEBUG] : [1751906542][2025/07/07-16:42:22][0][DEBUG] : get_zmq_message : get message of size 464034
[1751906542][2025/07/07-16:42:22][0][DEBUG] : [1751906542][2025/07/07-16:42:22][0][DEBUG] : get_zmq_message : get message of size 464034
[1751906542][2025/07/07-16:42:22][0][DEBUG] : [1751906542][2025/07/07-16:42:22][0][DEBUG] : get_zmq_message : get message of size 464034
[1751906542][2025/07/07-16:42:22][0][DEBUG] : [1751906542][2025/07/07-16:42:22][0][DEBUG] : get_zmq_message : get message of size 464034
[1751906542][2025/07/07-16:42:22][0][DEBUG] : [1751906542][2025/07/07-16:42:22][0][DEBUG] : get_zmq_message : get message of size 464034
[1751906542][2025/07/07-16:42:22][0][DEBUG] : [1751906542][2025/07/07-16:42:22][0][DEBUG] : get_zmq_message : get message of size 464034
[1751906542][2025/07/07-16:42:22][0][DEBUG] : [1751906542][2025/07/07-16:42:22][0][DEBUG] : get_zmq_message : get message of size 464034
[1751906542][2025/07/07-16:42:22][0][DEBUG] : [1751906542][2025/07/07-16:42:22][0][DEBUG] : get_zmq_message : get message of size 464034
[1751906542][2025/07/07-16:42:22][0][DEBUG] : [1751906542][2025/07/07-16:42:22][0][DEBUG] : get_zmq_message : get message of size 464034
[1751906542][2025/07/07-16:42:22][0][DEBUG] : [1751906542][2025/07/07-16:42:22][0][DEBUG] : get_zmq_message : get message of size 464034
[1751906542][2025/07/07-16:42:22][0][DEBUG] : [1751906542][2025/07/07-16:42:22][0][DEBUG] : get_zmq_message : get message of size 464034
[1751906542][2025/07/07-16:42:22][0][DEBUG] : [1751906542][2025/07/07-16:42:22][0][DEBUG] : get_zmq_message : get message of size 464034
[1751906542][2025/07/07-16:42:22][0][DEBUG] : [1751906542][2025/07/07-16:42:22][0][DEBUG] : get_zmq_message : get message of size 464034
[1751906542][2025/07/07-16:42:22][0][DEBUG] : [1751906542][2025/07/07-16:42:22][0][DEBUG] : get_zmq_message : get message of size 464034
[1751906542][2025/07/07-16:42:22][0][DEBUG] : [1751906542][2025/07/07-16:42:22][0][DEBUG] : get_zmq_message : get message of size 464034
[1751906542][2025/07/07-16:42:22][0][DEBUG] : [1751906542][2025/07/07-16:42:22][0][DEBUG] : get_zmq_message : get message of size 464034
[1751906542][2025/07/07-16:42:22][0][DEBUG] : [1751906542][2025/07/07-16:42:22][0][DEBUG] : get_zmq_message : get message of size 464034
[1751906542][2025/07/07-16:42:22][0][DEBUG] : [1751906542][2025/07/07-16:42:22][0][DEBUG] : get_zmq_message : get message of size 464034
[1751906542][2025/07/07-16:42:22][0][DEBUG] : [1751906542][2025/07/07-16:42:22][0][DEBUG] : get_zmq_message : get message of size 464034
[1751906542][2025/07/07-16:42:22][0][DEBUG] : [1751906542][2025/07/07-16:42:22][0][DEBUG] : get_zmq_message : get message of size 464034
[1751906542][2025/07/07-16:42:22][0][DEBUG] : [1751906542][2025/07/07-16:42:22][0][DEBUG] : get_zmq_message : get message of size 464034
[1751906542][2025/07/07-16:42:22][0][DEBUG] : [1751906542][2025/07/07-16:42:22][0][DEBUG] : get_zmq_message : get message of size 464034
[1751906542][2025/07/07-16:42:22][0][DEBUG] : [1751906542][2025/07/07-16:42:22][0][DEBUG] : get_zmq_message : get message of size 464034
[1751906542][2025/07/07-16:42:22][0][DEBUG] : [1751906542][2025/07/07-16:42:22][0][DEBUG] : get_zmq_message : get message of size 464034
[1751906542][2025/07/07-16:42:22][0][DEBUG] : [1751906542][2025/07/07-16:42:22][0][DEBUG] : get_zmq_message : get message of size 464034
[1751906542][2025/07/07-16:42:22][0][DEBUG] : [1751906542][2025/07/07-16:42:22][0][DEBUG] : get_zmq_message : get message of size 464034
[1751906542][2025/07/07-16:42:22][0][DEBUG] : [1751906542][2025/07/07-16:42:22][0][DEBUG] : get_zmq_message : get message of size 464034
[1751906542][2025/07/07-16:42:22][0][DEBUG] : [1751906542][2025/07/07-16:42:22][0][DEBUG] : get_zmq_message : get message of size 464034
[1751906542][2025/07/07-16:42:22][0][DEBUG] : [1751906542][2025/07/07-16:42:22][0][DEBUG] : get_zmq_message : get message of size 464034
[1751906542][2025/07/07-16:42:22][0][DEBUG] : [1751906542][2025/07/07-16:42:22][0][DEBUG] : get_zmq_message : get message of size 464034
[1751906542][2025/07/07-16:42:22][0][DEBUG] : [1751906542][2025/07/07-16:42:22][0][DEBUG] : get_zmq_message : get message of size 464034
[1751906542][2025/07/07-16:42:22][0][DEBUG] : [1751906542][2025/07/07-16:42:22][0][DEBUG] : get_zmq_message : get message of size 464034
[1751906542][2025/07/07-16:42:22][0][DEBUG] : [1751906542][2025/07/07-16:42:22][0][DEBUG] : get_zmq_message : get message of size 464034
[1751906542][2025/07/07-16:42:22][0][DEBUG] : [1751906542][2025/07/07-16:42:22][0][DEBUG] : get_zmq_message : get message of size 464034
[1751906542][2025/07/07-16:42:22][0][DEBUG] : [1751906542][2025/07/07-16:42:22][0][DEBUG] : get_zmq_message : get message of size 464034
[1751906542][2025/07/07-16:42:22][0][DEBUG] : [1751906542][2025/07/07-16:42:22][0][DEBUG] : get_zmq_message : get message of size 464034
[1751906542][2025/07/07-16:42:22][0][DEBUG] : [1751906542][2025/07/07-16:42:22][0][DEBUG] : get_zmq_message : get message of size 464034
[1751906542][2025/07/07-16:42:22][0][DEBUG] : [1751906542][2025/07/07-16:42:22][0][DEBUG] : get_zmq_message : get message of size 464034
[1751906542][2025/07/07-16:42:22][0][DEBUG] : [1751906542][2025/07/07-16:42:22][0][DEBUG] : get_zmq_message : get message of size 464034
[1751906542][2025/07/07-16:42:22][0][DEBUG] : [1751906542][2025/07/07-16:42:22][0][DEBUG] : get_zmq_message : get message of size 464034
[1751906542][2025/07/07-16:42:22][0][DEBUG] : [1751906542][2025/07/07-16:42:22][0][DEBUG] : get_zmq_message : get message of size 464034
[1751906542][2025/07/07-16:42:22][0][DEBUG] : [1751906542][2025/07/07-16:42:22][0][DEBUG] : get_zmq_message : get message of size 464034
[1751906542][2025/07/07-16:42:22][0][DEBUG] : [1751906542][2025/07/07-16:42:22][0][DEBUG] : get_zmq_message : get message of size 464034
[1751906542][2025/07/07-16:42:22][0][DEBUG] : [1751906542][2025/07/07-16:42:22][0][DEBUG] : get_zmq_message : get message of size 464034
[1751906542][2025/07/07-16:42:22][0][DEBUG] : [1751906542][2025/07/07-16:42:22][0][DEBUG] : get_zmq_message : get message of size 464034
[1751906542][2025/07/07-16:42:22][0][DEBUG] : [1751906542][2025/07/07-16:42:22][0][DEBUG] : get_zmq_message : get message of size 464034
[1751906542][2025/07/07-16:42:22][0][DEBUG] : [1751906542][2025/07/07-16:42:22][0][DEBUG] : get_zmq_message : get message of size 464034
[1751906542][2025/07/07-16:42:22][0][DEBUG] : [1751906542][2025/07/07-16:42:22][0][DEBUG] : get_zmq_message : get message of size 464034
[1751906542][2025/07/07-16:42:22][0][DEBUG] : [1751906542][2025/07/07-16:42:22][0][DEBUG] : get_zmq_message : get message of size 464034
[1751906542][2025/07/07-16:42:22][0][DEBUG] : [1751906542][2025/07/07-16:42:22][0][DEBUG] : get_zmq_message : get message of size 464034
[1751906542][2025/07/07-16:42:22][0][DEBUG] : [1751906542][2025/07/07-16:42:22][0][DEBUG] : get_zmq_message : get message of size 464034
[1751906542][2025/07/07-16:42:22][0][DEBUG] : [1751906542][2025/07/07-16:42:22][0][DEBUG] : get_zmq_message : get message of size 464034
[1751906542][2025/07/07-16:42:22][0][DEBUG] : [1751906542][2025/07/07-16:42:22][0][DEBUG] : get_zmq_message : get message of size 464034
[1751906542][2025/07/07-16:42:22][0][DEBUG] : [1751906542][2025/07/07-16:42:22][0][DEBUG] : get_zmq_message : get message of size 464034
[1751906542][2025/07/07-16:42:22][0][DEBUG] : [1751906542][2025/07/07-16:42:22][0][DEBUG] : get_zmq_message : get message of size 464034
[1751906542][2025/07/07-16:42:22][0][DEBUG] : [1751906542][2025/07/07-16:42:22][0][DEBUG] : get_zmq_message : get message of size 464034
[1751906542][2025/07/07-16:42:22][0][DEBUG] : [1751906542][2025/07/07-16:42:22][0][DEBUG] : get_zmq_message : get message of size 464034
[1751906542][2025/07/07-16:42:22][0][DEBUG] : [1751906542][2025/07/07-16:42:22][0][DEBUG] : get_zmq_message : get message of size 464034
[1751906542][2025/07/07-16:42:22][0][DEBUG] : [1751906542][2025/07/07-16:42:22][0][DEBUG] : get_zmq_message : get message of size 464034
[1751906542][2025/07/07-16:42:22][0][DEBUG] : [1751906542][2025/07/07-16:42:22][0][DEBUG] : get_zmq_message : get message of size 464034
[1751906542][2025/07/07-16:42:22][0][DEBUG] : [1751906542][2025/07/07-16:42:22][0][DEBUG] : get_zmq_message : get message of size 464034
[1751906542][2025/07/07-16:42:22][0][DEBUG] : [1751906542][2025/07/07-16:42:22][0][DEBUG] : get_zmq_message : get message of size 464034
[1751906542][2025/07/07-16:42:22][0][DEBUG] : [1751906542][2025/07/07-16:42:22][0][DEBUG] : get_zmq_message : get message of size 464034
[1751906542][2025/07/07-16:42:22][0][DEBUG] : [1751906542][2025/07/07-16:42:22][0][DEBUG] : get_zmq_message : get message of size 464034
[1751906542][2025/07/07-16:42:22][0][DEBUG] : [1751906542][2025/07/07-16:42:22][0][DEBUG] : get_zmq_message : get message of size 464034
[1751906542][2025/07/07-16:42:22][0][DEBUG] : [1751906542][2025/07/07-16:42:22][0][DEBUG] : get_zmq_message : get message of size 464034
[1751906542][2025/07/07-16:42:22][0][DEBUG] : [1751906542][2025/07/07-16:42:22][0][DEBUG] : get_zmq_message : get message of size 464034
[1751906542][2025/07/07-16:42:22][0][DEBUG] : [1751906542][2025/07/07-16:42:22][0][DEBUG] : get_zmq_message : get message of size 464034
[1751906542][2025/07/07-16:42:22][0][DEBUG] : [1751906542][2025/07/07-16:42:22][0][DEBUG] : get_zmq_message : get message of size 464034
[1751906542][2025/07/07-16:42:22][0][DEBUG] : [1751906542][2025/07/07-16:42:22][0][DEBUG] : get_zmq_message : get message of size 464034
[1751906542][2025/07/07-16:42:22][0][DEBUG] : [1751906542][2025/07/07-16:42:22][0][DEBUG] : get_zmq_message : get message of size 464034
[1751906542][2025/07/07-16:42:22][0][DEBUG] : [1751906542][2025/07/07-16:42:22][0][DEBUG] : get_zmq_message : get message of size 464034
[1751906542][2025/07/07-16:42:22][0][DEBUG] : [1751906542][2025/07/07-16:42:22][0][DEBUG] : get_zmq_message : get message of size 464034
[1751906542][2025/07/07-16:42:22][0][DEBUG] : [1751906542][2025/07/07-16:42:22][0][DEBUG] : get_zmq_message : get message of size 464034
[1751906542][2025/07/07-16:42:22][0][DEBUG] : [1751906542][2025/07/07-16:42:22][0][DEBUG] : get_zmq_message : get message of size 464034
[1751906542][2025/07/07-16:42:22][0][DEBUG] : [1751906542][2025/07/07-16:42:22][0][DEBUG] : get_zmq_message : get message of size 464034
[1751906542][2025/07/07-16:42:22][0][DEBUG] : [1751906542][2025/07/07-16:42:22][0][DEBUG] : get_zmq_message : get message of size 464034
[1751906542][2025/07/07-16:42:22][0][DEBUG] : [1751906542][2025/07/07-16:42:22][0][DEBUG] : get_zmq_message : get message of size 464034
[1751906542][2025/07/07-16:42:22][0][DEBUG] : [1751906542][2025/07/07-16:42:22][0][DEBUG] : get_zmq_message : get message of size 464034
[1751906542][2025/07/07-16:42:22][0][DEBUG] : [1751906542][2025/07/07-16:42:22][0][DEBUG] : get_zmq_message : get message of size 464034
[1751906542][2025/07/07-16:42:22][0][DEBUG] : [1751906542][2025/07/07-16:42:22][0][DEBUG] : get_zmq_message : get message of size 464034
[1751906542][2025/07/07-16:42:22][0][DEBUG] : [1751906542][2025/07/07-16:42:22][0][DEBUG] : get_zmq_message : get message of size 464034
[1751906542][2025/07/07-16:42:22][0][DEBUG] : [1751906542][2025/07/07-16:42:22][0][DEBUG] : get_zmq_message : get message of size 464034
[1751906542][2025/07/07-16:42:22][0][DEBUG] : [1751906542][2025/07/07-16:42:22][0][DEBUG] : get_zmq_message : get message of size 464034
[1751906542][2025/07/07-16:42:22][0][DEBUG] : [1751906542][2025/07/07-16:42:22][0][DEBUG] : get_zmq_message : get message of size 464034
[1751906542][2025/07/07-16:42:22][0][DEBUG] : [1751906542][2025/07/07-16:42:22][0][DEBUG] : get_zmq_message : get message of size 464034
[1751906542][2025/07/07-16:42:22][0][DEBUG] : [1751906542][2025/07/07-16:42:22][0][DEBUG] : get_zmq_message : get message of size 464034
[1751906542][2025/07/07-16:42:22][0][DEBUG] : [1751906542][2025/07/07-16:42:22][0][DEBUG] : get_zmq_message : get message of size 464034
[1751906542][2025/07/07-16:42:22][0][DEBUG] : [1751906542][2025/07/07-16:42:22][0][DEBUG] : get_zmq_message : get message of size 464034
[1751906542][2025/07/07-16:42:22][0][DEBUG] : [1751906542][2025/07/07-16:42:22][0][DEBUG] : get_zmq_message : get message of size 464034
[1751906542][2025/07/07-16:42:22][0][DEBUG] : [1751906542][2025/07/07-16:42:22][0][DEBUG] : get_zmq_message : get message of size 464034
[1751906542][2025/07/07-16:42:22][0][DEBUG] : [1751906542][2025/07/07-16:42:22][0][DEBUG] : get_zmq_message : get message of size 464034
[1751906542][2025/07/07-16:42:22][0][DEBUG] : [1751906542][2025/07/07-16:42:22][0][DEBUG] : get_zmq_message : get message of size 464034
[1751906542][2025/07/07-16:42:22][0][DEBUG] : [1751906542][2025/07/07-16:42:22][0][DEBUG] : get_zmq_message : get message of size 464034
[1751906542][2025/07/07-16:42:22][0][DEBUG] : [1751906542][2025/07/07-16:42:22][0][DEBUG] : get_zmq_message : get message of size 464034
[1751906542][2025/07/07-16:42:22][0][DEBUG] : [1751906542][2025/07/07-16:42:22][0][DEBUG] : get_zmq_message : get message of size 464034
[1751906542][2025/07/07-16:42:22][0][DEBUG] : [1751906542][2025/07/07-16:42:22][0][DEBUG] : get_zmq_message : get message of size 464034
[1751906542][2025/07/07-16:42:22][0][DEBUG] : [1751906542][2025/07/07-16:42:22][0][DEBUG] : get_zmq_message : get message of size 464034
[1751906542][2025/07/07-16:42:22][0][DEBUG] : [1751906542][2025/07/07-16:42:22][0][DEBUG] : get_zmq_message : get message of size 464034
[1751906542][2025/07/07-16:42:22][0][DEBUG] : [1751906542][2025/07/07-16:42:22][0][DEBUG] : get_zmq_message : get message of size 464034
[1751906542][2025/07/07-16:42:22][0][DEBUG] : [1751906542][2025/07/07-16:42:22][0][DEBUG] : get_zmq_message : get message of size 464034
[1751906542][2025/07/07-16:42:22][0][DEBUG] : [1751906542][2025/07/07-16:42:22][0][DEBUG] : get_zmq_message : get message of size 464034
[1751906542][2025/07/07-16:42:22][0][DEBUG] : [1751906542][2025/07/07-16:42:22][0][DEBUG] : get_zmq_message : get message of size 464034
[1751906542][2025/07/07-16:42:22][0][DEBUG] : [1751906542][2025/07/07-16:42:22][0][DEBUG] : get_zmq_message : get message of size 464034
[1751906542][2025/07/07-16:42:22][0][DEBUG] : [1751906542][2025/07/07-16:42:22][0][DEBUG] : get_zmq_message : get message of size 464034
[1751906542][2025/07/07-16:42:22][0][DEBUG] : [1751906542][2025/07/07-16:42:22][0][DEBUG] : get_zmq_message : get message of size 464034
[1751906542][2025/07/07-16:42:22][0][DEBUG] : [1751906542][2025/07/07-16:42:22][0][DEBUG] : get_zmq_message : get message of size 464034
[1751906542][2025/07/07-16:42:22][0][DEBUG] : [1751906542][2025/07/07-16:42:22][0][DEBUG] : get_zmq_message : get message of size 464034
[1751906542][2025/07/07-16:42:22][0][DEBUG] : [1751906542][2025/07/07-16:42:22][0][DEBUG] : get_zmq_message : get message of size 464034
[1751906542][2025/07/07-16:42:22][0][DEBUG] : [1751906542][2025/07/07-16:42:22][0][DEBUG] : get_zmq_message : get message of size 464034
[1751906542][2025/07/07-16:42:22][0][DEBUG] : [1751906542][2025/07/07-16:42:22][0][DEBUG] : get_zmq_message : get message of size 464034
[1751906542][2025/07/07-16:42:22][0][DEBUG] : [1751906542][2025/07/07-16:42:22][0][DEBUG] : get_zmq_message : get message of size 464034
[1751906542][2025/07/07-16:42:22][0][DEBUG] : [1751906542][2025/07/07-16:42:22][0][DEBUG] : get_zmq_message : get message of size 464034
[1751906542][2025/07/07-16:42:22][0][DEBUG] : [1751906542][2025/07/07-16:42:22][0][DEBUG] : get_zmq_message : get message of size 464034
[1751906542][2025/07/07-16:42:22][0][DEBUG] : [1751906542][2025/07/07-16:42:22][0][DEBUG] : get_zmq_message : get message of size 464034
[1751906542][2025/07/07-16:42:22][0][DEBUG] : [1751906542][2025/07/07-16:42:22][0][DEBUG] : get_zmq_message : get message of size 464034
[1751906542][2025/07/07-16:42:22][0][DEBUG] : [1751906542][2025/07/07-16:42:22][0][DEBUG] : get_zmq_message : get message of size 464034
[1751906542][2025/07/07-16:42:22][0][DEBUG] : [1751906542][2025/07/07-16:42:22][0][DEBUG] : get_zmq_message : get message of size 464034
[1751906542][2025/07/07-16:42:22][0][DEBUG] : [1751906542][2025/07/07-16:42:22][0][DEBUG] : get_zmq_message : get message of size 464034
[1751906542][2025/07/07-16:42:22][0][DEBUG] : [1751906542][2025/07/07-16:42:22][0][DEBUG] : get_zmq_message : get message of size 464034
[1751906542][2025/07/07-16:42:22][0][DEBUG] : [1751906542][2025/07/07-16:42:22][0][DEBUG] : get_zmq_message : get message of size 464034
[1751906542][2025/07/07-16:42:22][0][DEBUG] : [1751906542][2025/07/07-16:42:22][0][DEBUG] : get_zmq_message : get message of size 464034
[1751906542][2025/07/07-16:42:22][0][DEBUG] : [1751906542][2025/07/07-16:42:22][0][DEBUG] : get_zmq_message : get message of size 464034
[1751906542][2025/07/07-16:42:22][0][DEBUG] : [1751906542][2025/07/07-16:42:22][0][DEBUG] : get_zmq_message : get message of size 464034
[1751906542][2025/07/07-16:42:22][0][DEBUG] : [1751906542][2025/07/07-16:42:22][0][DEBUG] : get_zmq_message : get message of size 464034
[1751906542][2025/07/07-16:42:22][0][DEBUG] : [1751906542][2025/07/07-16:42:22][0][DEBUG] : get_zmq_message : get message of size 464034
[1751906542][2025/07/07-16:42:22][0][DEBUG] : [1751906542][2025/07/07-16:42:22][0][DEBUG] : get_zmq_message : get message of size 464034
[1751906542][2025/07/07-16:42:22][0][DEBUG] : [1751906542][2025/07/07-16:42:22][0][DEBUG] : get_zmq_message : get message of size 464034
[1751906542][2025/07/07-16:42:22][0][DEBUG] : [1751906542][2025/07/07-16:42:22][0][DEBUG] : get_zmq_message : get message of size 464034
[1751906542][2025/07/07-16:42:22][0][DEBUG] : [1751906542][2025/07/07-16:42:22][0][DEBUG] : get_zmq_message : get message of size 464034
[1751906542][2025/07/07-16:42:22][0][DEBUG] : [1751906542][2025/07/07-16:42:22][0][DEBUG] : get_zmq_message : get message of size 464034
[1751906542][2025/07/07-16:42:22][0][DEBUG] : [1751906542][2025/07/07-16:42:22][0][DEBUG] : get_zmq_message : get message of size 464034
[1751906542][2025/07/07-16:42:22][0][DEBUG] : [1751906542][2025/07/07-16:42:22][0][DEBUG] : get_zmq_message : get message of size 464034
[1751906542][2025/07/07-16:42:22][0][DEBUG] : [1751906542][2025/07/07-16:42:22][0][DEBUG] : get_zmq_message : get message of size 464034
[1751906542][2025/07/07-16:42:22][0][DEBUG] : [1751906542][2025/07/07-16:42:22][0][DEBUG] : get_zmq_message : get message of size 464034
[1751906542][2025/07/07-16:42:22][0][DEBUG] : [1751906542][2025/07/07-16:42:22][0][DEBUG] : get_zmq_message : get message of size 464034
[1751906542][2025/07/07-16:42:22][0][DEBUG] : [1751906542][2025/07/07-16:42:22][0][DEBUG] : get_zmq_message : get message of size 464034
[1751906542][2025/07/07-16:42:22][0][DEBUG] : [1751906542][2025/07/07-16:42:22][0][DEBUG] : get_zmq_message : get message of size 464034
[1751906542][2025/07/07-16:42:22][0][DEBUG] : [1751906542][2025/07/07-16:42:22][0][DEBUG] : get_zmq_message : get message of size 464034
[1751906542][2025/07/07-16:42:22][0][DEBUG] : [1751906542][2025/07/07-16:42:22][0][DEBUG] : get_zmq_message : get message of size 464034
[1751906542][2025/07/07-16:42:22][0][DEBUG] : [1751906542][2025/07/07-16:42:22][0][DEBUG] : get_zmq_message : get message of size 464034
[1751906542][2025/07/07-16:42:22][0][DEBUG] : [1751906542][2025/07/07-16:42:22][0][DEBUG] : get_zmq_message : get message of size 464034
[1751906542][2025/07/07-16:42:22][0][DEBUG] : [1751906542][2025/07/07-16:42:22][0][DEBUG] : get_zmq_message : get message of size 464034
[1751906542][2025/07/07-16:42:22][0][DEBUG] : [1751906542][2025/07/07-16:42:22][0][DEBUG] : get_zmq_message : get message of size 464034
[1751906542][2025/07/07-16:42:22][0][DEBUG] : [1751906542][2025/07/07-16:42:22][0][DEBUG] : get_zmq_message : get message of size 464034
[1751906542][2025/07/07-16:42:22][0][DEBUG] : [1751906542][2025/07/07-16:42:22][0][INFO] : update_timer_message : nbBadMessage = 6 (size in [53, 4490]), consecutiveRecieved[0, 0], nbEvent = 454, nbGoodEvent = 454, ratioEventPerSecond = 453.846, ratioGoodEventPerSecond = 453.846
[1751906542][2025/07/07-16:42:22][0][DEBUG] : get_zmq_message : get message of size 464034
[1751906542][2025/07/07-16:42:22][0][DEBUG] : [1751906542][2025/07/07-16:42:22][0][DEBUG] : get_zmq_message : get message of size 464034
[1751906542][2025/07/07-16:42:22][0][DEBUG] : [1751906542][2025/07/07-16:42:22][0][DEBUG] : get_zmq_message : get message of size 464034
[1751906542][2025/07/07-16:42:22][0][DEBUG] : [1751906542][2025/07/07-16:42:22][0][DEBUG] : get_zmq_message : get message of size 464034
[1751906542][2025/07/07-16:42:22][0][DEBUG] : [1751906542][2025/07/07-16:42:22][0][DEBUG] : get_zmq_message : get message of size 464034
[1751906542][2025/07/07-16:42:22][0][DEBUG] : [1751906542][2025/07/07-16:42:22][0][DEBUG] : get_zmq_message : get message of size 464034
[1751906542][2025/07/07-16:42:22][0][DEBUG] : [1751906542][2025/07/07-16:42:22][0][DEBUG] : get_zmq_message : get message of size 464034
[1751906542][2025/07/07-16:42:22][0][DEBUG] : [1751906542][2025/07/07-16:42:22][0][DEBUG] : get_zmq_message : get message of size 464034
[1751906542][2025/07/07-16:42:22][0][DEBUG] : [1751906542][2025/07/07-16:42:22][0][DEBUG] : get_zmq_message : get message of size 464034
[1751906542][2025/07/07-16:42:22][0][DEBUG] : [1751906542][2025/07/07-16:42:22][0][DEBUG] : get_zmq_message : get message of size 464034
[1751906542][2025/07/07-16:42:22][0][DEBUG] : [1751906542][2025/07/07-16:42:22][0][DEBUG] : get_zmq_message : get message of size 464034
[1751906542][2025/07/07-16:42:22][0][DEBUG] : [1751906542][2025/07/07-16:42:22][0][DEBUG] : get_zmq_message : get message of size 464034
[1751906542][2025/07/07-16:42:22][0][DEBUG] : [1751906542][2025/07/07-16:42:22][0][DEBUG] : get_zmq_message : get message of size 464034
[1751906542][2025/07/07-16:42:22][0][DEBUG] : [1751906542][2025/07/07-16:42:22][0][DEBUG] : get_zmq_message : get message of size 464034
[1751906542][2025/07/07-16:42:22][0][DEBUG] : [1751906542][2025/07/07-16:42:22][0][DEBUG] : get_zmq_message : get message of size 464034
[1751906542][2025/07/07-16:42:22][0][DEBUG] : [1751906542][2025/07/07-16:42:22][0][DEBUG] : get_zmq_message : get message of size 464034
[1751906542][2025/07/07-16:42:22][0][DEBUG] : [1751906542][2025/07/07-16:42:22][0][DEBUG] : get_zmq_message : get message of size 464034
[1751906542][2025/07/07-16:42:22][0][DEBUG] : [1751906542][2025/07/07-16:42:22][0][DEBUG] : get_zmq_message : get message of size 464034
[1751906542][2025/07/07-16:42:22][0][DEBUG] : [1751906542][2025/07/07-16:42:22][0][DEBUG] : get_zmq_message : get message of size 464034
[1751906542][2025/07/07-16:42:22][0][DEBUG] : [1751906542][2025/07/07-16:42:22][0][DEBUG] : get_zmq_message : get message of size 464034
[1751906542][2025/07/07-16:42:22][0][DEBUG] : [1751906542][2025/07/07-16:42:22][0][DEBUG] : get_zmq_message : get message of size 464034
[1751906542][2025/07/07-16:42:22][0][DEBUG] : [1751906542][2025/07/07-16:42:22][0][DEBUG] : get_zmq_message : get message of size 464034
[1751906542][2025/07/07-16:42:22][0][DEBUG] : [1751906542][2025/07/07-16:42:22][0][DEBUG] : get_zmq_message : get message of size 464034
[1751906542][2025/07/07-16:42:22][0][DEBUG] : [1751906542][2025/07/07-16:42:22][0][DEBUG] : get_zmq_message : get message of size 464034
[1751906542][2025/07/07-16:42:22][0][DEBUG] : [1751906542][2025/07/07-16:42:22][0][DEBUG] : get_zmq_message : get message of size 464034
[1751906542][2025/07/07-16:42:22][0][DEBUG] : [1751906542][2025/07/07-16:42:22][0][DEBUG] : get_zmq_message : get message of size 464034
[1751906542][2025/07/07-16:42:22][0][DEBUG] : [1751906542][2025/07/07-16:42:22][0][DEBUG] : get_zmq_message : get message of size 464034
[1751906542][2025/07/07-16:42:22][0][DEBUG] : [1751906542][2025/07/07-16:42:22][0][DEBUG] : get_zmq_message : get message of size 464034
[1751906542][2025/07/07-16:42:22][0][DEBUG] : [1751906542][2025/07/07-16:42:22][0][DEBUG] : get_zmq_message : get message of size 464034
[1751906542][2025/07/07-16:42:22][0][DEBUG] : [1751906542][2025/07/07-16:42:22][0][DEBUG] : get_zmq_message : get message of size 464034
[1751906542][2025/07/07-16:42:22][0][DEBUG] : [1751906542][2025/07/07-16:42:22][0][DEBUG] : get_zmq_message : get message of size 464034
[1751906542][2025/07/07-16:42:22][0][DEBUG] : [1751906542][2025/07/07-16:42:22][0][DEBUG] : get_zmq_message : get message of size 464034
[1751906542][2025/07/07-16:42:22][0][DEBUG] : [1751906542][2025/07/07-16:42:22][0][DEBUG] : get_zmq_message : get message of size 464034
[1751906542][2025/07/07-16:42:22][0][DEBUG] : [1751906542][2025/07/07-16:42:22][0][DEBUG] : get_zmq_message : get message of size 464034
[1751906542][2025/07/07-16:42:22][0][DEBUG] : [1751906542][2025/07/07-16:42:22][0][DEBUG] : get_zmq_message : get message of size 464034
[1751906542][2025/07/07-16:42:22][0][DEBUG] : [1751906542][2025/07/07-16:42:22][0][DEBUG] : get_zmq_message : get message of size 464034
[1751906542][2025/07/07-16:42:22][0][DEBUG] : [1751906542][2025/07/07-16:42:22][0][DEBUG] : get_zmq_message : get message of size 464034
[1751906542][2025/07/07-16:42:22][0][DEBUG] : [1751906542][2025/07/07-16:42:22][0][DEBUG] : get_zmq_message : get message of size 464034
[1751906542][2025/07/07-16:42:22][0][DEBUG] : [1751906542][2025/07/07-16:42:22][0][DEBUG] : get_zmq_message : get message of size 464034
[1751906542][2025/07/07-16:42:22][0][DEBUG] : [1751906542][2025/07/07-16:42:22][0][DEBUG] : get_zmq_message : get message of size 464034
[1751906542][2025/07/07-16:42:22][0][DEBUG] : [1751906542][2025/07/07-16:42:22][0][DEBUG] : get_zmq_message : get message of size 464034
[1751906542][2025/07/07-16:42:22][0][DEBUG] : [1751906542][2025/07/07-16:42:22][0][DEBUG] : get_zmq_message : get message of size 464034
[1751906542][2025/07/07-16:42:22][0][DEBUG] : [1751906542][2025/07/07-16:42:22][0][DEBUG] : get_zmq_message : get message of size 464034
[1751906542][2025/07/07-16:42:22][0][DEBUG] : [1751906542][2025/07/07-16:42:22][0][DEBUG] : get_zmq_message : get message of size 464034
[1751906542][2025/07/07-16:42:22][0][DEBUG] : [1751906542][2025/07/07-16:42:22][0][DEBUG] : get_zmq_message : get message of size 464034
[1751906542][2025/07/07-16:42:22][0][DEBUG] : [1751906542][2025/07/07-16:42:22][0][DEBUG] : get_zmq_message : get message of size 464034
[1751906542][2025/07/07-16:42:22][0][DEBUG] : [1751906542][2025/07/07-16:42:22][0][DEBUG] : get_zmq_message : get message of size 464034
[1751906542][2025/07/07-16:42:22][0][DEBUG] : [1751906542][2025/07/07-16:42:22][0][DEBUG] : get_zmq_message : get message of size 464034
[1751906542][2025/07/07-16:42:22][0][DEBUG] : [1751906542][2025/07/07-16:42:22][0][DEBUG] : get_zmq_message : get message of size 464034
[1751906542][2025/07/07-16:42:22][0][DEBUG] : [1751906542][2025/07/07-16:42:22][0][DEBUG] : get_zmq_message : get message of size 464034
[1751906542][2025/07/07-16:42:22][0][DEBUG] : [1751906542][2025/07/07-16:42:22][0][DEBUG] : get_zmq_message : get message of size 464034
[1751906542][2025/07/07-16:42:22][0][DEBUG] : [1751906542][2025/07/07-16:42:22][0][DEBUG] : get_zmq_message : get message of size 464034
[1751906542][2025/07/07-16:42:22][0][DEBUG] : [1751906542][2025/07/07-16:42:22][0][DEBUG] : get_zmq_message : get message of size 464034
[1751906542][2025/07/07-16:42:22][0][DEBUG] : [1751906542][2025/07/07-16:42:22][0][DEBUG] : get_zmq_message : get message of size 464034
[1751906542][2025/07/07-16:42:22][0][DEBUG] : [1751906542][2025/07/07-16:42:22][0][DEBUG] : get_zmq_message : get message of size 464034
[1751906542][2025/07/07-16:42:22][0][DEBUG] : [1751906542][2025/07/07-16:42:22][0][DEBUG] : get_zmq_message : get message of size 464034
[1751906542][2025/07/07-16:42:22][0][DEBUG] : [1751906542][2025/07/07-16:42:22][0][DEBUG] : get_zmq_message : get message of size 464034
[1751906542][2025/07/07-16:42:22][0][DEBUG] : [1751906542][2025/07/07-16:42:22][0][DEBUG] : get_zmq_message : get message of size 464034
[1751906542][2025/07/07-16:42:22][0][DEBUG] : [1751906542][2025/07/07-16:42:22][0][DEBUG] : get_zmq_message : get message of size 464034
[1751906542][2025/07/07-16:42:22][0][DEBUG] : [1751906542][2025/07/07-16:42:22][0][DEBUG] : get_zmq_message : get message of size 464034
[1751906542][2025/07/07-16:42:22][0][DEBUG] : [1751906542][2025/07/07-16:42:22][0][DEBUG] : get_zmq_message : get message of size 464034
[1751906542][2025/07/07-16:42:22][0][DEBUG] : [1751906542][2025/07/07-16:42:22][0][DEBUG] : get_zmq_message : get message of size 464034
[1751906542][2025/07/07-16:42:22][0][DEBUG] : [1751906542][2025/07/07-16:42:22][0][DEBUG] : get_zmq_message : get message of size 464034
[1751906542][2025/07/07-16:42:22][0][DEBUG] : [1751906542][2025/07/07-16:42:22][0][DEBUG] : get_zmq_message : get message of size 464034
[1751906542][2025/07/07-16:42:22][0][DEBUG] : [1751906542][2025/07/07-16:42:22][0][DEBUG] : get_zmq_message : get message of size 464034
[1751906542][2025/07/07-16:42:22][0][DEBUG] : [1751906542][2025/07/07-16:42:22][0][DEBUG] : get_zmq_message : get message of size 464034
[1751906542][2025/07/07-16:42:22][0][DEBUG] : [1751906542][2025/07/07-16:42:22][0][DEBUG] : get_zmq_message : get message of size 464034
[1751906542][2025/07/07-16:42:22][0][DEBUG] : [1751906542][2025/07/07-16:42:22][0][DEBUG] : get_zmq_message : get message of size 464034
[1751906542][2025/07/07-16:42:22][0][DEBUG] : [1751906542][2025/07/07-16:42:22][0][DEBUG] : get_zmq_message : get message of size 464034
[1751906542][2025/07/07-16:42:22][0][DEBUG] : [1751906542][2025/07/07-16:42:22][0][DEBUG] : get_zmq_message : get message of size 464034
[1751906542][2025/07/07-16:42:22][0][DEBUG] : [1751906542][2025/07/07-16:42:22][0][DEBUG] : get_zmq_message : get message of size 464034
[1751906542][2025/07/07-16:42:22][0][DEBUG] : [1751906542][2025/07/07-16:42:22][0][DEBUG] : get_zmq_message : get message of size 464034
[1751906542][2025/07/07-16:42:22][0][DEBUG] : [1751906542][2025/07/07-16:42:22][0][DEBUG] : get_zmq_message : get message of size 464034
[1751906542][2025/07/07-16:42:22][0][DEBUG] : [1751906542][2025/07/07-16:42:22][0][DEBUG] : get_zmq_message : get message of size 464034
[1751906542][2025/07/07-16:42:22][0][DEBUG] : [1751906542][2025/07/07-16:42:22][0][DEBUG] : get_zmq_message : get message of size 464034
[1751906542][2025/07/07-16:42:22][0][DEBUG] : [1751906542][2025/07/07-16:42:22][0][DEBUG] : get_zmq_message : get message of size 464034
[1751906542][2025/07/07-16:42:22][0][DEBUG] : [1751906542][2025/07/07-16:42:22][0][DEBUG] : get_zmq_message : get message of size 464034
[1751906542][2025/07/07-16:42:22][0][DEBUG] : [1751906542][2025/07/07-16:42:22][0][DEBUG] : get_zmq_message : get message of size 464034
[1751906542][2025/07/07-16:42:22][0][DEBUG] : [1751906542][2025/07/07-16:42:22][0][DEBUG] : get_zmq_message : get message of size 464034
[1751906542][2025/07/07-16:42:22][0][DEBUG] : [1751906542][2025/07/07-16:42:22][0][DEBUG] : get_zmq_message : get message of size 464034
[1751906542][2025/07/07-16:42:22][0][DEBUG] : [1751906542][2025/07/07-16:42:22][0][DEBUG] : get_zmq_message : get message of size 464034
[1751906542][2025/07/07-16:42:22][0][DEBUG] : [1751906542][2025/07/07-16:42:22][0][DEBUG] : get_zmq_message : get message of size 464034
[1751906542][2025/07/07-16:42:22][0][DEBUG] : [1751906542][2025/07/07-16:42:22][0][DEBUG] : get_zmq_message : get message of size 464034
[1751906542][2025/07/07-16:42:22][0][DEBUG] : [1751906542][2025/07/07-16:42:22][0][DEBUG] : get_zmq_message : get message of size 464034
[1751906542][2025/07/07-16:42:22][0][DEBUG] : [1751906542][2025/07/07-16:42:22][0][DEBUG] : get_zmq_message : get message of size 464034
[1751906542][2025/07/07-16:42:22][0][DEBUG] : [1751906542][2025/07/07-16:42:22][0][DEBUG] : get_zmq_message : get message of size 464034
[1751906542][2025/07/07-16:42:22][0][DEBUG] : [1751906542][2025/07/07-16:42:22][0][DEBUG] : get_zmq_message : get message of size 464034
[1751906542][2025/07/07-16:42:22][0][DEBUG] : [1751906542][2025/07/07-16:42:22][0][DEBUG] : get_zmq_message : get message of size 464034
[1751906542][2025/07/07-16:42:22][0][DEBUG] : [1751906542][2025/07/07-16:42:22][0][DEBUG] : get_zmq_message : get message of size 464034
[1751906542][2025/07/07-16:42:22][0][DEBUG] : [1751906542][2025/07/07-16:42:22][0][DEBUG] : get_zmq_message : get message of size 464034
[1751906542][2025/07/07-16:42:22][0][DEBUG] : [1751906542][2025/07/07-16:42:22][0][DEBUG] : get_zmq_message : get message of size 464034
[1751906542][2025/07/07-16:42:22][0][DEBUG] : [1751906542][2025/07/07-16:42:22][0][DEBUG] : get_zmq_message : get message of size 464034
[1751906542][2025/07/07-16:42:22][0][DEBUG] : [1751906542][2025/07/07-16:42:22][0][DEBUG] : get_zmq_message : get message of size 464034
[1751906542][2025/07/07-16:42:22][0][DEBUG] : [1751906542][2025/07/07-16:42:22][0][DEBUG] : get_zmq_message : get message of size 464034
[1751906542][2025/07/07-16:42:22][0][DEBUG] : [1751906542][2025/07/07-16:42:22][0][DEBUG] : get_zmq_message : get message of size 464034
[1751906542][2025/07/07-16:42:22][0][DEBUG] : [1751906542][2025/07/07-16:42:22][0][DEBUG] : get_zmq_message : get message of size 464034
[1751906542][2025/07/07-16:42:22][0][DEBUG] : [1751906542][2025/07/07-16:42:22][0][DEBUG] : get_zmq_message : get message of size 464034
[1751906542][2025/07/07-16:42:22][0][DEBUG] : [1751906542][2025/07/07-16:42:22][0][DEBUG] : get_zmq_message : get message of size 464034
[1751906542][2025/07/07-16:42:22][0][DEBUG] : [1751906542][2025/07/07-16:42:22][0][DEBUG] : get_zmq_message : get message of size 464034
[1751906542][2025/07/07-16:42:22][0][DEBUG] : [1751906542][2025/07/07-16:42:22][0][DEBUG] : get_zmq_message : get message of size 464034
[1751906542][2025/07/07-16:42:22][0][DEBUG] : [1751906542][2025/07/07-16:42:22][0][DEBUG] : get_zmq_message : get message of size 464034
[1751906542][2025/07/07-16:42:22][0][DEBUG] : [1751906542][2025/07/07-16:42:22][0][DEBUG] : get_zmq_message : get message of size 464034
[1751906542][2025/07/07-16:42:22][0][DEBUG] : [1751906542][2025/07/07-16:42:22][0][DEBUG] : get_zmq_message : get message of size 464034
[1751906542][2025/07/07-16:42:22][0][DEBUG] : [1751906542][2025/07/07-16:42:22][0][DEBUG] : get_zmq_message : get message of size 464034
[1751906542][2025/07/07-16:42:22][0][DEBUG] : [1751906542][2025/07/07-16:42:22][0][DEBUG] : get_zmq_message : get message of size 464034
[1751906542][2025/07/07-16:42:22][0][DEBUG] : [1751906542][2025/07/07-16:42:22][0][DEBUG] : get_zmq_message : get message of size 464034
[1751906542][2025/07/07-16:42:22][0][DEBUG] : [1751906542][2025/07/07-16:42:22][0][DEBUG] : get_zmq_message : get message of size 464034
[1751906542][2025/07/07-16:42:22][0][DEBUG] : [1751906542][2025/07/07-16:42:22][0][DEBUG] : get_zmq_message : get message of size 464034
[1751906542][2025/07/07-16:42:22][0][DEBUG] : [1751906542][2025/07/07-16:42:22][0][DEBUG] : get_zmq_message : get message of size 464034
[1751906542][2025/07/07-16:42:22][0][DEBUG] : [1751906542][2025/07/07-16:42:22][0][DEBUG] : get_zmq_message : get message of size 464034
[1751906542][2025/07/07-16:42:22][0][DEBUG] : [1751906542][2025/07/07-16:42:22][0][DEBUG] : get_zmq_message : get message of size 464034
[1751906542][2025/07/07-16:42:22][0][DEBUG] : [1751906542][2025/07/07-16:42:22][0][DEBUG] : get_zmq_message : get message of size 464034
[1751906542][2025/07/07-16:42:22][0][DEBUG] : [1751906542][2025/07/07-16:42:22][0][DEBUG] : get_zmq_message : get message of size 464034
[1751906542][2025/07/07-16:42:22][0][DEBUG] : [1751906542][2025/07/07-16:42:22][0][DEBUG] : get_zmq_message : get message of size 464034
[1751906542][2025/07/07-16:42:22][0][DEBUG] : [1751906542][2025/07/07-16:42:22][0][DEBUG] : get_zmq_message : get message of size 464034
[1751906542][2025/07/07-16:42:22][0][DEBUG] : [1751906542][2025/07/07-16:42:22][0][DEBUG] : get_zmq_message : get message of size 464034
[1751906542][2025/07/07-16:42:22][0][DEBUG] : [1751906542][2025/07/07-16:42:22][0][DEBUG] : get_zmq_message : get message of size 464034
[1751906542][2025/07/07-16:42:22][0][DEBUG] : [1751906542][2025/07/07-16:42:22][0][DEBUG] : get_zmq_message : get message of size 464034
[1751906542][2025/07/07-16:42:22][0][DEBUG] : [1751906542][2025/07/07-16:42:22][0][DEBUG] : get_zmq_message : get message of size 464034
[1751906542][2025/07/07-16:42:22][0][DEBUG] : [1751906542][2025/07/07-16:42:22][0][DEBUG] : get_zmq_message : get message of size 464034
[1751906542][2025/07/07-16:42:22][0][DEBUG] : [1751906542][2025/07/07-16:42:22][0][DEBUG] : get_zmq_message : get message of size 464034
[1751906542][2025/07/07-16:42:22][0][DEBUG] : [1751906542][2025/07/07-16:42:22][0][DEBUG] : get_zmq_message : get message of size 464034
[1751906542][2025/07/07-16:42:22][0][DEBUG] : [1751906542][2025/07/07-16:42:22][0][DEBUG] : get_zmq_message : get message of size 464034
[1751906542][2025/07/07-16:42:22][0][DEBUG] : [1751906542][2025/07/07-16:42:22][0][DEBUG] : get_zmq_message : get message of size 464034
[1751906542][2025/07/07-16:42:22][0][DEBUG] : [1751906542][2025/07/07-16:42:22][0][DEBUG] : get_zmq_message : get message of size 464034
[1751906542][2025/07/07-16:42:22][0][DEBUG] : [1751906542][2025/07/07-16:42:22][0][DEBUG] : get_zmq_message : get message of size 464034
[1751906542][2025/07/07-16:42:22][0][DEBUG] : [1751906542][2025/07/07-16:42:22][0][DEBUG] : get_zmq_message : get message of size 464034
[1751906542][2025/07/07-16:42:22][0][DEBUG] : [1751906542][2025/07/07-16:42:22][0][DEBUG] : get_zmq_message : get message of size 464034
[1751906542][2025/07/07-16:42:22][0][DEBUG] : [1751906542][2025/07/07-16:42:22][0][DEBUG] : get_zmq_message : get message of size 464034
[1751906542][2025/07/07-16:42:22][0][DEBUG] : [1751906542][2025/07/07-16:42:22][0][DEBUG] : get_zmq_message : get message of size 464034
[1751906542][2025/07/07-16:42:22][0][DEBUG] : [1751906542][2025/07/07-16:42:22][0][DEBUG] : get_zmq_message : get message of size 464034
[1751906542][2025/07/07-16:42:22][0][DEBUG] : [1751906542][2025/07/07-16:42:22][0][DEBUG] : get_zmq_message : get message of size 464034
[1751906542][2025/07/07-16:42:22][0][DEBUG] : [1751906542][2025/07/07-16:42:22][0][DEBUG] : get_zmq_message : get message of size 464034
[1751906542][2025/07/07-16:42:22][0][DEBUG] : [1751906542][2025/07/07-16:42:22][0][DEBUG] : get_zmq_message : get message of size 464034
[1751906542][2025/07/07-16:42:22][0][DEBUG] : [1751906542][2025/07/07-16:42:22][0][DEBUG] : get_zmq_message : get message of size 464034
[1751906542][2025/07/07-16:42:22][0][DEBUG] : [1751906542][2025/07/07-16:42:22][0][DEBUG] : get_zmq_message : get message of size 464034
[1751906542][2025/07/07-16:42:22][0][DEBUG] : [1751906542][2025/07/07-16:42:22][0][DEBUG] : get_zmq_message : get message of size 464034
[1751906542][2025/07/07-16:42:22][0][DEBUG] : [1751906542][2025/07/07-16:42:22][0][DEBUG] : get_zmq_message : get message of size 464034
[1751906542][2025/07/07-16:42:22][0][DEBUG] : [1751906542][2025/07/07-16:42:22][0][DEBUG] : get_zmq_message : get message of size 464034
[1751906542][2025/07/07-16:42:22][0][DEBUG] : [1751906542][2025/07/07-16:42:22][0][DEBUG] : get_zmq_message : get message of size 464034
[1751906542][2025/07/07-16:42:22][0][DEBUG] : [1751906542][2025/07/07-16:42:22][0][DEBUG] : get_zmq_message : get message of size 464034
[1751906542][2025/07/07-16:42:22][0][DEBUG] : [1751906542][2025/07/07-16:42:22][0][DEBUG] : get_zmq_message : get message of size 464034
[1751906542][2025/07/07-16:42:22][0][DEBUG] : [1751906542][2025/07/07-16:42:22][0][DEBUG] : get_zmq_message : get message of size 464034
[1751906542][2025/07/07-16:42:22][0][DEBUG] : [1751906542][2025/07/07-16:42:22][0][DEBUG] : get_zmq_message : get message of size 464034
[1751906542][2025/07/07-16:42:22][0][DEBUG] : [1751906542][2025/07/07-16:42:22][0][DEBUG] : get_zmq_message : get message of size 464034
[1751906542][2025/07/07-16:42:22][0][DEBUG] : [1751906542][2025/07/07-16:42:22][0][DEBUG] : get_zmq_message : get message of size 464034
[1751906542][2025/07/07-16:42:22][0][DEBUG] : [1751906542][2025/07/07-16:42:22][0][DEBUG] : get_zmq_message : get message of size 464034
[1751906542][2025/07/07-16:42:22][0][DEBUG] : [1751906542][2025/07/07-16:42:22][0][DEBUG] : get_zmq_message : get message of size 464034
[1751906542][2025/07/07-16:42:22][0][DEBUG] : [1751906542][2025/07/07-16:42:22][0][DEBUG] : get_zmq_message : get message of size 464034
[1751906542][2025/07/07-16:42:22][0][DEBUG] : [1751906542][2025/07/07-16:42:22][0][DEBUG] : get_zmq_message : get message of size 464034
[1751906542][2025/07/07-16:42:22][0][DEBUG] : [1751906542][2025/07/07-16:42:22][0][DEBUG] : get_zmq_message : get message of size 464034
[1751906542][2025/07/07-16:42:22][0][DEBUG] : [1751906542][2025/07/07-16:42:22][0][DEBUG] : get_zmq_message : get message of size 464034
[1751906542][2025/07/07-16:42:22][0][DEBUG] : [1751906542][2025/07/07-16:42:22][0][DEBUG] : get_zmq_message : get message of size 464034
[1751906542][2025/07/07-16:42:22][0][DEBUG] : [1751906542][2025/07/07-16:42:22][0][DEBUG] : get_zmq_message : get message of size 464034
[1751906542][2025/07/07-16:42:22][0][DEBUG] : [1751906542][2025/07/07-16:42:22][0][DEBUG] : get_zmq_message : get message of size 464034
[1751906542][2025/07/07-16:42:22][0][DEBUG] : [1751906542][2025/07/07-16:42:22][0][DEBUG] : get_zmq_message : get message of size 464034
[1751906542][2025/07/07-16:42:22][0][DEBUG] : [1751906542][2025/07/07-16:42:22][0][DEBUG] : get_zmq_message : get message of size 464034
[1751906542][2025/07/07-16:42:22][0][DEBUG] : [1751906542][2025/07/07-16:42:22][0][DEBUG] : get_zmq_message : get message of size 464034
[1751906542][2025/07/07-16:42:22][0][DEBUG] : [1751906542][2025/07/07-16:42:22][0][DEBUG] : get_zmq_message : get message of size 464034
[1751906542][2025/07/07-16:42:22][0][DEBUG] : [1751906542][2025/07/07-16:42:22][0][DEBUG] : get_zmq_message : get message of size 464034
[1751906542][2025/07/07-16:42:22][0][DEBUG] : [1751906542][2025/07/07-16:42:22][0][DEBUG] : get_zmq_message : get message of size 464034
[1751906542][2025/07/07-16:42:22][0][DEBUG] : [1751906542][2025/07/07-16:42:22][0][DEBUG] : get_zmq_message : get message of size 464034
[1751906542][2025/07/07-16:42:22][0][DEBUG] : [1751906542][2025/07/07-16:42:22][0][DEBUG] : get_zmq_message : get message of size 464034
[1751906542][2025/07/07-16:42:22][0][DEBUG] : [1751906542][2025/07/07-16:42:22][0][DEBUG] : get_zmq_message : get message of size 464034
[1751906542][2025/07/07-16:42:22][0][DEBUG] : [1751906542][2025/07/07-16:42:22][0][DEBUG] : get_zmq_message : get message of size 464034
[1751906542][2025/07/07-16:42:22][0][DEBUG] : [1751906542][2025/07/07-16:42:22][0][DEBUG] : get_zmq_message : get message of size 464034
[1751906542][2025/07/07-16:42:22][0][DEBUG] : [1751906542][2025/07/07-16:42:22][0][DEBUG] : get_zmq_message : get message of size 464034
[1751906542][2025/07/07-16:42:22][0][DEBUG] : [1751906542][2025/07/07-16:42:22][0][DEBUG] : get_zmq_message : get message of size 464034
[1751906542][2025/07/07-16:42:22][0][DEBUG] : [1751906542][2025/07/07-16:42:22][0][DEBUG] : get_zmq_message : get message of size 464034
[1751906542][2025/07/07-16:42:22][0][DEBUG] : [1751906542][2025/07/07-16:42:22][0][DEBUG] : get_zmq_message : get message of size 464034
[1751906542][2025/07/07-16:42:22][0][DEBUG] : [1751906542][2025/07/07-16:42:22][0][DEBUG] : get_zmq_message : get message of size 464034
[1751906542][2025/07/07-16:42:22][0][DEBUG] : [1751906542][2025/07/07-16:42:22][0][DEBUG] : get_zmq_message : get message of size 464034
[1751906542][2025/07/07-16:42:22][0][DEBUG] : [1751906542][2025/07/07-16:42:22][0][DEBUG] : get_zmq_message : get message of size 464034
[1751906542][2025/07/07-16:42:22][0][DEBUG] : [1751906542][2025/07/07-16:42:22][0][DEBUG] : get_zmq_message : get message of size 464034
[1751906542][2025/07/07-16:42:22][0][DEBUG] : [1751906542][2025/07/07-16:42:22][0][DEBUG] : get_zmq_message : get message of size 464034
[1751906542][2025/07/07-16:42:22][0][DEBUG] : [1751906542][2025/07/07-16:42:22][0][DEBUG] : get_zmq_message : get message of size 464034
[1751906542][2025/07/07-16:42:22][0][DEBUG] : [1751906542][2025/07/07-16:42:22][0][DEBUG] : get_zmq_message : get message of size 464034
[1751906542][2025/07/07-16:42:22][0][DEBUG] : [1751906542][2025/07/07-16:42:22][0][DEBUG] : get_zmq_message : get message of size 464034
[1751906542][2025/07/07-16:42:22][0][DEBUG] : [1751906542][2025/07/07-16:42:22][0][DEBUG] : get_zmq_message : get message of size 464034
[1751906542][2025/07/07-16:42:22][0][DEBUG] : [1751906542][2025/07/07-16:42:22][0][DEBUG] : get_zmq_message : get message of size 464034
[1751906542][2025/07/07-16:42:22][0][DEBUG] : [1751906542][2025/07/07-16:42:22][0][DEBUG] : get_zmq_message : get message of size 464034
[1751906542][2025/07/07-16:42:22][0][DEBUG] : [1751906542][2025/07/07-16:42:22][0][DEBUG] : get_zmq_message : get message of size 464034
[1751906542][2025/07/07-16:42:22][0][DEBUG] : [1751906542][2025/07/07-16:42:22][0][DEBUG] : get_zmq_message : get message of size 464034
[1751906542][2025/07/07-16:42:22][0][DEBUG] : [1751906542][2025/07/07-16:42:22][0][DEBUG] : get_zmq_message : get message of size 464034
[1751906542][2025/07/07-16:42:22][0][DEBUG] : [1751906542][2025/07/07-16:42:22][0][DEBUG] : get_zmq_message : get message of size 464034
[1751906542][2025/07/07-16:42:22][0][DEBUG] : [1751906542][2025/07/07-16:42:22][0][DEBUG] : get_zmq_message : get message of size 464034
[1751906542][2025/07/07-16:42:22][0][DEBUG] : [1751906542][2025/07/07-16:42:22][0][DEBUG] : get_zmq_message : get message of size 464034
[1751906542][2025/07/07-16:42:22][0][DEBUG] : [1751906542][2025/07/07-16:42:22][0][DEBUG] : get_zmq_message : get message of size 464034
[1751906542][2025/07/07-16:42:22][0][DEBUG] : [1751906542][2025/07/07-16:42:22][0][DEBUG] : get_zmq_message : get message of size 464034
[1751906542][2025/07/07-16:42:22][0][DEBUG] : [1751906542][2025/07/07-16:42:22][0][DEBUG] : get_zmq_message : get message of size 464034
[1751906542][2025/07/07-16:42:22][0][DEBUG] : [1751906542][2025/07/07-16:42:22][0][DEBUG] : get_zmq_message : get message of size 464034
[1751906542][2025/07/07-16:42:22][0][DEBUG] : [1751906542][2025/07/07-16:42:22][0][DEBUG] : get_zmq_message : get message of size 464034
[1751906542][2025/07/07-16:42:22][0][DEBUG] : [1751906542][2025/07/07-16:42:22][0][DEBUG] : get_zmq_message : get message of size 464034
[1751906542][2025/07/07-16:42:22][0][DEBUG] : [1751906542][2025/07/07-16:42:22][0][DEBUG] : get_zmq_message : get message of size 464034
[1751906542][2025/07/07-16:42:22][0][DEBUG] : [1751906542][2025/07/07-16:42:22][0][DEBUG] : get_zmq_message : get message of size 464034
[1751906542][2025/07/07-16:42:22][0][DEBUG] : [1751906542][2025/07/07-16:42:22][0][DEBUG] : get_zmq_message : get message of size 464034
[1751906542][2025/07/07-16:42:22][0][DEBUG] : [1751906542][2025/07/07-16:42:22][0][DEBUG] : get_zmq_message : get message of size 464034
[1751906542][2025/07/07-16:42:22][0][DEBUG] : [1751906542][2025/07/07-16:42:22][0][DEBUG] : get_zmq_message : get message of size 464034
[1751906542][2025/07/07-16:42:22][0][DEBUG] : [1751906542][2025/07/07-16:42:22][0][DEBUG] : get_zmq_message : get message of size 464034
[1751906542][2025/07/07-16:42:22][0][DEBUG] : [1751906542][2025/07/07-16:42:22][0][DEBUG] : get_zmq_message : get message of size 464034
[1751906542][2025/07/07-16:42:22][0][DEBUG] : [1751906542][2025/07/07-16:42:22][0][DEBUG] : get_zmq_message : get message of size 464034
[1751906542][2025/07/07-16:42:22][0][DEBUG] : [1751906542][2025/07/07-16:42:22][0][DEBUG] : get_zmq_message : get message of size 464034
[1751906542][2025/07/07-16:42:22][0][DEBUG] : [1751906542][2025/07/07-16:42:22][0][DEBUG] : get_zmq_message : get message of size 464034
[1751906542][2025/07/07-16:42:22][0][DEBUG] : [1751906542][2025/07/07-16:42:22][0][DEBUG] : get_zmq_message : get message of size 464034
[1751906542][2025/07/07-16:42:22][0][DEBUG] : [1751906542][2025/07/07-16:42:22][0][DEBUG] : get_zmq_message : get message of size 464034
[1751906542][2025/07/07-16:42:22][0][DEBUG] : [1751906542][2025/07/07-16:42:22][0][DEBUG] : get_zmq_message : get message of size 464034
[1751906542][2025/07/07-16:42:22][0][DEBUG] : [1751906542][2025/07/07-16:42:22][0][DEBUG] : get_zmq_message : get message of size 464034
[1751906542][2025/07/07-16:42:22][0][DEBUG] : [1751906542][2025/07/07-16:42:22][0][DEBUG] : get_zmq_message : get message of size 464034
[1751906542][2025/07/07-16:42:22][0][DEBUG] : [1751906542][2025/07/07-16:42:22][0][DEBUG] : get_zmq_message : get message of size 464034
[1751906542][2025/07/07-16:42:22][0][DEBUG] : [1751906542][2025/07/07-16:42:22][0][DEBUG] : get_zmq_message : get message of size 464034
[1751906542][2025/07/07-16:42:22][0][DEBUG] : [1751906542][2025/07/07-16:42:22][0][DEBUG] : get_zmq_message : get message of size 464034
[1751906542][2025/07/07-16:42:22][0][DEBUG] : [1751906542][2025/07/07-16:42:22][0][DEBUG] : get_zmq_message : get message of size 464034
[1751906542][2025/07/07-16:42:22][0][DEBUG] : [1751906542][2025/07/07-16:42:22][0][DEBUG] : get_zmq_message : get message of size 464034
[1751906542][2025/07/07-16:42:22][0][DEBUG] : [1751906542][2025/07/07-16:42:22][0][DEBUG] : get_zmq_message : get message of size 464034
[1751906542][2025/07/07-16:42:22][0][DEBUG] : [1751906542][2025/07/07-16:42:22][0][DEBUG] : get_zmq_message : get message of size 464034
[1751906542][2025/07/07-16:42:22][0][DEBUG] : [1751906542][2025/07/07-16:42:22][0][DEBUG] : get_zmq_message : get message of size 464034
[1751906542][2025/07/07-16:42:22][0][DEBUG] : [1751906542][2025/07/07-16:42:22][0][DEBUG] : get_zmq_message : get message of size 464034
[1751906542][2025/07/07-16:42:22][0][DEBUG] : [1751906542][2025/07/07-16:42:22][0][DEBUG] : get_zmq_message : get message of size 464034
[1751906542][2025/07/07-16:42:22][0][DEBUG] : [1751906542][2025/07/07-16:42:22][0][DEBUG] : get_zmq_message : get message of size 464034
[1751906542][2025/07/07-16:42:22][0][DEBUG] : [1751906542][2025/07/07-16:42:22][0][DEBUG] : get_zmq_message : get message of size 464034
[1751906542][2025/07/07-16:42:22][0][DEBUG] : [1751906542][2025/07/07-16:42:22][0][DEBUG] : get_zmq_message : get message of size 464034
[1751906542][2025/07/07-16:42:22][0][DEBUG] : [1751906542][2025/07/07-16:42:22][0][DEBUG] : get_zmq_message : get message of size 464034
[1751906542][2025/07/07-16:42:22][0][DEBUG] : [1751906542][2025/07/07-16:42:22][0][DEBUG] : get_zmq_message : get message of size 464034
[1751906542][2025/07/07-16:42:22][0][DEBUG] : [1751906542][2025/07/07-16:42:22][0][DEBUG] : get_zmq_message : get message of size 464034
[1751906542][2025/07/07-16:42:22][0][DEBUG] : [1751906542][2025/07/07-16:42:22][0][DEBUG] : get_zmq_message : get message of size 464034
[1751906542][2025/07/07-16:42:22][0][DEBUG] : [1751906542][2025/07/07-16:42:22][0][DEBUG] : get_zmq_message : get message of size 464034
[1751906542][2025/07/07-16:42:22][0][DEBUG] : [1751906542][2025/07/07-16:42:22][0][DEBUG] : get_zmq_message : get message of size 464034
[1751906542][2025/07/07-16:42:22][0][DEBUG] : [1751906542][2025/07/07-16:42:22][0][DEBUG] : get_zmq_message : get message of size 464034
[1751906542][2025/07/07-16:42:22][0][DEBUG] : [1751906542][2025/07/07-16:42:22][0][DEBUG] : get_zmq_message : get message of size 464034
[1751906542][2025/07/07-16:42:22][0][DEBUG] : [1751906542][2025/07/07-16:42:22][0][DEBUG] : get_zmq_message : get message of size 464034
[1751906542][2025/07/07-16:42:22][0][DEBUG] : [1751906542][2025/07/07-16:42:22][0][DEBUG] : get_zmq_message : get message of size 464034
[1751906542][2025/07/07-16:42:22][0][DEBUG] : [1751906542][2025/07/07-16:42:22][0][DEBUG] : get_zmq_message : get message of size 464034
[1751906542][2025/07/07-16:42:22][0][DEBUG] : [1751906542][2025/07/07-16:42:22][0][DEBUG] : get_zmq_message : get message of size 464034
[1751906542][2025/07/07-16:42:22][0][DEBUG] : [1751906542][2025/07/07-16:42:22][0][DEBUG] : get_zmq_message : get message of size 464034
[1751906542][2025/07/07-16:42:22][0][DEBUG] : [1751906542][2025/07/07-16:42:22][0][DEBUG] : get_zmq_message : get message of size 464034
[1751906542][2025/07/07-16:42:22][0][DEBUG] : [1751906542][2025/07/07-16:42:22][0][DEBUG] : get_zmq_message : get message of size 464034
[1751906542][2025/07/07-16:42:22][0][DEBUG] : [1751906542][2025/07/07-16:42:22][0][DEBUG] : get_zmq_message : get message of size 464034
[1751906542][2025/07/07-16:42:22][0][DEBUG] : [1751906542][2025/07/07-16:42:22][0][DEBUG] : get_zmq_message : get message of size 464034
[1751906542][2025/07/07-16:42:22][0][DEBUG] : [1751906542][2025/07/07-16:42:22][0][DEBUG] : get_zmq_message : get message of size 464034
[1751906542][2025/07/07-16:42:22][0][DEBUG] : [1751906542][2025/07/07-16:42:22][0][DEBUG] : get_zmq_message : get message of size 464034
[1751906542][2025/07/07-16:42:22][0][DEBUG] : [1751906542][2025/07/07-16:42:22][0][DEBUG] : get_zmq_message : get message of size 464034
[1751906542][2025/07/07-16:42:22][0][DEBUG] : [1751906542][2025/07/07-16:42:22][0][DEBUG] : get_zmq_message : get message of size 464034
[1751906542][2025/07/07-16:42:22][0][DEBUG] : [1751906542][2025/07/07-16:42:22][0][DEBUG] : get_zmq_message : get message of size 464034
[1751906542][2025/07/07-16:42:22][0][DEBUG] : [1751906542][2025/07/07-16:42:22][0][DEBUG] : get_zmq_message : get message of size 464034
[1751906542][2025/07/07-16:42:22][0][DEBUG] : [1751906542][2025/07/07-16:42:22][0][DEBUG] : get_zmq_message : get message of size 464034
[1751906542][2025/07/07-16:42:22][0][DEBUG] : [1751906542][2025/07/07-16:42:22][0][DEBUG] : get_zmq_message : get message of size 464034
[1751906542][2025/07/07-16:42:22][0][DEBUG] : [1751906542][2025/07/07-16:42:22][0][DEBUG] : get_zmq_message : get message of size 464034
[1751906542][2025/07/07-16:42:22][0][DEBUG] : [1751906542][2025/07/07-16:42:22][0][DEBUG] : get_zmq_message : get message of size 464034
[1751906542][2025/07/07-16:42:22][0][DEBUG] : [1751906542][2025/07/07-16:42:22][0][DEBUG] : get_zmq_message : get message of size 464034
[1751906542][2025/07/07-16:42:22][0][DEBUG] : [1751906542][2025/07/07-16:42:22][0][DEBUG] : get_zmq_message : get message of size 464034
[1751906542][2025/07/07-16:42:22][0][DEBUG] : [1751906542][2025/07/07-16:42:22][0][DEBUG] : get_zmq_message : get message of size 464034
[1751906542][2025/07/07-16:42:22][0][DEBUG] : [1751906542][2025/07/07-16:42:22][0][DEBUG] : get_zmq_message : get message of size 464034
[1751906542][2025/07/07-16:42:22][0][DEBUG] : [1751906542][2025/07/07-16:42:22][0][DEBUG] : get_zmq_message : get message of size 464034
[1751906542][2025/07/07-16:42:22][0][DEBUG] : [1751906542][2025/07/07-16:42:22][0][DEBUG] : get_zmq_message : get message of size 464034
[1751906542][2025/07/07-16:42:22][0][DEBUG] : [1751906542][2025/07/07-16:42:22][0][DEBUG] : get_zmq_message : get message of size 464034
[1751906542][2025/07/07-16:42:22][0][DEBUG] : [1751906542][2025/07/07-16:42:22][0][DEBUG] : get_zmq_message : get message of size 464034
[1751906542][2025/07/07-16:42:22][0][DEBUG] : [1751906542][2025/07/07-16:42:22][0][DEBUG] : get_zmq_message : get message of size 464034
[1751906542][2025/07/07-16:42:22][0][DEBUG] : [1751906542][2025/07/07-16:42:22][0][DEBUG] : get_zmq_message : get message of size 464034
[1751906542][2025/07/07-16:42:22][0][DEBUG] : [1751906542][2025/07/07-16:42:22][0][DEBUG] : get_zmq_message : get message of size 464034
[1751906542][2025/07/07-16:42:22][0][DEBUG] : [1751906542][2025/07/07-16:42:22][0][DEBUG] : get_zmq_message : get message of size 464034
[1751906542][2025/07/07-16:42:22][0][DEBUG] : [1751906542][2025/07/07-16:42:22][0][DEBUG] : get_zmq_message : get message of size 464034
[1751906542][2025/07/07-16:42:22][0][DEBUG] : [1751906542][2025/07/07-16:42:22][0][DEBUG] : get_zmq_message : get message of size 464034
[1751906542][2025/07/07-16:42:22][0][DEBUG] : [1751906542][2025/07/07-16:42:22][0][DEBUG] : get_zmq_message : get message of size 464034
[1751906542][2025/07/07-16:42:22][0][DEBUG] : [1751906542][2025/07/07-16:42:22][0][DEBUG] : get_zmq_message : get message of size 464034
[1751906542][2025/07/07-16:42:22][0][DEBUG] : [1751906542][2025/07/07-16:42:22][0][DEBUG] : get_zmq_message : get message of size 464034
[1751906542][2025/07/07-16:42:22][0][DEBUG] : [1751906542][2025/07/07-16:42:22][0][DEBUG] : get_zmq_message : get message of size 464034
[1751906542][2025/07/07-16:42:22][0][DEBUG] : [1751906542][2025/07/07-16:42:22][0][DEBUG] : get_zmq_message : get message of size 464034
[1751906542][2025/07/07-16:42:22][0][DEBUG] : [1751906542][2025/07/07-16:42:22][0][DEBUG] : get_zmq_message : get message of size 464034
[1751906542][2025/07/07-16:42:22][0][DEBUG] : [1751906542][2025/07/07-16:42:22][0][DEBUG] : get_zmq_message : get message of size 464034
[1751906542][2025/07/07-16:42:22][0][DEBUG] : [1751906542][2025/07/07-16:42:22][0][DEBUG] : get_zmq_message : get message of size 464034
[1751906542][2025/07/07-16:42:22][0][DEBUG] : [1751906542][2025/07/07-16:42:22][0][DEBUG] : get_zmq_message : get message of size 464034
[1751906542][2025/07/07-16:42:22][0][DEBUG] : [1751906542][2025/07/07-16:42:22][0][DEBUG] : get_zmq_message : get message of size 464034
[1751906542][2025/07/07-16:42:22][0][DEBUG] : [1751906542][2025/07/07-16:42:22][0][DEBUG] : get_zmq_message : get message of size 464034
[1751906542][2025/07/07-16:42:22][0][DEBUG] : [1751906542][2025/07/07-16:42:22][0][DEBUG] : get_zmq_message : get message of size 464034
[1751906542][2025/07/07-16:42:22][0][DEBUG] : [1751906542][2025/07/07-16:42:22][0][DEBUG] : get_zmq_message : get message of size 464034
[1751906542][2025/07/07-16:42:22][0][DEBUG] : [1751906542][2025/07/07-16:42:22][0][DEBUG] : get_zmq_message : get message of size 464034
[1751906542][2025/07/07-16:42:22][0][DEBUG] : [1751906542][2025/07/07-16:42:22][0][DEBUG] : get_zmq_message : get message of size 464034
[1751906542][2025/07/07-16:42:22][0][DEBUG] : [1751906542][2025/07/07-16:42:22][0][DEBUG] : get_zmq_message : get message of size 464034
[1751906542][2025/07/07-16:42:22][0][DEBUG] : [1751906542][2025/07/07-16:42:22][0][DEBUG] : get_zmq_message : get message of size 464034
[1751906542][2025/07/07-16:42:22][0][DEBUG] : [1751906542][2025/07/07-16:42:22][0][DEBUG] : get_zmq_message : get message of size 464034
[1751906542][2025/07/07-16:42:22][0][DEBUG] : [1751906542][2025/07/07-16:42:22][0][DEBUG] : get_zmq_message : get message of size 464034
[1751906542][2025/07/07-16:42:22][0][DEBUG] : [1751906542][2025/07/07-16:42:22][0][DEBUG] : get_zmq_message : get message of size 464034
[1751906542][2025/07/07-16:42:22][0][DEBUG] : [1751906542][2025/07/07-16:42:22][0][DEBUG] : get_zmq_message : get message of size 464034
[1751906542][2025/07/07-16:42:22][0][DEBUG] : [1751906542][2025/07/07-16:42:22][0][DEBUG] : get_zmq_message : get message of size 464034
[1751906542][2025/07/07-16:42:22][0][DEBUG] : [1751906542][2025/07/07-16:42:22][0][DEBUG] : get_zmq_message : get message of size 464034
[1751906542][2025/07/07-16:42:22][0][DEBUG] : [1751906542][2025/07/07-16:42:22][0][DEBUG] : get_zmq_message : get message of size 464034
[1751906542][2025/07/07-16:42:22][0][DEBUG] : [1751906542][2025/07/07-16:42:22][0][DEBUG] : get_zmq_message : get message of size 464034
[1751906542][2025/07/07-16:42:22][0][DEBUG] : [1751906542][2025/07/07-16:42:22][0][DEBUG] : get_zmq_message : get message of size 464034
[1751906542][2025/07/07-16:42:22][0][DEBUG] : [1751906542][2025/07/07-16:42:22][0][DEBUG] : get_zmq_message : get message of size 464034
[1751906542][2025/07/07-16:42:22][0][DEBUG] : [1751906542][2025/07/07-16:42:22][0][DEBUG] : get_zmq_message : get message of size 464034
[1751906542][2025/07/07-16:42:22][0][DEBUG] : [1751906542][2025/07/07-16:42:22][0][DEBUG] : get_zmq_message : get message of size 464034
[1751906542][2025/07/07-16:42:22][0][DEBUG] : [1751906542][2025/07/07-16:42:22][0][DEBUG] : get_zmq_message : get message of size 464034
[1751906542][2025/07/07-16:42:22][0][DEBUG] : [1751906542][2025/07/07-16:42:22][0][DEBUG] : get_zmq_message : get message of size 464034
[1751906542][2025/07/07-16:42:22][0][DEBUG] : [1751906542][2025/07/07-16:42:22][0][DEBUG] : get_zmq_message : get message of size 464034
[1751906542][2025/07/07-16:42:22][0][DEBUG] : [1751906542][2025/07/07-16:42:22][0][DEBUG] : get_zmq_message : get message of size 464034
[1751906542][2025/07/07-16:42:22][0][DEBUG] : [1751906542][2025/07/07-16:42:22][0][DEBUG] : get_zmq_message : get message of size 464034
[1751906542][2025/07/07-16:42:22][0][DEBUG] : [1751906542][2025/07/07-16:42:22][0][DEBUG] : get_zmq_message : get message of size 464034
[1751906542][2025/07/07-16:42:22][0][DEBUG] : [1751906542][2025/07/07-16:42:22][0][DEBUG] : get_zmq_message : get message of size 464034
[1751906542][2025/07/07-16:42:22][0][DEBUG] : [1751906542][2025/07/07-16:42:22][0][DEBUG] : get_zmq_message : get message of size 464034
[1751906542][2025/07/07-16:42:22][0][DEBUG] : [1751906542][2025/07/07-16:42:22][0][DEBUG] : get_zmq_message : get message of size 464034
[1751906542][2025/07/07-16:42:22][0][DEBUG] : [1751906542][2025/07/07-16:42:22][0][DEBUG] : get_zmq_message : get message of size 464034
[1751906542][2025/07/07-16:42:22][0][DEBUG] : [1751906542][2025/07/07-16:42:22][0][DEBUG] : get_zmq_message : get message of size 464034
[1751906542][2025/07/07-16:42:22][0][DEBUG] : [1751906542][2025/07/07-16:42:22][0][DEBUG] : get_zmq_message : get message of size 464034
[1751906542][2025/07/07-16:42:22][0][DEBUG] : [1751906542][2025/07/07-16:42:22][0][DEBUG] : get_zmq_message : get message of size 464034
[1751906542][2025/07/07-16:42:22][0][DEBUG] : [1751906542][2025/07/07-16:42:22][0][DEBUG] : get_zmq_message : get message of size 464034
[1751906542][2025/07/07-16:42:22][0][DEBUG] : [1751906542][2025/07/07-16:42:22][0][DEBUG] : get_zmq_message : get message of size 464034
[1751906542][2025/07/07-16:42:22][0][DEBUG] : [1751906542][2025/07/07-16:42:22][0][DEBUG] : get_zmq_message : get message of size 464034
[1751906542][2025/07/07-16:42:22][0][DEBUG] : [1751906542][2025/07/07-16:42:22][0][DEBUG] : get_zmq_message : get message of size 464034
[1751906542][2025/07/07-16:42:22][0][DEBUG] : [1751906542][2025/07/07-16:42:22][0][DEBUG] : get_zmq_message : get message of size 464034
[1751906542][2025/07/07-16:42:22][0][DEBUG] : [1751906542][2025/07/07-16:42:22][0][DEBUG] : get_zmq_message : get message of size 464034
[1751906542][2025/07/07-16:42:22][0][DEBUG] : [1751906542][2025/07/07-16:42:22][0][DEBUG] : get_zmq_message : get message of size 464034
[1751906542][2025/07/07-16:42:22][0][DEBUG] : [1751906542][2025/07/07-16:42:22][0][DEBUG] : get_zmq_message : get message of size 464034
[1751906542][2025/07/07-16:42:22][0][DEBUG] : [1751906542][2025/07/07-16:42:22][0][DEBUG] : get_zmq_message : get message of size 464034
[1751906542][2025/07/07-16:42:22][0][DEBUG] : [1751906542][2025/07/07-16:42:22][0][DEBUG] : get_zmq_message : get message of size 464034
[1751906542][2025/07/07-16:42:22][0][DEBUG] : [1751906542][2025/07/07-16:42:22][0][DEBUG] : get_zmq_message : get message of size 464034
[1751906542][2025/07/07-16:42:22][0][DEBUG] : [1751906542][2025/07/07-16:42:22][0][DEBUG] : get_zmq_message : get message of size 464034
[1751906542][2025/07/07-16:42:22][0][DEBUG] : [1751906542][2025/07/07-16:42:22][0][DEBUG] : get_zmq_message : get message of size 464034
[1751906542][2025/07/07-16:42:22][0][DEBUG] : [1751906542][2025/07/07-16:42:22][0][DEBUG] : get_zmq_message : get message of size 464034
[1751906542][2025/07/07-16:42:22][0][DEBUG] : [1751906542][2025/07/07-16:42:22][0][DEBUG] : get_zmq_message : get message of size 464034
[1751906542][2025/07/07-16:42:22][0][DEBUG] : [1751906542][2025/07/07-16:42:22][0][DEBUG] : get_zmq_message : get message of size 464034
[1751906542][2025/07/07-16:42:22][0][DEBUG] : [1751906542][2025/07/07-16:42:22][0][DEBUG] : get_zmq_message : get message of size 464034
[1751906542][2025/07/07-16:42:22][0][DEBUG] : [1751906542][2025/07/07-16:42:22][0][DEBUG] : get_zmq_message : get message of size 464034
[1751906542][2025/07/07-16:42:22][0][DEBUG] : [1751906542][2025/07/07-16:42:22][0][DEBUG] : get_zmq_message : get message of size 464034
[1751906542][2025/07/07-16:42:22][0][DEBUG] : [1751906542][2025/07/07-16:42:22][0][DEBUG] : get_zmq_message : get message of size 464034
[1751906542][2025/07/07-16:42:22][0][DEBUG] : [1751906542][2025/07/07-16:42:22][0][DEBUG] : get_zmq_message : get message of size 464034
[1751906542][2025/07/07-16:42:22][0][DEBUG] : [1751906542][2025/07/07-16:42:22][0][DEBUG] : get_zmq_message : get message of size 464034
[1751906542][2025/07/07-16:42:22][0][DEBUG] : [1751906542][2025/07/07-16:42:22][0][DEBUG] : get_zmq_message : get message of size 464034
[1751906542][2025/07/07-16:42:22][0][DEBUG] : [1751906542][2025/07/07-16:42:22][0][DEBUG] : get_zmq_message : get message of size 464034
[1751906542][2025/07/07-16:42:22][0][DEBUG] : [1751906542][2025/07/07-16:42:22][0][DEBUG] : get_zmq_message : get message of size 464034
[1751906542][2025/07/07-16:42:22][0][DEBUG] : [1751906542][2025/07/07-16:42:22][0][DEBUG] : get_zmq_message : get message of size 464034
[1751906542][2025/07/07-16:42:22][0][DEBUG] : [1751906542][2025/07/07-16:42:22][0][DEBUG] : get_zmq_message : get message of size 464034
[1751906542][2025/07/07-16:42:22][0][DEBUG] : [1751906542][2025/07/07-16:42:22][0][DEBUG] : get_zmq_message : get message of size 464034
[1751906542][2025/07/07-16:42:22][0][DEBUG] : [1751906542][2025/07/07-16:42:22][0][DEBUG] : get_zmq_message : get message of size 464034
[1751906542][2025/07/07-16:42:22][0][DEBUG] : [1751906542][2025/07/07-16:42:22][0][DEBUG] : get_zmq_message : get message of size 464034
[1751906542][2025/07/07-16:42:22][0][DEBUG] : [1751906542][2025/07/07-16:42:22][0][DEBUG] : get_zmq_message : get message of size 464034
[1751906542][2025/07/07-16:42:22][0][DEBUG] : [1751906542][2025/07/07-16:42:22][0][DEBUG] : get_zmq_message : get message of size 464034
[1751906542][2025/07/07-16:42:22][0][DEBUG] : [1751906542][2025/07/07-16:42:22][0][DEBUG] : get_zmq_message : get message of size 464034
[1751906542][2025/07/07-16:42:22][0][DEBUG] : [1751906542][2025/07/07-16:42:22][0][DEBUG] : get_zmq_message : get message of size 464034
[1751906542][2025/07/07-16:42:22][0][DEBUG] : [1751906542][2025/07/07-16:42:22][0][DEBUG] : get_zmq_message : get message of size 464034
[1751906542][2025/07/07-16:42:22][0][DEBUG] : [1751906542][2025/07/07-16:42:22][0][DEBUG] : get_zmq_message : get message of size 464034
[1751906542][2025/07/07-16:42:22][0][DEBUG] : [1751906542][2025/07/07-16:42:22][0][DEBUG] : get_zmq_message : get message of size 464034
[1751906542][2025/07/07-16:42:22][0][DEBUG] : [1751906542][2025/07/07-16:42:22][0][DEBUG] : get_zmq_message : get message of size 464034
[1751906542][2025/07/07-16:42:22][0][DEBUG] : [1751906542][2025/07/07-16:42:22][0][DEBUG] : get_zmq_message : get message of size 464034
[1751906542][2025/07/07-16:42:22][0][DEBUG] : [1751906542][2025/07/07-16:42:22][0][DEBUG] : get_zmq_message : get message of size 464034
[1751906542][2025/07/07-16:42:22][0][DEBUG] : [1751906542][2025/07/07-16:42:22][0][DEBUG] : get_zmq_message : get message of size 464034
[1751906542][2025/07/07-16:42:22][0][DEBUG] : [1751906542][2025/07/07-16:42:22][0][DEBUG] : get_zmq_message : get message of size 464034
[1751906542][2025/07/07-16:42:22][0][DEBUG] : [1751906542][2025/07/07-16:42:22][0][DEBUG] : get_zmq_message : get message of size 464034
[1751906542][2025/07/07-16:42:22][0][DEBUG] : [1751906542][2025/07/07-16:42:22][0][DEBUG] : get_zmq_message : get message of size 464034
[1751906542][2025/07/07-16:42:22][0][DEBUG] : [1751906542][2025/07/07-16:42:22][0][DEBUG] : get_zmq_message : get message of size 464034
[1751906542][2025/07/07-16:42:22][0][DEBUG] : [1751906542][2025/07/07-16:42:22][0][DEBUG] : get_zmq_message : get message of size 464034
[1751906542][2025/07/07-16:42:22][0][DEBUG] : [1751906542][2025/07/07-16:42:22][0][DEBUG] : get_zmq_message : get message of size 464034
[1751906542][2025/07/07-16:42:22][0][DEBUG] : [1751906542][2025/07/07-16:42:22][0][DEBUG] : get_zmq_message : get message of size 464034
[1751906542][2025/07/07-16:42:22][0][DEBUG] : [1751906542][2025/07/07-16:42:22][0][DEBUG] : get_zmq_message : get message of size 464034
[1751906542][2025/07/07-16:42:22][0][DEBUG] : [1751906542][2025/07/07-16:42:22][0][DEBUG] : get_zmq_message : get message of size 464034
[1751906542][2025/07/07-16:42:22][0][DEBUG] : [1751906542][2025/07/07-16:42:22][0][DEBUG] : get_zmq_message : get message of size 464034
[1751906542][2025/07/07-16:42:22][0][DEBUG] : [1751906542][2025/07/07-16:42:22][0][DEBUG] : get_zmq_message : get message of size 464034
[1751906542][2025/07/07-16:42:22][0][DEBUG] : [1751906542][2025/07/07-16:42:22][0][DEBUG] : get_zmq_message : get message of size 464034
[1751906542][2025/07/07-16:42:22][0][DEBUG] : [1751906542][2025/07/07-16:42:22][0][DEBUG] : get_zmq_message : get message of size 464034
[1751906542][2025/07/07-16:42:22][0][DEBUG] : [1751906542][2025/07/07-16:42:22][0][DEBUG] : get_zmq_message : get message of size 464034
[1751906542][2025/07/07-16:42:22][0][DEBUG] : [1751906542][2025/07/07-16:42:22][0][DEBUG] : get_zmq_message : get message of size 464034
[1751906542][2025/07/07-16:42:22][0][DEBUG] : [1751906542][2025/07/07-16:42:22][0][DEBUG] : get_zmq_message : get message of size 464034
[1751906542][2025/07/07-16:42:22][0][DEBUG] : [1751906542][2025/07/07-16:42:22][0][DEBUG] : get_zmq_message : get message of size 464034
[1751906542][2025/07/07-16:42:22][0][DEBUG] : [1751906542][2025/07/07-16:42:22][0][DEBUG] : get_zmq_message : get message of size 464034
[1751906542][2025/07/07-16:42:22][0][DEBUG] : [1751906542][2025/07/07-16:42:22][0][DEBUG] : get_zmq_message : get message of size 464034
[1751906542][2025/07/07-16:42:22][0][DEBUG] : [1751906542][2025/07/07-16:42:22][0][DEBUG] : get_zmq_message : get message of size 464034
[1751906542][2025/07/07-16:42:22][0][DEBUG] : [1751906542][2025/07/07-16:42:22][0][DEBUG] : get_zmq_message : get message of size 464034
[1751906542][2025/07/07-16:42:22][0][DEBUG] : [1751906542][2025/07/07-16:42:22][0][DEBUG] : get_zmq_message : get message of size 464034
[1751906542][2025/07/07-16:42:22][0][DEBUG] : [1751906543][2025/07/07-16:42:23][0][DEBUG] : get_zmq_message : get message of size 464034
[1751906543][2025/07/07-16:42:23][0][DEBUG] : [1751906543][2025/07/07-16:42:23][0][DEBUG] : get_zmq_message : get message of size 464034
[1751906543][2025/07/07-16:42:23][0][DEBUG] : [1751906543][2025/07/07-16:42:23][0][DEBUG] : get_zmq_message : get message of size 464034
[1751906543][2025/07/07-16:42:23][0][DEBUG] : [1751906543][2025/07/07-16:42:23][0][DEBUG] : get_zmq_message : get message of size 464034
[1751906543][2025/07/07-16:42:23][0][DEBUG] : [1751906543][2025/07/07-16:42:23][0][DEBUG] : get_zmq_message : get message of size 464034
[1751906543][2025/07/07-16:42:23][0][DEBUG] : [1751906543][2025/07/07-16:42:23][0][DEBUG] : get_zmq_message : get message of size 464034
[1751906543][2025/07/07-16:42:23][0][DEBUG] : [1751906543][2025/07/07-16:42:23][0][DEBUG] : get_zmq_message : get message of size 464034
[1751906543][2025/07/07-16:42:23][0][DEBUG] : [1751906543][2025/07/07-16:42:23][0][DEBUG] : get_zmq_message : get message of size 464034
[1751906543][2025/07/07-16:42:23][0][DEBUG] : [1751906543][2025/07/07-16:42:23][0][DEBUG] : get_zmq_message : get message of size 464034
[1751906543][2025/07/07-16:42:23][0][DEBUG] : [1751906543][2025/07/07-16:42:23][0][DEBUG] : get_zmq_message : get message of size 464034
[1751906543][2025/07/07-16:42:23][0][DEBUG] : [1751906543][2025/07/07-16:42:23][0][DEBUG] : get_zmq_message : get message of size 464034
[1751906543][2025/07/07-16:42:23][0][DEBUG] : [1751906543][2025/07/07-16:42:23][0][DEBUG] : get_zmq_message : get message of size 464034
[1751906543][2025/07/07-16:42:23][0][DEBUG] : [1751906543][2025/07/07-16:42:23][0][DEBUG] : get_zmq_message : get message of size 464034
[1751906543][2025/07/07-16:42:23][0][DEBUG] : [1751906543][2025/07/07-16:42:23][0][DEBUG] : get_zmq_message : get message of size 464034
[1751906543][2025/07/07-16:42:23][0][DEBUG] : [1751906543][2025/07/07-16:42:23][0][DEBUG] : get_zmq_message : get message of size 464034
[1751906543][2025/07/07-16:42:23][0][DEBUG] : [1751906543][2025/07/07-16:42:23][0][DEBUG] : get_zmq_message : get message of size 464034
[1751906543][2025/07/07-16:42:23][0][DEBUG] : [1751906543][2025/07/07-16:42:23][0][DEBUG] : get_zmq_message : get message of size 464034
[1751906543][2025/07/07-16:42:23][0][DEBUG] : [1751906543][2025/07/07-16:42:23][0][DEBUG] : get_zmq_message : get message of size 464034
[1751906543][2025/07/07-16:42:23][0][DEBUG] : [1751906543][2025/07/07-16:42:23][0][DEBUG] : get_zmq_message : get message of size 464034
[1751906543][2025/07/07-16:42:23][0][DEBUG] : [1751906543][2025/07/07-16:42:23][0][DEBUG] : get_zmq_message : get message of size 464034
[1751906543][2025/07/07-16:42:23][0][DEBUG] : [1751906543][2025/07/07-16:42:23][0][DEBUG] : get_zmq_message : get message of size 464034
[1751906543][2025/07/07-16:42:23][0][DEBUG] : [1751906543][2025/07/07-16:42:23][0][DEBUG] : get_zmq_message : get message of size 464034
[1751906543][2025/07/07-16:42:23][0][DEBUG] : [1751906543][2025/07/07-16:42:23][0][DEBUG] : get_zmq_message : get message of size 464034
[1751906543][2025/07/07-16:42:23][0][DEBUG] : [1751906543][2025/07/07-16:42:23][0][DEBUG] : get_zmq_message : get message of size 464034
[1751906543][2025/07/07-16:42:23][0][DEBUG] : [1751906543][2025/07/07-16:42:23][0][DEBUG] : get_zmq_message : get message of size 464034
[1751906543][2025/07/07-16:42:23][0][DEBUG] : [1751906543][2025/07/07-16:42:23][0][DEBUG] : get_zmq_message : get message of size 464034
[1751906543][2025/07/07-16:42:23][0][DEBUG] : [1751906543][2025/07/07-16:42:23][0][DEBUG] : get_zmq_message : get message of size 464034
[1751906543][2025/07/07-16:42:23][0][DEBUG] : [1751906543][2025/07/07-16:42:23][0][DEBUG] : get_zmq_message : get message of size 464034
[1751906543][2025/07/07-16:42:23][0][DEBUG] : [1751906543][2025/07/07-16:42:23][0][DEBUG] : get_zmq_message : get message of size 464034
[1751906543][2025/07/07-16:42:23][0][DEBUG] : [1751906543][2025/07/07-16:42:23][0][DEBUG] : get_zmq_message : get message of size 464034
[1751906543][2025/07/07-16:42:23][0][DEBUG] : [1751906543][2025/07/07-16:42:23][0][DEBUG] : get_zmq_message : get message of size 464034
[1751906543][2025/07/07-16:42:23][0][DEBUG] : [1751906543][2025/07/07-16:42:23][0][DEBUG] : get_zmq_message : get message of size 464034
[1751906543][2025/07/07-16:42:23][0][DEBUG] : [1751906543][2025/07/07-16:42:23][0][DEBUG] : get_zmq_message : get message of size 464034
[1751906543][2025/07/07-16:42:23][0][DEBUG] : [1751906543][2025/07/07-16:42:23][0][DEBUG] : get_zmq_message : get message of size 464034
[1751906543][2025/07/07-16:42:23][0][DEBUG] : [1751906543][2025/07/07-16:42:23][0][DEBUG] : get_zmq_message : get message of size 464034
[1751906543][2025/07/07-16:42:23][0][DEBUG] : [1751906543][2025/07/07-16:42:23][0][DEBUG] : get_zmq_message : get message of size 464034
[1751906543][2025/07/07-16:42:23][0][DEBUG] : [1751906543][2025/07/07-16:42:23][0][DEBUG] : get_zmq_message : get message of size 464034
[1751906543][2025/07/07-16:42:23][0][DEBUG] : [1751906543][2025/07/07-16:42:23][0][DEBUG] : get_zmq_message : get message of size 464034
[1751906543][2025/07/07-16:42:23][0][DEBUG] : [1751906543][2025/07/07-16:42:23][0][DEBUG] : get_zmq_message : get message of size 464034
[1751906543][2025/07/07-16:42:23][0][DEBUG] : [1751906543][2025/07/07-16:42:23][0][DEBUG] : get_zmq_message : get message of size 464034
[1751906543][2025/07/07-16:42:23][0][DEBUG] : [1751906543][2025/07/07-16:42:23][0][DEBUG] : get_zmq_message : get message of size 464034
[1751906543][2025/07/07-16:42:23][0][DEBUG] : [1751906543][2025/07/07-16:42:23][0][DEBUG] : get_zmq_message : get message of size 464034
[1751906543][2025/07/07-16:42:23][0][DEBUG] : [1751906543][2025/07/07-16:42:23][0][DEBUG] : get_zmq_message : get message of size 464034
[1751906543][2025/07/07-16:42:23][0][DEBUG] : [1751906543][2025/07/07-16:42:23][0][DEBUG] : get_zmq_message : get message of size 464034
[1751906543][2025/07/07-16:42:23][0][DEBUG] : [1751906543][2025/07/07-16:42:23][0][DEBUG] : get_zmq_message : get message of size 464034
[1751906543][2025/07/07-16:42:23][0][DEBUG] : [1751906543][2025/07/07-16:42:23][0][DEBUG] : get_zmq_message : get message of size 464034
[1751906543][2025/07/07-16:42:23][0][DEBUG] : [1751906543][2025/07/07-16:42:23][0][DEBUG] : get_zmq_message : get message of size 464034
[1751906543][2025/07/07-16:42:23][0][DEBUG] : [1751906543][2025/07/07-16:42:23][0][DEBUG] : get_zmq_message : get message of size 464034
[1751906543][2025/07/07-16:42:23][0][DEBUG] : [1751906543][2025/07/07-16:42:23][0][DEBUG] : get_zmq_message : get message of size 464034
[1751906543][2025/07/07-16:42:23][0][DEBUG] : [1751906543][2025/07/07-16:42:23][0][DEBUG] : get_zmq_message : get message of size 464034
[1751906543][2025/07/07-16:42:23][0][DEBUG] : [1751906543][2025/07/07-16:42:23][0][DEBUG] : get_zmq_message : get message of size 464034
[1751906543][2025/07/07-16:42:23][0][DEBUG] : [1751906543][2025/07/07-16:42:23][0][DEBUG] : get_zmq_message : get message of size 464034
[1751906543][2025/07/07-16:42:23][0][DEBUG] : [1751906543][2025/07/07-16:42:23][0][DEBUG] : get_zmq_message : get message of size 464034
[1751906543][2025/07/07-16:42:23][0][DEBUG] : [1751906543][2025/07/07-16:42:23][0][DEBUG] : get_zmq_message : get message of size 464034
[1751906543][2025/07/07-16:42:23][0][DEBUG] : [1751906543][2025/07/07-16:42:23][0][DEBUG] : get_zmq_message : get message of size 464034
[1751906543][2025/07/07-16:42:23][0][DEBUG] : [1751906543][2025/07/07-16:42:23][0][DEBUG] : get_zmq_message : get message of size 464034
[1751906543][2025/07/07-16:42:23][0][DEBUG] : [1751906543][2025/07/07-16:42:23][0][DEBUG] : get_zmq_message : get message of size 464034
[1751906543][2025/07/07-16:42:23][0][DEBUG] : [1751906543][2025/07/07-16:42:23][0][DEBUG] : get_zmq_message : get message of size 464034
[1751906543][2025/07/07-16:42:23][0][DEBUG] : [1751906543][2025/07/07-16:42:23][0][DEBUG] : get_zmq_message : get message of size 464034
[1751906543][2025/07/07-16:42:23][0][DEBUG] : [1751906543][2025/07/07-16:42:23][0][DEBUG] : get_zmq_message : get message of size 464034
[1751906543][2025/07/07-16:42:23][0][DEBUG] : [1751906543][2025/07/07-16:42:23][0][DEBUG] : get_zmq_message : get message of size 464034
[1751906543][2025/07/07-16:42:23][0][DEBUG] : [1751906543][2025/07/07-16:42:23][0][DEBUG] : get_zmq_message : get message of size 464034
[1751906543][2025/07/07-16:42:23][0][DEBUG] : [1751906543][2025/07/07-16:42:23][0][DEBUG] : get_zmq_message : get message of size 464034
[1751906543][2025/07/07-16:42:23][0][DEBUG] : [1751906543][2025/07/07-16:42:23][0][DEBUG] : get_zmq_message : get message of size 464034
[1751906543][2025/07/07-16:42:23][0][DEBUG] : [1751906543][2025/07/07-16:42:23][0][DEBUG] : get_zmq_message : get message of size 464034
[1751906543][2025/07/07-16:42:23][0][DEBUG] : [1751906543][2025/07/07-16:42:23][0][DEBUG] : get_zmq_message : get message of size 464034
[1751906543][2025/07/07-16:42:23][0][DEBUG] : [1751906543][2025/07/07-16:42:23][0][DEBUG] : get_zmq_message : get message of size 464034
[1751906543][2025/07/07-16:42:23][0][DEBUG] : [1751906543][2025/07/07-16:42:23][0][DEBUG] : get_zmq_message : get message of size 464034
[1751906543][2025/07/07-16:42:23][0][DEBUG] : [1751906543][2025/07/07-16:42:23][0][DEBUG] : get_zmq_message : get message of size 464034
[1751906543][2025/07/07-16:42:23][0][DEBUG] : [1751906543][2025/07/07-16:42:23][0][DEBUG] : get_zmq_message : get message of size 464034
[1751906543][2025/07/07-16:42:23][0][DEBUG] : [1751906543][2025/07/07-16:42:23][0][DEBUG] : get_zmq_message : get message of size 464034
[1751906543][2025/07/07-16:42:23][0][DEBUG] : [1751906543][2025/07/07-16:42:23][0][DEBUG] : get_zmq_message : get message of size 464034
[1751906543][2025/07/07-16:42:23][0][DEBUG] : [1751906543][2025/07/07-16:42:23][0][DEBUG] : get_zmq_message : get message of size 464034
[1751906543][2025/07/07-16:42:23][0][DEBUG] : [1751906543][2025/07/07-16:42:23][0][DEBUG] : get_zmq_message : get message of size 464034
[1751906543][2025/07/07-16:42:23][0][DEBUG] : [1751906543][2025/07/07-16:42:23][0][DEBUG] : get_zmq_message : get message of size 464034
[1751906543][2025/07/07-16:42:23][0][DEBUG] : [1751906543][2025/07/07-16:42:23][0][DEBUG] : get_zmq_message : get message of size 464034
[1751906543][2025/07/07-16:42:23][0][DEBUG] : [1751906543][2025/07/07-16:42:23][0][DEBUG] : get_zmq_message : get message of size 464034
[1751906543][2025/07/07-16:42:23][0][DEBUG] : [1751906543][2025/07/07-16:42:23][0][DEBUG] : get_zmq_message : get message of size 464034
[1751906543][2025/07/07-16:42:23][0][DEBUG] : [1751906543][2025/07/07-16:42:23][0][DEBUG] : get_zmq_message : get message of size 464034
[1751906543][2025/07/07-16:42:23][0][DEBUG] : [1751906543][2025/07/07-16:42:23][0][DEBUG] : get_zmq_message : get message of size 464034
[1751906543][2025/07/07-16:42:23][0][DEBUG] : [1751906543][2025/07/07-16:42:23][0][DEBUG] : get_zmq_message : get message of size 464034
[1751906543][2025/07/07-16:42:23][0][DEBUG] : [1751906543][2025/07/07-16:42:23][0][DEBUG] : get_zmq_message : get message of size 464034
[1751906543][2025/07/07-16:42:23][0][DEBUG] : [1751906543][2025/07/07-16:42:23][0][DEBUG] : get_zmq_message : get message of size 464034
[1751906543][2025/07/07-16:42:23][0][DEBUG] : [1751906543][2025/07/07-16:42:23][0][DEBUG] : get_zmq_message : get message of size 464034
[1751906543][2025/07/07-16:42:23][0][DEBUG] : [1751906543][2025/07/07-16:42:23][0][DEBUG] : get_zmq_message : get message of size 464034
[1751906543][2025/07/07-16:42:23][0][DEBUG] : [1751906543][2025/07/07-16:42:23][0][DEBUG] : get_zmq_message : get message of size 464034
[1751906543][2025/07/07-16:42:23][0][DEBUG] : [1751906543][2025/07/07-16:42:23][0][DEBUG] : get_zmq_message : get message of size 464034
[1751906543][2025/07/07-16:42:23][0][DEBUG] : [1751906543][2025/07/07-16:42:23][0][DEBUG] : get_zmq_message : get message of size 464034
[1751906543][2025/07/07-16:42:23][0][DEBUG] : [1751906543][2025/07/07-16:42:23][0][DEBUG] : get_zmq_message : get message of size 464034
[1751906543][2025/07/07-16:42:23][0][DEBUG] : [1751906543][2025/07/07-16:42:23][0][DEBUG] : get_zmq_message : get message of size 464034
[1751906543][2025/07/07-16:42:23][0][DEBUG] : [1751906543][2025/07/07-16:42:23][0][DEBUG] : get_zmq_message : get message of size 464034
[1751906543][2025/07/07-16:42:23][0][DEBUG] : [1751906543][2025/07/07-16:42:23][0][DEBUG] : get_zmq_message : get message of size 464034
[1751906543][2025/07/07-16:42:23][0][DEBUG] : [1751906543][2025/07/07-16:42:23][0][DEBUG] : get_zmq_message : get message of size 464034
[1751906543][2025/07/07-16:42:23][0][DEBUG] : [1751906543][2025/07/07-16:42:23][0][DEBUG] : get_zmq_message : get message of size 464034
[1751906543][2025/07/07-16:42:23][0][DEBUG] : [1751906543][2025/07/07-16:42:23][0][DEBUG] : get_zmq_message : get message of size 464034
[1751906543][2025/07/07-16:42:23][0][DEBUG] : [1751906543][2025/07/07-16:42:23][0][DEBUG] : get_zmq_message : get message of size 464034
[1751906543][2025/07/07-16:42:23][0][DEBUG] : [1751906543][2025/07/07-16:42:23][0][DEBUG] : get_zmq_message : get message of size 464034
[1751906543][2025/07/07-16:42:23][0][DEBUG] : [1751906543][2025/07/07-16:42:23][0][DEBUG] : get_zmq_message : get message of size 464034
[1751906543][2025/07/07-16:42:23][0][DEBUG] : [1751906543][2025/07/07-16:42:23][0][DEBUG] : get_zmq_message : get message of size 464034
[1751906543][2025/07/07-16:42:23][0][DEBUG] : [1751906543][2025/07/07-16:42:23][0][DEBUG] : get_zmq_message : get message of size 464034
[1751906543][2025/07/07-16:42:23][0][DEBUG] : [1751906543][2025/07/07-16:42:23][0][DEBUG] : get_zmq_message : get message of size 464034
[1751906543][2025/07/07-16:42:23][0][DEBUG] : [1751906543][2025/07/07-16:42:23][0][DEBUG] : get_zmq_message : get message of size 464034
[1751906543][2025/07/07-16:42:23][0][DEBUG] : [1751906543][2025/07/07-16:42:23][0][DEBUG] : get_zmq_message : get message of size 464034
[1751906543][2025/07/07-16:42:23][0][DEBUG] : [1751906543][2025/07/07-16:42:23][0][DEBUG] : get_zmq_message : get message of size 464034
[1751906543][2025/07/07-16:42:23][0][DEBUG] : [1751906543][2025/07/07-16:42:23][0][DEBUG] : get_zmq_message : get message of size 464034
[1751906543][2025/07/07-16:42:23][0][DEBUG] : [1751906543][2025/07/07-16:42:23][0][DEBUG] : get_zmq_message : get message of size 464034
[1751906543][2025/07/07-16:42:23][0][DEBUG] : [1751906543][2025/07/07-16:42:23][0][DEBUG] : get_zmq_message : get message of size 464034
[1751906543][2025/07/07-16:42:23][0][DEBUG] : [1751906543][2025/07/07-16:42:23][0][DEBUG] : get_zmq_message : get message of size 464034
[1751906543][2025/07/07-16:42:23][0][DEBUG] : [1751906543][2025/07/07-16:42:23][0][DEBUG] : get_zmq_message : get message of size 464034
[1751906543][2025/07/07-16:42:23][0][DEBUG] : [1751906543][2025/07/07-16:42:23][0][DEBUG] : get_zmq_message : get message of size 464034
[1751906543][2025/07/07-16:42:23][0][DEBUG] : [1751906543][2025/07/07-16:42:23][0][DEBUG] : get_zmq_message : get message of size 464034
[1751906543][2025/07/07-16:42:23][0][DEBUG] : [1751906543][2025/07/07-16:42:23][0][DEBUG] : get_zmq_message : get message of size 464034
[1751906543][2025/07/07-16:42:23][0][DEBUG] : [1751906543][2025/07/07-16:42:23][0][DEBUG] : get_zmq_message : get message of size 464034
[1751906543][2025/07/07-16:42:23][0][DEBUG] : [1751906543][2025/07/07-16:42:23][0][DEBUG] : get_zmq_message : get message of size 464034
[1751906543][2025/07/07-16:42:23][0][DEBUG] : [1751906543][2025/07/07-16:42:23][0][DEBUG] : get_zmq_message : get message of size 464034
[1751906543][2025/07/07-16:42:23][0][DEBUG] : [1751906543][2025/07/07-16:42:23][0][DEBUG] : get_zmq_message : get message of size 464034
[1751906543][2025/07/07-16:42:23][0][DEBUG] : [1751906543][2025/07/07-16:42:23][0][DEBUG] : get_zmq_message : get message of size 464034
[1751906543][2025/07/07-16:42:23][0][DEBUG] : [1751906543][2025/07/07-16:42:23][0][DEBUG] : get_zmq_message : get message of size 464034
[1751906543][2025/07/07-16:42:23][0][DEBUG] : [1751906543][2025/07/07-16:42:23][0][DEBUG] : get_zmq_message : get message of size 464034
[1751906543][2025/07/07-16:42:23][0][DEBUG] : [1751906543][2025/07/07-16:42:23][0][DEBUG] : get_zmq_message : get message of size 464034
[1751906543][2025/07/07-16:42:23][0][DEBUG] : [1751906543][2025/07/07-16:42:23][0][DEBUG] : get_zmq_message : get message of size 464034
[1751906543][2025/07/07-16:42:23][0][DEBUG] : [1751906543][2025/07/07-16:42:23][0][DEBUG] : get_zmq_message : get message of size 464034
[1751906543][2025/07/07-16:42:23][0][DEBUG] : [1751906543][2025/07/07-16:42:23][0][DEBUG] : get_zmq_message : get message of size 464034
[1751906543][2025/07/07-16:42:23][0][DEBUG] : [1751906543][2025/07/07-16:42:23][0][DEBUG] : get_zmq_message : get message of size 464034
[1751906543][2025/07/07-16:42:23][0][DEBUG] : [1751906543][2025/07/07-16:42:23][0][DEBUG] : get_zmq_message : get message of size 464034
[1751906543][2025/07/07-16:42:23][0][DEBUG] : [1751906543][2025/07/07-16:42:23][0][DEBUG] : get_zmq_message : get message of size 464034
[1751906543][2025/07/07-16:42:23][0][DEBUG] : [1751906543][2025/07/07-16:42:23][0][DEBUG] : get_zmq_message : get message of size 464034
[1751906543][2025/07/07-16:42:23][0][DEBUG] : [1751906543][2025/07/07-16:42:23][0][DEBUG] : get_zmq_message : get message of size 464034
[1751906543][2025/07/07-16:42:23][0][DEBUG] : [1751906543][2025/07/07-16:42:23][0][DEBUG] : get_zmq_message : get message of size 464034
[1751906543][2025/07/07-16:42:23][0][DEBUG] : [1751906543][2025/07/07-16:42:23][0][DEBUG] : get_zmq_message : get message of size 464034
[1751906543][2025/07/07-16:42:23][0][DEBUG] : [1751906543][2025/07/07-16:42:23][0][DEBUG] : get_zmq_message : get message of size 464034
[1751906543][2025/07/07-16:42:23][0][DEBUG] : [1751906543][2025/07/07-16:42:23][0][DEBUG] : get_zmq_message : get message of size 464034
[1751906543][2025/07/07-16:42:23][0][DEBUG] : [1751906543][2025/07/07-16:42:23][0][DEBUG] : get_zmq_message : get message of size 464034
[1751906543][2025/07/07-16:42:23][0][DEBUG] : [1751906543][2025/07/07-16:42:23][0][DEBUG] : get_zmq_message : get message of size 464034
[1751906543][2025/07/07-16:42:23][0][DEBUG] : [1751906543][2025/07/07-16:42:23][0][DEBUG] : get_zmq_message : get message of size 464034
[1751906543][2025/07/07-16:42:23][0][DEBUG] : [1751906543][2025/07/07-16:42:23][0][DEBUG] : get_zmq_message : get message of size 464034
[1751906543][2025/07/07-16:42:23][0][DEBUG] : [1751906543][2025/07/07-16:42:23][0][DEBUG] : get_zmq_message : get message of size 464034
[1751906543][2025/07/07-16:42:23][0][DEBUG] : [1751906543][2025/07/07-16:42:23][0][DEBUG] : get_zmq_message : get message of size 464034
[1751906543][2025/07/07-16:42:23][0][DEBUG] : [1751906543][2025/07/07-16:42:23][0][DEBUG] : get_zmq_message : get message of size 464034
[1751906543][2025/07/07-16:42:23][0][DEBUG] : [1751906543][2025/07/07-16:42:23][0][DEBUG] : get_zmq_message : get message of size 464034
[1751906543][2025/07/07-16:42:23][0][DEBUG] : [1751906543][2025/07/07-16:42:23][0][DEBUG] : get_zmq_message : get message of size 464034
[1751906543][2025/07/07-16:42:23][0][DEBUG] : [1751906543][2025/07/07-16:42:23][0][DEBUG] : get_zmq_message : get message of size 464034
[1751906543][2025/07/07-16:42:23][0][DEBUG] : [1751906543][2025/07/07-16:42:23][0][DEBUG] : get_zmq_message : get message of size 464034
[1751906543][2025/07/07-16:42:23][0][DEBUG] : [1751906543][2025/07/07-16:42:23][0][DEBUG] : get_zmq_message : get message of size 464034
[1751906543][2025/07/07-16:42:23][0][DEBUG] : [1751906543][2025/07/07-16:42:23][0][DEBUG] : get_zmq_message : get message of size 464034
[1751906543][2025/07/07-16:42:23][0][DEBUG] : [1751906543][2025/07/07-16:42:23][0][DEBUG] : get_zmq_message : get message of size 464034
[1751906543][2025/07/07-16:42:23][0][DEBUG] : [1751906543][2025/07/07-16:42:23][0][DEBUG] : get_zmq_message : get message of size 464034
[1751906543][2025/07/07-16:42:23][0][DEBUG] : [1751906543][2025/07/07-16:42:23][0][DEBUG] : get_zmq_message : get message of size 464034
[1751906543][2025/07/07-16:42:23][0][DEBUG] : [1751906543][2025/07/07-16:42:23][0][DEBUG] : get_zmq_message : get message of size 464034
[1751906543][2025/07/07-16:42:23][0][DEBUG] : [1751906543][2025/07/07-16:42:23][0][DEBUG] : get_zmq_message : get message of size 464034
[1751906543][2025/07/07-16:42:23][0][DEBUG] : [1751906543][2025/07/07-16:42:23][0][DEBUG] : get_zmq_message : get message of size 464034
[1751906543][2025/07/07-16:42:23][0][DEBUG] : [1751906543][2025/07/07-16:42:23][0][DEBUG] : get_zmq_message : get message of size 464034
[1751906543][2025/07/07-16:42:23][0][DEBUG] : [1751906543][2025/07/07-16:42:23][0][DEBUG] : get_zmq_message : get message of size 464034
[1751906543][2025/07/07-16:42:23][0][DEBUG] : [1751906543][2025/07/07-16:42:23][0][DEBUG] : get_zmq_message : get message of size 464034
[1751906543][2025/07/07-16:42:23][0][DEBUG] : [1751906543][2025/07/07-16:42:23][0][DEBUG] : get_zmq_message : get message of size 464034
[1751906543][2025/07/07-16:42:23][0][DEBUG] : [1751906543][2025/07/07-16:42:23][0][DEBUG] : get_zmq_message : get message of size 464034
[1751906543][2025/07/07-16:42:23][0][DEBUG] : [1751906543][2025/07/07-16:42:23][0][DEBUG] : get_zmq_message : get message of size 464034
[1751906543][2025/07/07-16:42:23][0][DEBUG] : [1751906543][2025/07/07-16:42:23][0][DEBUG] : get_zmq_message : get message of size 464034
[1751906543][2025/07/07-16:42:23][0][DEBUG] : [1751906543][2025/07/07-16:42:23][0][DEBUG] : get_zmq_message : get message of size 464034
[1751906543][2025/07/07-16:42:23][0][DEBUG] : [1751906543][2025/07/07-16:42:23][0][DEBUG] : get_zmq_message : get message of size 464034
[1751906543][2025/07/07-16:42:23][0][DEBUG] : [1751906543][2025/07/07-16:42:23][0][DEBUG] : get_zmq_message : get message of size 464034
[1751906543][2025/07/07-16:42:23][0][DEBUG] : [1751906543][2025/07/07-16:42:23][0][DEBUG] : get_zmq_message : get message of size 464034
[1751906543][2025/07/07-16:42:23][0][DEBUG] : [1751906543][2025/07/07-16:42:23][0][DEBUG] : get_zmq_message : get message of size 464034
[1751906543][2025/07/07-16:42:23][0][DEBUG] : [1751906543][2025/07/07-16:42:23][0][DEBUG] : get_zmq_message : get message of size 464034
[1751906543][2025/07/07-16:42:23][0][DEBUG] : [1751906543][2025/07/07-16:42:23][0][DEBUG] : get_zmq_message : get message of size 464034
[1751906543][2025/07/07-16:42:23][0][DEBUG] : [1751906543][2025/07/07-16:42:23][0][DEBUG] : get_zmq_message : get message of size 464034
[1751906543][2025/07/07-16:42:23][0][DEBUG] : [1751906543][2025/07/07-16:42:23][0][DEBUG] : get_zmq_message : get message of size 464034
[1751906543][2025/07/07-16:42:23][0][DEBUG] : [1751906543][2025/07/07-16:42:23][0][DEBUG] : get_zmq_message : get message of size 464034
[1751906543][2025/07/07-16:42:23][0][DEBUG] : [1751906543][2025/07/07-16:42:23][0][DEBUG] : get_zmq_message : get message of size 464034
[1751906543][2025/07/07-16:42:23][0][DEBUG] : [1751906543][2025/07/07-16:42:23][0][DEBUG] : get_zmq_message : get message of size 464034
[1751906543][2025/07/07-16:42:23][0][DEBUG] : [1751906543][2025/07/07-16:42:23][0][DEBUG] : get_zmq_message : get message of size 464034
[1751906543][2025/07/07-16:42:23][0][DEBUG] : [1751906543][2025/07/07-16:42:23][0][DEBUG] : get_zmq_message : get message of size 464034
[1751906543][2025/07/07-16:42:23][0][DEBUG] : [1751906543][2025/07/07-16:42:23][0][DEBUG] : get_zmq_message : get message of size 464034
[1751906543][2025/07/07-16:42:23][0][DEBUG] : [1751906543][2025/07/07-16:42:23][0][DEBUG] : get_zmq_message : get message of size 464034
[1751906543][2025/07/07-16:42:23][0][DEBUG] : [1751906543][2025/07/07-16:42:23][0][DEBUG] : get_zmq_message : get message of size 464034
[1751906543][2025/07/07-16:42:23][0][DEBUG] : [1751906543][2025/07/07-16:42:23][0][DEBUG] : get_zmq_message : get message of size 464034
[1751906543][2025/07/07-16:42:23][0][DEBUG] : [1751906543][2025/07/07-16:42:23][0][DEBUG] : get_zmq_message : get message of size 464034
[1751906543][2025/07/07-16:42:23][0][DEBUG] : [1751906543][2025/07/07-16:42:23][0][DEBUG] : get_zmq_message : get message of size 464034
[1751906543][2025/07/07-16:42:23][0][DEBUG] : [1751906543][2025/07/07-16:42:23][0][DEBUG] : get_zmq_message : get message of size 464034
[1751906543][2025/07/07-16:42:23][0][DEBUG] : [1751906543][2025/07/07-16:42:23][0][DEBUG] : get_zmq_message : get message of size 464034
[1751906543][2025/07/07-16:42:23][0][DEBUG] : [1751906543][2025/07/07-16:42:23][0][DEBUG] : get_zmq_message : get message of size 464034
[1751906543][2025/07/07-16:42:23][0][DEBUG] : [1751906543][2025/07/07-16:42:23][0][DEBUG] : get_zmq_message : get message of size 464034
[1751906543][2025/07/07-16:42:23][0][DEBUG] : [1751906543][2025/07/07-16:42:23][0][DEBUG] : get_zmq_message : get message of size 464034
[1751906543][2025/07/07-16:42:23][0][DEBUG] : [1751906543][2025/07/07-16:42:23][0][DEBUG] : get_zmq_message : get message of size 464034
[1751906543][2025/07/07-16:42:23][0][DEBUG] : [1751906543][2025/07/07-16:42:23][0][DEBUG] : get_zmq_message : get message of size 464034
[1751906543][2025/07/07-16:42:23][0][DEBUG] : [1751906543][2025/07/07-16:42:23][0][DEBUG] : get_zmq_message : get message of size 464034
[1751906543][2025/07/07-16:42:23][0][DEBUG] : [1751906543][2025/07/07-16:42:23][0][DEBUG] : get_zmq_message : get message of size 464034
[1751906543][2025/07/07-16:42:23][0][DEBUG] : [1751906543][2025/07/07-16:42:23][0][DEBUG] : get_zmq_message : get message of size 464034
[1751906543][2025/07/07-16:42:23][0][DEBUG] : [1751906543][2025/07/07-16:42:23][0][DEBUG] : get_zmq_message : get message of size 464034
[1751906543][2025/07/07-16:42:23][0][DEBUG] : [1751906543][2025/07/07-16:42:23][0][DEBUG] : get_zmq_message : get message of size 464034
[1751906543][2025/07/07-16:42:23][0][DEBUG] : [1751906543][2025/07/07-16:42:23][0][DEBUG] : get_zmq_message : get message of size 464034
[1751906543][2025/07/07-16:42:23][0][DEBUG] : [1751906543][2025/07/07-16:42:23][0][DEBUG] : get_zmq_message : get message of size 464034
[1751906543][2025/07/07-16:42:23][0][DEBUG] : [1751906543][2025/07/07-16:42:23][0][DEBUG] : get_zmq_message : get message of size 464034
[1751906543][2025/07/07-16:42:23][0][DEBUG] : [1751906543][2025/07/07-16:42:23][0][DEBUG] : get_zmq_message : get message of size 464034
[1751906543][2025/07/07-16:42:23][0][DEBUG] : [1751906543][2025/07/07-16:42:23][0][DEBUG] : get_zmq_message : get message of size 464034
[1751906543][2025/07/07-16:42:23][0][DEBUG] : [1751906543][2025/07/07-16:42:23][0][DEBUG] : get_zmq_message : get message of size 464034
[1751906543][2025/07/07-16:42:23][0][DEBUG] : [1751906543][2025/07/07-16:42:23][0][DEBUG] : get_zmq_message : get message of size 464034
[1751906543][2025/07/07-16:42:23][0][DEBUG] : [1751906543][2025/07/07-16:42:23][0][DEBUG] : get_zmq_message : get message of size 464034
[1751906543][2025/07/07-16:42:23][0][DEBUG] : [1751906543][2025/07/07-16:42:23][0][INFO] : update_timer_message : nbBadMessage = 4 (size in [53, 4490]), consecutiveRecieved[0, 0], nbEvent = 565, nbGoodEvent = 565, ratioEventPerSecond = 564.998, ratioGoodEventPerSecond = 564.998
[1751906543][2025/07/07-16:42:23][0][DEBUG] : get_zmq_message : get message of size 464034
[1751906543][2025/07/07-16:42:23][0][DEBUG] : [1751906543][2025/07/07-16:42:23][0][DEBUG] : get_zmq_message : get message of size 464034
[1751906543][2025/07/07-16:42:23][0][DEBUG] : [1751906543][2025/07/07-16:42:23][0][DEBUG] : get_zmq_message : get message of size 464034
[1751906543][2025/07/07-16:42:23][0][DEBUG] : [1751906543][2025/07/07-16:42:23][0][DEBUG] : get_zmq_message : get message of size 464034
[1751906543][2025/07/07-16:42:23][0][DEBUG] : [1751906543][2025/07/07-16:42:23][0][DEBUG] : get_zmq_message : get message of size 464034
[1751906543][2025/07/07-16:42:23][0][DEBUG] : [1751906543][2025/07/07-16:42:23][0][DEBUG] : get_zmq_message : get message of size 464034
[1751906543][2025/07/07-16:42:23][0][DEBUG] : [1751906543][2025/07/07-16:42:23][0][DEBUG] : get_zmq_message : get message of size 464034
[1751906543][2025/07/07-16:42:23][0][DEBUG] : [1751906543][2025/07/07-16:42:23][0][DEBUG] : get_zmq_message : get message of size 464034
[1751906543][2025/07/07-16:42:23][0][DEBUG] : [1751906543][2025/07/07-16:42:23][0][DEBUG] : get_zmq_message : get message of size 464034
[1751906543][2025/07/07-16:42:23][0][DEBUG] : [1751906543][2025/07/07-16:42:23][0][DEBUG] : get_zmq_message : get message of size 464034
[1751906543][2025/07/07-16:42:23][0][DEBUG] : [1751906543][2025/07/07-16:42:23][0][DEBUG] : get_zmq_message : get message of size 464034
[1751906543][2025/07/07-16:42:23][0][DEBUG] : [1751906543][2025/07/07-16:42:23][0][DEBUG] : get_zmq_message : get message of size 464034
[1751906543][2025/07/07-16:42:23][0][DEBUG] : [1751906543][2025/07/07-16:42:23][0][DEBUG] : get_zmq_message : get message of size 464034
[1751906543][2025/07/07-16:42:23][0][DEBUG] : [1751906543][2025/07/07-16:42:23][0][DEBUG] : get_zmq_message : get message of size 464034
[1751906543][2025/07/07-16:42:23][0][DEBUG] : [1751906543][2025/07/07-16:42:23][0][DEBUG] : get_zmq_message : get message of size 464034
[1751906543][2025/07/07-16:42:23][0][DEBUG] : [1751906543][2025/07/07-16:42:23][0][DEBUG] : get_zmq_message : get message of size 464034
[1751906543][2025/07/07-16:42:23][0][DEBUG] : [1751906543][2025/07/07-16:42:23][0][DEBUG] : get_zmq_message : get message of size 464034
[1751906543][2025/07/07-16:42:23][0][DEBUG] : [1751906543][2025/07/07-16:42:23][0][DEBUG] : get_zmq_message : get message of size 464034
[1751906543][2025/07/07-16:42:23][0][DEBUG] : [1751906543][2025/07/07-16:42:23][0][DEBUG] : get_zmq_message : get message of size 464034
[1751906543][2025/07/07-16:42:23][0][DEBUG] : [1751906543][2025/07/07-16:42:23][0][DEBUG] : get_zmq_message : get message of size 464034
[1751906543][2025/07/07-16:42:23][0][DEBUG] : [1751906543][2025/07/07-16:42:23][0][DEBUG] : get_zmq_message : get message of size 464034
[1751906543][2025/07/07-16:42:23][0][DEBUG] : [1751906543][2025/07/07-16:42:23][0][DEBUG] : get_zmq_message : get message of size 464034
[1751906543][2025/07/07-16:42:23][0][DEBUG] : [1751906543][2025/07/07-16:42:23][0][DEBUG] : get_zmq_message : get message of size 464034
[1751906543][2025/07/07-16:42:23][0][DEBUG] : [1751906543][2025/07/07-16:42:23][0][DEBUG] : get_zmq_message : get message of size 464034
[1751906543][2025/07/07-16:42:23][0][DEBUG] : [1751906543][2025/07/07-16:42:23][0][DEBUG] : get_zmq_message : get message of size 464034
[1751906543][2025/07/07-16:42:23][0][DEBUG] : [1751906543][2025/07/07-16:42:23][0][DEBUG] : get_zmq_message : get message of size 464034
[1751906543][2025/07/07-16:42:23][0][DEBUG] : [1751906543][2025/07/07-16:42:23][0][DEBUG] : get_zmq_message : get message of size 464034
[1751906543][2025/07/07-16:42:23][0][DEBUG] : [1751906543][2025/07/07-16:42:23][0][DEBUG] : get_zmq_message : get message of size 464034
[1751906543][2025/07/07-16:42:23][0][DEBUG] : [1751906543][2025/07/07-16:42:23][0][DEBUG] : get_zmq_message : get message of size 464034
[1751906543][2025/07/07-16:42:23][0][DEBUG] : [1751906543][2025/07/07-16:42:23][0][DEBUG] : get_zmq_message : get message of size 464034
[1751906543][2025/07/07-16:42:23][0][DEBUG] : [1751906543][2025/07/07-16:42:23][0][DEBUG] : get_zmq_message : get message of size 464034
[1751906543][2025/07/07-16:42:23][0][DEBUG] : [1751906543][2025/07/07-16:42:23][0][DEBUG] : get_zmq_message : get message of size 464034
[1751906543][2025/07/07-16:42:23][0][DEBUG] : [1751906543][2025/07/07-16:42:23][0][DEBUG] : get_zmq_message : get message of size 464034
[1751906543][2025/07/07-16:42:23][0][DEBUG] : [1751906543][2025/07/07-16:42:23][0][DEBUG] : get_zmq_message : get message of size 464034
[1751906543][2025/07/07-16:42:23][0][DEBUG] : [1751906543][2025/07/07-16:42:23][0][DEBUG] : get_zmq_message : get message of size 464034
[1751906543][2025/07/07-16:42:23][0][DEBUG] : [1751906543][2025/07/07-16:42:23][0][DEBUG] : get_zmq_message : get message of size 464034
[1751906543][2025/07/07-16:42:23][0][DEBUG] : [1751906543][2025/07/07-16:42:23][0][DEBUG] : get_zmq_message : get message of size 464034
[1751906543][2025/07/07-16:42:23][0][DEBUG] : [1751906543][2025/07/07-16:42:23][0][DEBUG] : get_zmq_message : get message of size 464034
[1751906543][2025/07/07-16:42:23][0][DEBUG] : [1751906543][2025/07/07-16:42:23][0][DEBUG] : get_zmq_message : get message of size 464034
[1751906543][2025/07/07-16:42:23][0][DEBUG] : [1751906543][2025/07/07-16:42:23][0][DEBUG] : get_zmq_message : get message of size 464034
[1751906543][2025/07/07-16:42:23][0][DEBUG] : [1751906543][2025/07/07-16:42:23][0][DEBUG] : get_zmq_message : get message of size 464034
[1751906543][2025/07/07-16:42:23][0][DEBUG] : [1751906543][2025/07/07-16:42:23][0][DEBUG] : get_zmq_message : get message of size 464034
[1751906543][2025/07/07-16:42:23][0][DEBUG] : [1751906543][2025/07/07-16:42:23][0][DEBUG] : get_zmq_message : get message of size 464034
[1751906543][2025/07/07-16:42:23][0][DEBUG] : [1751906543][2025/07/07-16:42:23][0][DEBUG] : get_zmq_message : get message of size 464034
[1751906543][2025/07/07-16:42:23][0][DEBUG] : [1751906543][2025/07/07-16:42:23][0][DEBUG] : get_zmq_message : get message of size 464034
[1751906543][2025/07/07-16:42:23][0][DEBUG] : [1751906543][2025/07/07-16:42:23][0][DEBUG] : get_zmq_message : get message of size 464034
[1751906543][2025/07/07-16:42:23][0][DEBUG] : [1751906543][2025/07/07-16:42:23][0][DEBUG] : get_zmq_message : get message of size 464034
[1751906543][2025/07/07-16:42:23][0][DEBUG] : [1751906543][2025/07/07-16:42:23][0][DEBUG] : get_zmq_message : get message of size 464034
[1751906543][2025/07/07-16:42:23][0][DEBUG] : [1751906543][2025/07/07-16:42:23][0][DEBUG] : get_zmq_message : get message of size 464034
[1751906543][2025/07/07-16:42:23][0][DEBUG] : [1751906543][2025/07/07-16:42:23][0][DEBUG] : get_zmq_message : get message of size 464034
[1751906543][2025/07/07-16:42:23][0][DEBUG] : [1751906543][2025/07/07-16:42:23][0][DEBUG] : get_zmq_message : get message of size 464034
[1751906543][2025/07/07-16:42:23][0][DEBUG] : [1751906543][2025/07/07-16:42:23][0][DEBUG] : get_zmq_message : get message of size 464034
[1751906543][2025/07/07-16:42:23][0][DEBUG] : [1751906543][2025/07/07-16:42:23][0][DEBUG] : get_zmq_message : get message of size 464034
[1751906543][2025/07/07-16:42:23][0][DEBUG] : [1751906543][2025/07/07-16:42:23][0][DEBUG] : get_zmq_message : get message of size 464034
[1751906543][2025/07/07-16:42:23][0][DEBUG] : [1751906543][2025/07/07-16:42:23][0][DEBUG] : get_zmq_message : get message of size 464034
[1751906543][2025/07/07-16:42:23][0][DEBUG] : [1751906543][2025/07/07-16:42:23][0][DEBUG] : get_zmq_message : get message of size 464034
[1751906543][2025/07/07-16:42:23][0][DEBUG] : [1751906543][2025/07/07-16:42:23][0][DEBUG] : get_zmq_message : get message of size 464034
[1751906543][2025/07/07-16:42:23][0][DEBUG] : [1751906543][2025/07/07-16:42:23][0][DEBUG] : get_zmq_message : get message of size 464034
[1751906543][2025/07/07-16:42:23][0][DEBUG] : [1751906543][2025/07/07-16:42:23][0][DEBUG] : get_zmq_message : get message of size 464034
[1751906543][2025/07/07-16:42:23][0][DEBUG] : [1751906543][2025/07/07-16:42:23][0][DEBUG] : get_zmq_message : get message of size 464034
[1751906543][2025/07/07-16:42:23][0][DEBUG] : [1751906543][2025/07/07-16:42:23][0][DEBUG] : get_zmq_message : get message of size 464034
[1751906543][2025/07/07-16:42:23][0][DEBUG] : [1751906543][2025/07/07-16:42:23][0][DEBUG] : get_zmq_message : get message of size 464034
[1751906543][2025/07/07-16:42:23][0][DEBUG] : [1751906543][2025/07/07-16:42:23][0][DEBUG] : get_zmq_message : get message of size 464034
[1751906543][2025/07/07-16:42:23][0][DEBUG] : [1751906543][2025/07/07-16:42:23][0][DEBUG] : get_zmq_message : get message of size 464034
[1751906543][2025/07/07-16:42:23][0][DEBUG] : [1751906543][2025/07/07-16:42:23][0][DEBUG] : get_zmq_message : get message of size 464034
[1751906543][2025/07/07-16:42:23][0][DEBUG] : [1751906543][2025/07/07-16:42:23][0][DEBUG] : get_zmq_message : get message of size 464034
[1751906543][2025/07/07-16:42:23][0][DEBUG] : [1751906543][2025/07/07-16:42:23][0][DEBUG] : get_zmq_message : get message of size 464034
[1751906543][2025/07/07-16:42:23][0][DEBUG] : [1751906543][2025/07/07-16:42:23][0][DEBUG] : get_zmq_message : get message of size 464034
[1751906543][2025/07/07-16:42:23][0][DEBUG] : [1751906543][2025/07/07-16:42:23][0][DEBUG] : get_zmq_message : get message of size 464034
[1751906543][2025/07/07-16:42:23][0][DEBUG] : [1751906543][2025/07/07-16:42:23][0][DEBUG] : get_zmq_message : get message of size 464034
[1751906543][2025/07/07-16:42:23][0][DEBUG] : [1751906543][2025/07/07-16:42:23][0][DEBUG] : get_zmq_message : get message of size 464034
[1751906543][2025/07/07-16:42:23][0][DEBUG] : [1751906543][2025/07/07-16:42:23][0][DEBUG] : get_zmq_message : get message of size 464034
[1751906543][2025/07/07-16:42:23][0][DEBUG] : [1751906543][2025/07/07-16:42:23][0][DEBUG] : get_zmq_message : get message of size 464034
[1751906543][2025/07/07-16:42:23][0][DEBUG] : [1751906543][2025/07/07-16:42:23][0][DEBUG] : get_zmq_message : get message of size 464034
[1751906543][2025/07/07-16:42:23][0][DEBUG] : [1751906543][2025/07/07-16:42:23][0][DEBUG] : get_zmq_message : get message of size 464034
[1751906543][2025/07/07-16:42:23][0][DEBUG] : [1751906543][2025/07/07-16:42:23][0][DEBUG] : get_zmq_message : get message of size 464034
[1751906543][2025/07/07-16:42:23][0][DEBUG] : [1751906543][2025/07/07-16:42:23][0][DEBUG] : get_zmq_message : get message of size 464034
[1751906543][2025/07/07-16:42:23][0][DEBUG] : [1751906543][2025/07/07-16:42:23][0][DEBUG] : get_zmq_message : get message of size 464034
[1751906543][2025/07/07-16:42:23][0][DEBUG] : [1751906543][2025/07/07-16:42:23][0][DEBUG] : get_zmq_message : get message of size 464034
[1751906543][2025/07/07-16:42:23][0][DEBUG] : [1751906543][2025/07/07-16:42:23][0][DEBUG] : get_zmq_message : get message of size 464034
[1751906543][2025/07/07-16:42:23][0][DEBUG] : [1751906543][2025/07/07-16:42:23][0][DEBUG] : get_zmq_message : get message of size 464034
[1751906543][2025/07/07-16:42:23][0][DEBUG] : [1751906543][2025/07/07-16:42:23][0][DEBUG] : get_zmq_message : get message of size 464034
[1751906543][2025/07/07-16:42:23][0][DEBUG] : [1751906543][2025/07/07-16:42:23][0][DEBUG] : get_zmq_message : get message of size 464034
[1751906543][2025/07/07-16:42:23][0][DEBUG] : [1751906543][2025/07/07-16:42:23][0][DEBUG] : get_zmq_message : get message of size 464034
[1751906543][2025/07/07-16:42:23][0][DEBUG] : [1751906543][2025/07/07-16:42:23][0][DEBUG] : get_zmq_message : get message of size 464034
[1751906543][2025/07/07-16:42:23][0][DEBUG] : [1751906543][2025/07/07-16:42:23][0][DEBUG] : get_zmq_message : get message of size 464034
[1751906543][2025/07/07-16:42:23][0][DEBUG] : [1751906543][2025/07/07-16:42:23][0][DEBUG] : get_zmq_message : get message of size 464034
[1751906543][2025/07/07-16:42:23][0][DEBUG] : [1751906543][2025/07/07-16:42:23][0][DEBUG] : get_zmq_message : get message of size 464034
[1751906543][2025/07/07-16:42:23][0][DEBUG] : [1751906543][2025/07/07-16:42:23][0][DEBUG] : get_zmq_message : get message of size 464034
[1751906543][2025/07/07-16:42:23][0][DEBUG] : [1751906543][2025/07/07-16:42:23][0][DEBUG] : get_zmq_message : get message of size 464034
[1751906543][2025/07/07-16:42:23][0][DEBUG] : [1751906543][2025/07/07-16:42:23][0][DEBUG] : get_zmq_message : get message of size 464034
[1751906543][2025/07/07-16:42:23][0][DEBUG] : [1751906543][2025/07/07-16:42:23][0][DEBUG] : get_zmq_message : get message of size 464034
[1751906543][2025/07/07-16:42:23][0][DEBUG] : [1751906543][2025/07/07-16:42:23][0][DEBUG] : get_zmq_message : get message of size 464034
[1751906543][2025/07/07-16:42:23][0][DEBUG] : [1751906543][2025/07/07-16:42:23][0][DEBUG] : get_zmq_message : get message of size 464034
[1751906543][2025/07/07-16:42:23][0][DEBUG] : [1751906543][2025/07/07-16:42:23][0][DEBUG] : get_zmq_message : get message of size 464034
[1751906543][2025/07/07-16:42:23][0][DEBUG] : [1751906543][2025/07/07-16:42:23][0][DEBUG] : get_zmq_message : get message of size 464034
[1751906543][2025/07/07-16:42:23][0][DEBUG] : [1751906543][2025/07/07-16:42:23][0][DEBUG] : get_zmq_message : get message of size 464034
[1751906543][2025/07/07-16:42:23][0][DEBUG] : [1751906543][2025/07/07-16:42:23][0][DEBUG] : get_zmq_message : get message of size 464034
[1751906543][2025/07/07-16:42:23][0][DEBUG] : [1751906543][2025/07/07-16:42:23][0][DEBUG] : get_zmq_message : get message of size 464034
[1751906543][2025/07/07-16:42:23][0][DEBUG] : [1751906543][2025/07/07-16:42:23][0][DEBUG] : get_zmq_message : get message of size 464034
[1751906543][2025/07/07-16:42:23][0][DEBUG] : [1751906543][2025/07/07-16:42:23][0][DEBUG] : get_zmq_message : get message of size 464034
[1751906543][2025/07/07-16:42:23][0][DEBUG] : [1751906543][2025/07/07-16:42:23][0][DEBUG] : get_zmq_message : get message of size 464034
[1751906543][2025/07/07-16:42:23][0][DEBUG] : [1751906543][2025/07/07-16:42:23][0][DEBUG] : get_zmq_message : get message of size 464034
[1751906543][2025/07/07-16:42:23][0][DEBUG] : [1751906543][2025/07/07-16:42:23][0][DEBUG] : get_zmq_message : get message of size 464034
[1751906543][2025/07/07-16:42:23][0][DEBUG] : [1751906543][2025/07/07-16:42:23][0][DEBUG] : get_zmq_message : get message of size 464034
[1751906543][2025/07/07-16:42:23][0][DEBUG] : [1751906543][2025/07/07-16:42:23][0][DEBUG] : get_zmq_message : get message of size 464034
[1751906543][2025/07/07-16:42:23][0][DEBUG] : [1751906543][2025/07/07-16:42:23][0][DEBUG] : get_zmq_message : get message of size 464034
[1751906543][2025/07/07-16:42:23][0][DEBUG] : [1751906543][2025/07/07-16:42:23][0][DEBUG] : get_zmq_message : get message of size 464034
[1751906543][2025/07/07-16:42:23][0][DEBUG] : [1751906543][2025/07/07-16:42:23][0][DEBUG] : get_zmq_message : get message of size 464034
[1751906543][2025/07/07-16:42:23][0][DEBUG] : [1751906543][2025/07/07-16:42:23][0][DEBUG] : get_zmq_message : get message of size 464034
[1751906543][2025/07/07-16:42:23][0][DEBUG] : [1751906543][2025/07/07-16:42:23][0][DEBUG] : get_zmq_message : get message of size 464034
[1751906543][2025/07/07-16:42:23][0][DEBUG] : [1751906543][2025/07/07-16:42:23][0][DEBUG] : get_zmq_message : get message of size 464034
[1751906543][2025/07/07-16:42:23][0][DEBUG] : [1751906543][2025/07/07-16:42:23][0][DEBUG] : get_zmq_message : get message of size 464034
[1751906543][2025/07/07-16:42:23][0][DEBUG] : [1751906543][2025/07/07-16:42:23][0][DEBUG] : get_zmq_message : get message of size 464034
[1751906543][2025/07/07-16:42:23][0][DEBUG] : [1751906543][2025/07/07-16:42:23][0][DEBUG] : get_zmq_message : get message of size 464034
[1751906543][2025/07/07-16:42:23][0][DEBUG] : [1751906543][2025/07/07-16:42:23][0][DEBUG] : get_zmq_message : get message of size 464034
[1751906543][2025/07/07-16:42:23][0][DEBUG] : [1751906543][2025/07/07-16:42:23][0][DEBUG] : get_zmq_message : get message of size 464034
[1751906543][2025/07/07-16:42:23][0][DEBUG] : [1751906543][2025/07/07-16:42:23][0][DEBUG] : get_zmq_message : get message of size 464034
[1751906543][2025/07/07-16:42:23][0][DEBUG] : [1751906543][2025/07/07-16:42:23][0][DEBUG] : get_zmq_message : get message of size 464034
[1751906543][2025/07/07-16:42:23][0][DEBUG] : [1751906543][2025/07/07-16:42:23][0][DEBUG] : get_zmq_message : get message of size 464034
[1751906543][2025/07/07-16:42:23][0][DEBUG] : [1751906543][2025/07/07-16:42:23][0][DEBUG] : get_zmq_message : get message of size 464034
[1751906543][2025/07/07-16:42:23][0][DEBUG] : [1751906543][2025/07/07-16:42:23][0][DEBUG] : get_zmq_message : get message of size 464034
[1751906543][2025/07/07-16:42:23][0][DEBUG] : [1751906543][2025/07/07-16:42:23][0][DEBUG] : get_zmq_message : get message of size 464034
[1751906543][2025/07/07-16:42:23][0][DEBUG] : [1751906543][2025/07/07-16:42:23][0][DEBUG] : get_zmq_message : get message of size 464034
[1751906543][2025/07/07-16:42:23][0][DEBUG] : [1751906543][2025/07/07-16:42:23][0][DEBUG] : get_zmq_message : get message of size 464034
[1751906543][2025/07/07-16:42:23][0][DEBUG] : [1751906543][2025/07/07-16:42:23][0][DEBUG] : get_zmq_message : get message of size 464034
[1751906543][2025/07/07-16:42:23][0][DEBUG] : [1751906543][2025/07/07-16:42:23][0][DEBUG] : get_zmq_message : get message of size 464034
[1751906543][2025/07/07-16:42:23][0][DEBUG] : [1751906543][2025/07/07-16:42:23][0][DEBUG] : get_zmq_message : get message of size 464034
[1751906543][2025/07/07-16:42:23][0][DEBUG] : [1751906543][2025/07/07-16:42:23][0][DEBUG] : get_zmq_message : get message of size 464034
[1751906543][2025/07/07-16:42:23][0][DEBUG] : [1751906543][2025/07/07-16:42:23][0][DEBUG] : get_zmq_message : get message of size 464034
[1751906543][2025/07/07-16:42:23][0][DEBUG] : [1751906543][2025/07/07-16:42:23][0][DEBUG] : get_zmq_message : get message of size 464034
[1751906543][2025/07/07-16:42:23][0][DEBUG] : [1751906543][2025/07/07-16:42:23][0][DEBUG] : get_zmq_message : get message of size 464034
[1751906543][2025/07/07-16:42:23][0][DEBUG] : [1751906543][2025/07/07-16:42:23][0][DEBUG] : get_zmq_message : get message of size 464034
[1751906543][2025/07/07-16:42:23][0][DEBUG] : [1751906543][2025/07/07-16:42:23][0][DEBUG] : get_zmq_message : get message of size 464034
[1751906543][2025/07/07-16:42:23][0][DEBUG] : [1751906543][2025/07/07-16:42:23][0][DEBUG] : get_zmq_message : get message of size 464034
[1751906543][2025/07/07-16:42:23][0][DEBUG] : [1751906543][2025/07/07-16:42:23][0][DEBUG] : get_zmq_message : get message of size 464034
[1751906543][2025/07/07-16:42:23][0][DEBUG] : [1751906543][2025/07/07-16:42:23][0][DEBUG] : get_zmq_message : get message of size 464034
[1751906543][2025/07/07-16:42:23][0][DEBUG] : [1751906543][2025/07/07-16:42:23][0][DEBUG] : get_zmq_message : get message of size 464034
[1751906543][2025/07/07-16:42:23][0][DEBUG] : [1751906543][2025/07/07-16:42:23][0][DEBUG] : get_zmq_message : get message of size 464034
[1751906543][2025/07/07-16:42:23][0][DEBUG] : [1751906543][2025/07/07-16:42:23][0][DEBUG] : get_zmq_message : get message of size 464034
[1751906543][2025/07/07-16:42:23][0][DEBUG] : [1751906543][2025/07/07-16:42:23][0][DEBUG] : get_zmq_message : get message of size 464034
[1751906543][2025/07/07-16:42:23][0][DEBUG] : [1751906543][2025/07/07-16:42:23][0][DEBUG] : get_zmq_message : get message of size 464034
[1751906543][2025/07/07-16:42:23][0][DEBUG] : [1751906543][2025/07/07-16:42:23][0][DEBUG] : get_zmq_message : get message of size 464034
[1751906543][2025/07/07-16:42:23][0][DEBUG] : [1751906543][2025/07/07-16:42:23][0][DEBUG] : get_zmq_message : get message of size 464034
[1751906543][2025/07/07-16:42:23][0][DEBUG] : [1751906543][2025/07/07-16:42:23][0][DEBUG] : get_zmq_message : get message of size 464034
[1751906543][2025/07/07-16:42:23][0][DEBUG] : [1751906543][2025/07/07-16:42:23][0][DEBUG] : get_zmq_message : get message of size 464034
[1751906543][2025/07/07-16:42:23][0][DEBUG] : [1751906543][2025/07/07-16:42:23][0][DEBUG] : get_zmq_message : get message of size 464034
[1751906543][2025/07/07-16:42:23][0][DEBUG] : [1751906543][2025/07/07-16:42:23][0][DEBUG] : get_zmq_message : get message of size 464034
[1751906543][2025/07/07-16:42:23][0][DEBUG] : [1751906543][2025/07/07-16:42:23][0][DEBUG] : get_zmq_message : get message of size 464034
[1751906543][2025/07/07-16:42:23][0][DEBUG] : [1751906543][2025/07/07-16:42:23][0][DEBUG] : get_zmq_message : get message of size 464034
[1751906543][2025/07/07-16:42:23][0][DEBUG] : [1751906543][2025/07/07-16:42:23][0][DEBUG] : get_zmq_message : get message of size 464034
[1751906543][2025/07/07-16:42:23][0][DEBUG] : [1751906543][2025/07/07-16:42:23][0][DEBUG] : get_zmq_message : get message of size 464034
[1751906543][2025/07/07-16:42:23][0][DEBUG] : [1751906543][2025/07/07-16:42:23][0][DEBUG] : get_zmq_message : get message of size 464034
[1751906543][2025/07/07-16:42:23][0][DEBUG] : [1751906543][2025/07/07-16:42:23][0][DEBUG] : get_zmq_message : get message of size 464034
[1751906543][2025/07/07-16:42:23][0][DEBUG] : [1751906543][2025/07/07-16:42:23][0][DEBUG] : get_zmq_message : get message of size 464034
[1751906543][2025/07/07-16:42:23][0][DEBUG] : [1751906543][2025/07/07-16:42:23][0][DEBUG] : get_zmq_message : get message of size 464034
[1751906543][2025/07/07-16:42:23][0][DEBUG] : [1751906543][2025/07/07-16:42:23][0][DEBUG] : get_zmq_message : get message of size 464034
[1751906543][2025/07/07-16:42:23][0][DEBUG] : [1751906543][2025/07/07-16:42:23][0][DEBUG] : get_zmq_message : get message of size 464034
[1751906543][2025/07/07-16:42:23][0][DEBUG] : [1751906543][2025/07/07-16:42:23][0][DEBUG] : get_zmq_message : get message of size 464034
[1751906543][2025/07/07-16:42:23][0][DEBUG] : [1751906543][2025/07/07-16:42:23][0][DEBUG] : get_zmq_message : get message of size 464034
[1751906543][2025/07/07-16:42:23][0][DEBUG] : [1751906543][2025/07/07-16:42:23][0][DEBUG] : get_zmq_message : get message of size 464034
[1751906543][2025/07/07-16:42:23][0][DEBUG] : [1751906543][2025/07/07-16:42:23][0][DEBUG] : get_zmq_message : get message of size 464034
[1751906543][2025/07/07-16:42:23][0][DEBUG] : [1751906543][2025/07/07-16:42:23][0][DEBUG] : get_zmq_message : get message of size 464034
[1751906543][2025/07/07-16:42:23][0][DEBUG] : [1751906543][2025/07/07-16:42:23][0][DEBUG] : get_zmq_message : get message of size 464034
[1751906543][2025/07/07-16:42:23][0][DEBUG] : [1751906543][2025/07/07-16:42:23][0][DEBUG] : get_zmq_message : get message of size 464034
[1751906543][2025/07/07-16:42:23][0][DEBUG] : [1751906543][2025/07/07-16:42:23][0][DEBUG] : get_zmq_message : get message of size 464034
[1751906543][2025/07/07-16:42:23][0][DEBUG] : [1751906543][2025/07/07-16:42:23][0][DEBUG] : get_zmq_message : get message of size 464034
[1751906543][2025/07/07-16:42:23][0][DEBUG] : [1751906543][2025/07/07-16:42:23][0][DEBUG] : get_zmq_message : get message of size 464034
[1751906543][2025/07/07-16:42:23][0][DEBUG] : [1751906543][2025/07/07-16:42:23][0][DEBUG] : get_zmq_message : get message of size 464034
[1751906543][2025/07/07-16:42:23][0][DEBUG] : [1751906543][2025/07/07-16:42:23][0][DEBUG] : get_zmq_message : get message of size 464034
[1751906543][2025/07/07-16:42:23][0][DEBUG] : [1751906543][2025/07/07-16:42:23][0][DEBUG] : get_zmq_message : get message of size 464034
[1751906543][2025/07/07-16:42:23][0][DEBUG] : [1751906543][2025/07/07-16:42:23][0][DEBUG] : get_zmq_message : get message of size 464034
[1751906543][2025/07/07-16:42:23][0][DEBUG] : [1751906543][2025/07/07-16:42:23][0][DEBUG] : get_zmq_message : get message of size 464034
[1751906543][2025/07/07-16:42:23][0][DEBUG] : [1751906543][2025/07/07-16:42:23][0][DEBUG] : get_zmq_message : get message of size 464034
[1751906543][2025/07/07-16:42:23][0][DEBUG] : [1751906543][2025/07/07-16:42:23][0][DEBUG] : get_zmq_message : get message of size 464034
[1751906543][2025/07/07-16:42:23][0][DEBUG] : [1751906543][2025/07/07-16:42:23][0][DEBUG] : get_zmq_message : get message of size 464034
[1751906543][2025/07/07-16:42:23][0][DEBUG] : [1751906543][2025/07/07-16:42:23][0][DEBUG] : get_zmq_message : get message of size 464034
[1751906543][2025/07/07-16:42:23][0][DEBUG] : [1751906543][2025/07/07-16:42:23][0][DEBUG] : get_zmq_message : get message of size 464034
[1751906543][2025/07/07-16:42:23][0][DEBUG] : [1751906543][2025/07/07-16:42:23][0][DEBUG] : get_zmq_message : get message of size 464034
[1751906543][2025/07/07-16:42:23][0][DEBUG] : [1751906543][2025/07/07-16:42:23][0][DEBUG] : get_zmq_message : get message of size 464034
[1751906543][2025/07/07-16:42:23][0][DEBUG] : [1751906543][2025/07/07-16:42:23][0][DEBUG] : get_zmq_message : get message of size 464034
[1751906543][2025/07/07-16:42:23][0][DEBUG] : [1751906543][2025/07/07-16:42:23][0][DEBUG] : get_zmq_message : get message of size 464034
[1751906543][2025/07/07-16:42:23][0][DEBUG] : [1751906543][2025/07/07-16:42:23][0][DEBUG] : get_zmq_message : get message of size 464034
[1751906543][2025/07/07-16:42:23][0][DEBUG] : [1751906543][2025/07/07-16:42:23][0][DEBUG] : get_zmq_message : get message of size 464034
[1751906543][2025/07/07-16:42:23][0][DEBUG] : [1751906543][2025/07/07-16:42:23][0][DEBUG] : get_zmq_message : get message of size 464034
[1751906543][2025/07/07-16:42:23][0][DEBUG] : [1751906543][2025/07/07-16:42:23][0][DEBUG] : get_zmq_message : get message of size 464034
[1751906543][2025/07/07-16:42:23][0][DEBUG] : [1751906543][2025/07/07-16:42:23][0][DEBUG] : get_zmq_message : get message of size 464034
[1751906543][2025/07/07-16:42:23][0][DEBUG] : [1751906543][2025/07/07-16:42:23][0][DEBUG] : get_zmq_message : get message of size 464034
[1751906543][2025/07/07-16:42:23][0][DEBUG] : [1751906543][2025/07/07-16:42:23][0][DEBUG] : get_zmq_message : get message of size 464034
[1751906543][2025/07/07-16:42:23][0][DEBUG] : [1751906543][2025/07/07-16:42:23][0][DEBUG] : get_zmq_message : get message of size 464034
[1751906543][2025/07/07-16:42:23][0][DEBUG] : [1751906543][2025/07/07-16:42:23][0][DEBUG] : get_zmq_message : get message of size 464034
[1751906543][2025/07/07-16:42:23][0][DEBUG] : [1751906543][2025/07/07-16:42:23][0][DEBUG] : get_zmq_message : get message of size 464034
[1751906543][2025/07/07-16:42:23][0][DEBUG] : [1751906543][2025/07/07-16:42:23][0][DEBUG] : get_zmq_message : get message of size 464034
[1751906543][2025/07/07-16:42:23][0][DEBUG] : [1751906543][2025/07/07-16:42:23][0][DEBUG] : get_zmq_message : get message of size 464034
[1751906543][2025/07/07-16:42:23][0][DEBUG] : [1751906543][2025/07/07-16:42:23][0][DEBUG] : get_zmq_message : get message of size 464034
[1751906543][2025/07/07-16:42:23][0][DEBUG] : [1751906543][2025/07/07-16:42:23][0][DEBUG] : get_zmq_message : get message of size 464034
[1751906543][2025/07/07-16:42:23][0][DEBUG] : [1751906543][2025/07/07-16:42:23][0][DEBUG] : get_zmq_message : get message of size 464034
[1751906543][2025/07/07-16:42:23][0][DEBUG] : [1751906543][2025/07/07-16:42:23][0][DEBUG] : get_zmq_message : get message of size 464034
[1751906543][2025/07/07-16:42:23][0][DEBUG] : [1751906543][2025/07/07-16:42:23][0][DEBUG] : get_zmq_message : get message of size 464034
[1751906543][2025/07/07-16:42:23][0][DEBUG] : [1751906543][2025/07/07-16:42:23][0][DEBUG] : get_zmq_message : get message of size 464034
[1751906543][2025/07/07-16:42:23][0][DEBUG] : [1751906543][2025/07/07-16:42:23][0][DEBUG] : get_zmq_message : get message of size 464034
[1751906543][2025/07/07-16:42:23][0][DEBUG] : [1751906543][2025/07/07-16:42:23][0][DEBUG] : get_zmq_message : get message of size 464034
[1751906543][2025/07/07-16:42:23][0][DEBUG] : [1751906543][2025/07/07-16:42:23][0][DEBUG] : get_zmq_message : get message of size 464034
[1751906543][2025/07/07-16:42:23][0][DEBUG] : [1751906543][2025/07/07-16:42:23][0][DEBUG] : get_zmq_message : get message of size 464034
[1751906543][2025/07/07-16:42:23][0][DEBUG] : [1751906543][2025/07/07-16:42:23][0][DEBUG] : get_zmq_message : get message of size 464034
[1751906543][2025/07/07-16:42:23][0][DEBUG] : [1751906543][2025/07/07-16:42:23][0][DEBUG] : get_zmq_message : get message of size 464034
[1751906543][2025/07/07-16:42:23][0][DEBUG] : [1751906543][2025/07/07-16:42:23][0][DEBUG] : get_zmq_message : get message of size 464034
[1751906543][2025/07/07-16:42:23][0][DEBUG] : [1751906543][2025/07/07-16:42:23][0][DEBUG] : get_zmq_message : get message of size 464034
[1751906543][2025/07/07-16:42:23][0][DEBUG] : [1751906543][2025/07/07-16:42:23][0][DEBUG] : get_zmq_message : get message of size 464034
[1751906543][2025/07/07-16:42:23][0][DEBUG] : [1751906543][2025/07/07-16:42:23][0][DEBUG] : get_zmq_message : get message of size 464034
[1751906543][2025/07/07-16:42:23][0][DEBUG] : [1751906543][2025/07/07-16:42:23][0][DEBUG] : get_zmq_message : get message of size 464034
[1751906543][2025/07/07-16:42:23][0][DEBUG] : [1751906543][2025/07/07-16:42:23][0][DEBUG] : get_zmq_message : get message of size 464034
[1751906543][2025/07/07-16:42:23][0][DEBUG] : [1751906543][2025/07/07-16:42:23][0][DEBUG] : get_zmq_message : get message of size 464034
[1751906543][2025/07/07-16:42:23][0][DEBUG] : [1751906543][2025/07/07-16:42:23][0][DEBUG] : get_zmq_message : get message of size 464034
[1751906543][2025/07/07-16:42:23][0][DEBUG] : [1751906543][2025/07/07-16:42:23][0][DEBUG] : get_zmq_message : get message of size 464034
[1751906543][2025/07/07-16:42:23][0][DEBUG] : [1751906543][2025/07/07-16:42:23][0][DEBUG] : get_zmq_message : get message of size 464034
[1751906543][2025/07/07-16:42:23][0][DEBUG] : [1751906543][2025/07/07-16:42:23][0][DEBUG] : get_zmq_message : get message of size 464034
[1751906543][2025/07/07-16:42:23][0][DEBUG] : [1751906543][2025/07/07-16:42:23][0][DEBUG] : get_zmq_message : get message of size 464034
[1751906543][2025/07/07-16:42:23][0][DEBUG] : [1751906543][2025/07/07-16:42:23][0][DEBUG] : get_zmq_message : get message of size 464034
[1751906543][2025/07/07-16:42:23][0][DEBUG] : [1751906543][2025/07/07-16:42:23][0][DEBUG] : get_zmq_message : get message of size 464034
[1751906543][2025/07/07-16:42:23][0][DEBUG] : [1751906543][2025/07/07-16:42:23][0][DEBUG] : get_zmq_message : get message of size 464034
[1751906543][2025/07/07-16:42:23][0][DEBUG] : [1751906543][2025/07/07-16:42:23][0][DEBUG] : get_zmq_message : get message of size 464034
[1751906543][2025/07/07-16:42:23][0][DEBUG] : [1751906543][2025/07/07-16:42:23][0][DEBUG] : get_zmq_message : get message of size 464034
[1751906543][2025/07/07-16:42:23][0][DEBUG] : [1751906543][2025/07/07-16:42:23][0][DEBUG] : get_zmq_message : get message of size 464034
[1751906543][2025/07/07-16:42:23][0][DEBUG] : [1751906543][2025/07/07-16:42:23][0][DEBUG] : get_zmq_message : get message of size 464034
[1751906543][2025/07/07-16:42:23][0][DEBUG] : [1751906543][2025/07/07-16:42:23][0][DEBUG] : get_zmq_message : get message of size 464034
[1751906543][2025/07/07-16:42:23][0][DEBUG] : [1751906543][2025/07/07-16:42:23][0][DEBUG] : get_zmq_message : get message of size 464034
[1751906543][2025/07/07-16:42:23][0][DEBUG] : [1751906543][2025/07/07-16:42:23][0][DEBUG] : get_zmq_message : get message of size 464034
[1751906543][2025/07/07-16:42:23][0][DEBUG] : [1751906543][2025/07/07-16:42:23][0][DEBUG] : get_zmq_message : get message of size 464034
[1751906543][2025/07/07-16:42:23][0][DEBUG] : [1751906543][2025/07/07-16:42:23][0][DEBUG] : get_zmq_message : get message of size 464034
[1751906543][2025/07/07-16:42:23][0][DEBUG] : [1751906543][2025/07/07-16:42:23][0][DEBUG] : get_zmq_message : get message of size 464034
[1751906543][2025/07/07-16:42:23][0][DEBUG] : [1751906543][2025/07/07-16:42:23][0][DEBUG] : get_zmq_message : get message of size 464034
[1751906543][2025/07/07-16:42:23][0][DEBUG] : [1751906543][2025/07/07-16:42:23][0][DEBUG] : get_zmq_message : get message of size 464034
[1751906543][2025/07/07-16:42:23][0][DEBUG] : [1751906543][2025/07/07-16:42:23][0][DEBUG] : get_zmq_message : get message of size 464034
[1751906543][2025/07/07-16:42:23][0][DEBUG] : [1751906543][2025/07/07-16:42:23][0][DEBUG] : get_zmq_message : get message of size 464034
[1751906543][2025/07/07-16:42:23][0][DEBUG] : [1751906543][2025/07/07-16:42:23][0][DEBUG] : get_zmq_message : get message of size 464034
[1751906543][2025/07/07-16:42:23][0][DEBUG] : [1751906543][2025/07/07-16:42:23][0][DEBUG] : get_zmq_message : get message of size 464034
[1751906543][2025/07/07-16:42:23][0][DEBUG] : [1751906543][2025/07/07-16:42:23][0][DEBUG] : get_zmq_message : get message of size 464034
[1751906543][2025/07/07-16:42:23][0][DEBUG] : [1751906543][2025/07/07-16:42:23][0][DEBUG] : get_zmq_message : get message of size 464034
[1751906543][2025/07/07-16:42:23][0][DEBUG] : [1751906543][2025/07/07-16:42:23][0][DEBUG] : get_zmq_message : get message of size 464034
[1751906543][2025/07/07-16:42:23][0][DEBUG] : [1751906543][2025/07/07-16:42:23][0][DEBUG] : get_zmq_message : get message of size 464034
[1751906543][2025/07/07-16:42:23][0][DEBUG] : [1751906543][2025/07/07-16:42:23][0][DEBUG] : get_zmq_message : get message of size 464034
[1751906543][2025/07/07-16:42:23][0][DEBUG] : [1751906543][2025/07/07-16:42:23][0][DEBUG] : get_zmq_message : get message of size 464034
[1751906543][2025/07/07-16:42:23][0][DEBUG] : [1751906543][2025/07/07-16:42:23][0][DEBUG] : get_zmq_message : get message of size 464034
[1751906543][2025/07/07-16:42:23][0][DEBUG] : [1751906543][2025/07/07-16:42:23][0][DEBUG] : get_zmq_message : get message of size 464034
[1751906543][2025/07/07-16:42:23][0][DEBUG] : [1751906543][2025/07/07-16:42:23][0][DEBUG] : get_zmq_message : get message of size 464034
[1751906543][2025/07/07-16:42:23][0][DEBUG] : [1751906543][2025/07/07-16:42:23][0][DEBUG] : get_zmq_message : get message of size 464034
[1751906543][2025/07/07-16:42:23][0][DEBUG] : [1751906543][2025/07/07-16:42:23][0][DEBUG] : get_zmq_message : get message of size 464034
[1751906543][2025/07/07-16:42:23][0][DEBUG] : [1751906543][2025/07/07-16:42:23][0][DEBUG] : get_zmq_message : get message of size 464034
[1751906543][2025/07/07-16:42:23][0][DEBUG] : [1751906543][2025/07/07-16:42:23][0][DEBUG] : get_zmq_message : get message of size 464034
[1751906543][2025/07/07-16:42:23][0][DEBUG] : [1751906543][2025/07/07-16:42:23][0][DEBUG] : get_zmq_message : get message of size 464034
[1751906543][2025/07/07-16:42:23][0][DEBUG] : [1751906543][2025/07/07-16:42:23][0][DEBUG] : get_zmq_message : get message of size 464034
[1751906543][2025/07/07-16:42:23][0][DEBUG] : [1751906543][2025/07/07-16:42:23][0][DEBUG] : get_zmq_message : get message of size 464034
[1751906543][2025/07/07-16:42:23][0][DEBUG] : [1751906543][2025/07/07-16:42:23][0][DEBUG] : get_zmq_message : get message of size 464034
[1751906543][2025/07/07-16:42:23][0][DEBUG] : [1751906543][2025/07/07-16:42:23][0][DEBUG] : get_zmq_message : get message of size 464034
[1751906543][2025/07/07-16:42:23][0][DEBUG] : [1751906543][2025/07/07-16:42:23][0][DEBUG] : get_zmq_message : get message of size 464034
[1751906543][2025/07/07-16:42:23][0][DEBUG] : [1751906543][2025/07/07-16:42:23][0][DEBUG] : get_zmq_message : get message of size 464034
[1751906543][2025/07/07-16:42:23][0][DEBUG] : [1751906543][2025/07/07-16:42:23][0][DEBUG] : get_zmq_message : get message of size 464034
[1751906543][2025/07/07-16:42:23][0][DEBUG] : [1751906543][2025/07/07-16:42:23][0][DEBUG] : get_zmq_message : get message of size 464034
[1751906543][2025/07/07-16:42:23][0][DEBUG] : [1751906543][2025/07/07-16:42:23][0][DEBUG] : get_zmq_message : get message of size 464034
[1751906543][2025/07/07-16:42:23][0][DEBUG] : [1751906543][2025/07/07-16:42:23][0][DEBUG] : get_zmq_message : get message of size 464034
[1751906543][2025/07/07-16:42:23][0][DEBUG] : [1751906543][2025/07/07-16:42:23][0][DEBUG] : get_zmq_message : get message of size 464034
[1751906543][2025/07/07-16:42:23][0][DEBUG] : [1751906543][2025/07/07-16:42:23][0][DEBUG] : get_zmq_message : get message of size 464034
[1751906543][2025/07/07-16:42:23][0][DEBUG] : [1751906543][2025/07/07-16:42:23][0][DEBUG] : get_zmq_message : get message of size 464034
[1751906543][2025/07/07-16:42:23][0][DEBUG] : [1751906543][2025/07/07-16:42:23][0][DEBUG] : get_zmq_message : get message of size 464034
[1751906543][2025/07/07-16:42:23][0][DEBUG] : [1751906543][2025/07/07-16:42:23][0][DEBUG] : get_zmq_message : get message of size 464034
[1751906543][2025/07/07-16:42:23][0][DEBUG] : [1751906543][2025/07/07-16:42:23][0][DEBUG] : get_zmq_message : get message of size 464034
[1751906543][2025/07/07-16:42:23][0][DEBUG] : [1751906543][2025/07/07-16:42:23][0][DEBUG] : get_zmq_message : get message of size 464034
[1751906543][2025/07/07-16:42:23][0][DEBUG] : [1751906543][2025/07/07-16:42:23][0][DEBUG] : get_zmq_message : get message of size 464034
[1751906543][2025/07/07-16:42:23][0][DEBUG] : [1751906543][2025/07/07-16:42:23][0][DEBUG] : get_zmq_message : get message of size 464034
[1751906543][2025/07/07-16:42:23][0][DEBUG] : [1751906543][2025/07/07-16:42:23][0][DEBUG] : get_zmq_message : get message of size 464034
[1751906543][2025/07/07-16:42:23][0][DEBUG] : [1751906543][2025/07/07-16:42:23][0][DEBUG] : get_zmq_message : get message of size 464034
[1751906543][2025/07/07-16:42:23][0][DEBUG] : [1751906543][2025/07/07-16:42:23][0][DEBUG] : get_zmq_message : get message of size 464034
[1751906543][2025/07/07-16:42:23][0][DEBUG] : [1751906543][2025/07/07-16:42:23][0][DEBUG] : get_zmq_message : get message of size 464034
[1751906543][2025/07/07-16:42:23][0][DEBUG] : [1751906543][2025/07/07-16:42:23][0][DEBUG] : get_zmq_message : get message of size 464034
[1751906543][2025/07/07-16:42:23][0][DEBUG] : [1751906543][2025/07/07-16:42:23][0][DEBUG] : get_zmq_message : get message of size 464034
[1751906543][2025/07/07-16:42:23][0][DEBUG] : [1751906543][2025/07/07-16:42:23][0][DEBUG] : get_zmq_message : get message of size 464034
[1751906543][2025/07/07-16:42:23][0][DEBUG] : [1751906543][2025/07/07-16:42:23][0][DEBUG] : get_zmq_message : get message of size 464034
[1751906543][2025/07/07-16:42:23][0][DEBUG] : [1751906543][2025/07/07-16:42:23][0][DEBUG] : get_zmq_message : get message of size 464034
[1751906543][2025/07/07-16:42:23][0][DEBUG] : [1751906543][2025/07/07-16:42:23][0][DEBUG] : get_zmq_message : get message of size 464034
[1751906543][2025/07/07-16:42:23][0][DEBUG] : [1751906543][2025/07/07-16:42:23][0][DEBUG] : get_zmq_message : get message of size 464034
[1751906543][2025/07/07-16:42:23][0][DEBUG] : [1751906543][2025/07/07-16:42:23][0][DEBUG] : get_zmq_message : get message of size 464034
[1751906543][2025/07/07-16:42:23][0][DEBUG] : [1751906543][2025/07/07-16:42:23][0][DEBUG] : get_zmq_message : get message of size 464034
[1751906543][2025/07/07-16:42:23][0][DEBUG] : [1751906543][2025/07/07-16:42:23][0][DEBUG] : get_zmq_message : get message of size 464034
[1751906543][2025/07/07-16:42:23][0][DEBUG] : [1751906543][2025/07/07-16:42:23][0][DEBUG] : get_zmq_message : get message of size 464034
[1751906543][2025/07/07-16:42:23][0][DEBUG] : [1751906543][2025/07/07-16:42:23][0][DEBUG] : get_zmq_message : get message of size 464034
[1751906543][2025/07/07-16:42:23][0][DEBUG] : [1751906543][2025/07/07-16:42:23][0][DEBUG] : get_zmq_message : get message of size 464034
[1751906543][2025/07/07-16:42:23][0][DEBUG] : [1751906543][2025/07/07-16:42:23][0][DEBUG] : get_zmq_message : get message of size 464034
[1751906543][2025/07/07-16:42:23][0][DEBUG] : [1751906543][2025/07/07-16:42:23][0][DEBUG] : get_zmq_message : get message of size 464034
[1751906543][2025/07/07-16:42:23][0][DEBUG] : [1751906543][2025/07/07-16:42:23][0][DEBUG] : get_zmq_message : get message of size 464034
[1751906543][2025/07/07-16:42:23][0][DEBUG] : [1751906543][2025/07/07-16:42:23][0][DEBUG] : get_zmq_message : get message of size 464034
[1751906543][2025/07/07-16:42:23][0][DEBUG] : [1751906543][2025/07/07-16:42:23][0][DEBUG] : get_zmq_message : get message of size 464034
[1751906543][2025/07/07-16:42:23][0][DEBUG] : [1751906543][2025/07/07-16:42:23][0][DEBUG] : get_zmq_message : get message of size 464034
[1751906543][2025/07/07-16:42:23][0][DEBUG] : [1751906543][2025/07/07-16:42:23][0][DEBUG] : get_zmq_message : get message of size 464034
[1751906543][2025/07/07-16:42:23][0][DEBUG] : [1751906543][2025/07/07-16:42:23][0][DEBUG] : get_zmq_message : get message of size 464034
[1751906543][2025/07/07-16:42:23][0][DEBUG] : [1751906543][2025/07/07-16:42:23][0][DEBUG] : get_zmq_message : get message of size 464034
[1751906543][2025/07/07-16:42:23][0][DEBUG] : [1751906543][2025/07/07-16:42:23][0][DEBUG] : get_zmq_message : get message of size 464034
[1751906543][2025/07/07-16:42:23][0][DEBUG] : [1751906543][2025/07/07-16:42:23][0][DEBUG] : get_zmq_message : get message of size 464034
[1751906543][2025/07/07-16:42:23][0][DEBUG] : [1751906543][2025/07/07-16:42:23][0][DEBUG] : get_zmq_message : get message of size 464034
[1751906543][2025/07/07-16:42:23][0][DEBUG] : [1751906543][2025/07/07-16:42:23][0][DEBUG] : get_zmq_message : get message of size 464034
[1751906543][2025/07/07-16:42:23][0][DEBUG] : [1751906543][2025/07/07-16:42:23][0][DEBUG] : get_zmq_message : get message of size 464034
[1751906543][2025/07/07-16:42:23][0][DEBUG] : [1751906543][2025/07/07-16:42:23][0][DEBUG] : get_zmq_message : get message of size 464034
[1751906543][2025/07/07-16:42:23][0][DEBUG] : [1751906543][2025/07/07-16:42:23][0][DEBUG] : get_zmq_message : get message of size 464034
[1751906543][2025/07/07-16:42:23][0][DEBUG] : [1751906543][2025/07/07-16:42:23][0][DEBUG] : get_zmq_message : get message of size 464034
[1751906543][2025/07/07-16:42:23][0][DEBUG] : [1751906543][2025/07/07-16:42:23][0][DEBUG] : get_zmq_message : get message of size 464034
[1751906543][2025/07/07-16:42:23][0][DEBUG] : [1751906543][2025/07/07-16:42:23][0][DEBUG] : get_zmq_message : get message of size 464034
[1751906543][2025/07/07-16:42:23][0][DEBUG] : [1751906543][2025/07/07-16:42:23][0][DEBUG] : get_zmq_message : get message of size 464034
[1751906543][2025/07/07-16:42:23][0][DEBUG] : [1751906543][2025/07/07-16:42:23][0][DEBUG] : get_zmq_message : get message of size 464034
[1751906543][2025/07/07-16:42:23][0][DEBUG] : [1751906543][2025/07/07-16:42:23][0][DEBUG] : get_zmq_message : get message of size 464034
[1751906543][2025/07/07-16:42:23][0][DEBUG] : [1751906543][2025/07/07-16:42:23][0][DEBUG] : get_zmq_message : get message of size 464034
[1751906543][2025/07/07-16:42:23][0][DEBUG] : [1751906543][2025/07/07-16:42:23][0][DEBUG] : get_zmq_message : get message of size 464034
[1751906543][2025/07/07-16:42:23][0][DEBUG] : [1751906543][2025/07/07-16:42:23][0][DEBUG] : get_zmq_message : get message of size 464034
[1751906543][2025/07/07-16:42:23][0][DEBUG] : [1751906543][2025/07/07-16:42:23][0][DEBUG] : get_zmq_message : get message of size 464034
[1751906543][2025/07/07-16:42:23][0][DEBUG] : [1751906543][2025/07/07-16:42:23][0][DEBUG] : get_zmq_message : get message of size 464034
[1751906543][2025/07/07-16:42:23][0][DEBUG] : [1751906543][2025/07/07-16:42:23][0][DEBUG] : get_zmq_message : get message of size 464034
[1751906543][2025/07/07-16:42:23][0][DEBUG] : [1751906543][2025/07/07-16:42:23][0][DEBUG] : get_zmq_message : get message of size 464034
[1751906543][2025/07/07-16:42:23][0][DEBUG] : [1751906543][2025/07/07-16:42:23][0][DEBUG] : get_zmq_message : get message of size 464034
[1751906543][2025/07/07-16:42:23][0][DEBUG] : [1751906543][2025/07/07-16:42:23][0][DEBUG] : get_zmq_message : get message of size 464034
[1751906543][2025/07/07-16:42:23][0][DEBUG] : [1751906543][2025/07/07-16:42:23][0][DEBUG] : get_zmq_message : get message of size 464034
[1751906543][2025/07/07-16:42:23][0][DEBUG] : [1751906543][2025/07/07-16:42:23][0][DEBUG] : get_zmq_message : get message of size 464034
[1751906543][2025/07/07-16:42:23][0][DEBUG] : [1751906543][2025/07/07-16:42:23][0][DEBUG] : get_zmq_message : get message of size 464034
[1751906543][2025/07/07-16:42:23][0][DEBUG] : [1751906543][2025/07/07-16:42:23][0][DEBUG] : get_zmq_message : get message of size 464034
[1751906543][2025/07/07-16:42:23][0][DEBUG] : [1751906543][2025/07/07-16:42:23][0][DEBUG] : get_zmq_message : get message of size 464034
[1751906543][2025/07/07-16:42:23][0][DEBUG] : [1751906544][2025/07/07-16:42:24][0][DEBUG] : get_zmq_message : get message of size 464034
[1751906544][2025/07/07-16:42:24][0][DEBUG] : [1751906544][2025/07/07-16:42:24][0][DEBUG] : get_zmq_message : get message of size 464034
[1751906544][2025/07/07-16:42:24][0][DEBUG] : [1751906544][2025/07/07-16:42:24][0][DEBUG] : get_zmq_message : get message of size 464034
[1751906544][2025/07/07-16:42:24][0][DEBUG] : [1751906544][2025/07/07-16:42:24][0][DEBUG] : get_zmq_message : get message of size 464034
[1751906544][2025/07/07-16:42:24][0][DEBUG] : [1751906544][2025/07/07-16:42:24][0][DEBUG] : get_zmq_message : get message of size 464034
[1751906544][2025/07/07-16:42:24][0][DEBUG] : [1751906544][2025/07/07-16:42:24][0][DEBUG] : get_zmq_message : get message of size 464034
[1751906544][2025/07/07-16:42:24][0][DEBUG] : [1751906544][2025/07/07-16:42:24][0][DEBUG] : get_zmq_message : get message of size 464034
[1751906544][2025/07/07-16:42:24][0][DEBUG] : [1751906544][2025/07/07-16:42:24][0][DEBUG] : get_zmq_message : get message of size 464034
[1751906544][2025/07/07-16:42:24][0][DEBUG] : [1751906544][2025/07/07-16:42:24][0][DEBUG] : get_zmq_message : get message of size 464034
[1751906544][2025/07/07-16:42:24][0][DEBUG] : [1751906544][2025/07/07-16:42:24][0][DEBUG] : get_zmq_message : get message of size 464034
[1751906544][2025/07/07-16:42:24][0][DEBUG] : [1751906544][2025/07/07-16:42:24][0][DEBUG] : get_zmq_message : get message of size 464034
[1751906544][2025/07/07-16:42:24][0][DEBUG] : [1751906544][2025/07/07-16:42:24][0][DEBUG] : get_zmq_message : get message of size 464034
[1751906544][2025/07/07-16:42:24][0][DEBUG] : [1751906544][2025/07/07-16:42:24][0][DEBUG] : get_zmq_message : get message of size 464034
[1751906544][2025/07/07-16:42:24][0][DEBUG] : [1751906544][2025/07/07-16:42:24][0][DEBUG] : get_zmq_message : get message of size 464034
[1751906544][2025/07/07-16:42:24][0][DEBUG] : [1751906544][2025/07/07-16:42:24][0][DEBUG] : get_zmq_message : get message of size 464034
[1751906544][2025/07/07-16:42:24][0][DEBUG] : [1751906544][2025/07/07-16:42:24][0][DEBUG] : get_zmq_message : get message of size 464034
[1751906544][2025/07/07-16:42:24][0][DEBUG] : [1751906544][2025/07/07-16:42:24][0][DEBUG] : get_zmq_message : get message of size 464034
[1751906544][2025/07/07-16:42:24][0][DEBUG] : [1751906544][2025/07/07-16:42:24][0][DEBUG] : get_zmq_message : get message of size 464034
[1751906544][2025/07/07-16:42:24][0][DEBUG] : [1751906544][2025/07/07-16:42:24][0][DEBUG] : get_zmq_message : get message of size 464034
[1751906544][2025/07/07-16:42:24][0][DEBUG] : [1751906544][2025/07/07-16:42:24][0][DEBUG] : get_zmq_message : get message of size 464034
[1751906544][2025/07/07-16:42:24][0][DEBUG] : [1751906544][2025/07/07-16:42:24][0][DEBUG] : get_zmq_message : get message of size 464034
[1751906544][2025/07/07-16:42:24][0][DEBUG] : [1751906544][2025/07/07-16:42:24][0][DEBUG] : get_zmq_message : get message of size 464034
[1751906544][2025/07/07-16:42:24][0][DEBUG] : [1751906544][2025/07/07-16:42:24][0][DEBUG] : get_zmq_message : get message of size 464034
[1751906544][2025/07/07-16:42:24][0][DEBUG] : [1751906544][2025/07/07-16:42:24][0][DEBUG] : get_zmq_message : get message of size 464034
[1751906544][2025/07/07-16:42:24][0][DEBUG] : [1751906544][2025/07/07-16:42:24][0][DEBUG] : get_zmq_message : get message of size 464034
[1751906544][2025/07/07-16:42:24][0][DEBUG] : [1751906544][2025/07/07-16:42:24][0][DEBUG] : get_zmq_message : get message of size 464034
[1751906544][2025/07/07-16:42:24][0][DEBUG] : [1751906544][2025/07/07-16:42:24][0][DEBUG] : get_zmq_message : get message of size 464034
[1751906544][2025/07/07-16:42:24][0][DEBUG] : [1751906544][2025/07/07-16:42:24][0][DEBUG] : get_zmq_message : get message of size 464034
[1751906544][2025/07/07-16:42:24][0][DEBUG] : [1751906544][2025/07/07-16:42:24][0][DEBUG] : get_zmq_message : get message of size 464034
[1751906544][2025/07/07-16:42:24][0][DEBUG] : [1751906544][2025/07/07-16:42:24][0][DEBUG] : get_zmq_message : get message of size 464034
[1751906544][2025/07/07-16:42:24][0][DEBUG] : [1751906544][2025/07/07-16:42:24][0][DEBUG] : get_zmq_message : get message of size 464034
[1751906544][2025/07/07-16:42:24][0][DEBUG] : [1751906544][2025/07/07-16:42:24][0][DEBUG] : get_zmq_message : get message of size 464034
[1751906544][2025/07/07-16:42:24][0][DEBUG] : [1751906544][2025/07/07-16:42:24][0][DEBUG] : get_zmq_message : get message of size 464034
[1751906544][2025/07/07-16:42:24][0][DEBUG] : [1751906544][2025/07/07-16:42:24][0][DEBUG] : get_zmq_message : get message of size 464034
[1751906544][2025/07/07-16:42:24][0][DEBUG] : [1751906544][2025/07/07-16:42:24][0][DEBUG] : get_zmq_message : get message of size 464034
[1751906544][2025/07/07-16:42:24][0][DEBUG] : [1751906544][2025/07/07-16:42:24][0][DEBUG] : get_zmq_message : get message of size 464034
[1751906544][2025/07/07-16:42:24][0][DEBUG] : [1751906544][2025/07/07-16:42:24][0][DEBUG] : get_zmq_message : get message of size 464034
[1751906544][2025/07/07-16:42:24][0][DEBUG] : [1751906544][2025/07/07-16:42:24][0][DEBUG] : get_zmq_message : get message of size 464034
[1751906544][2025/07/07-16:42:24][0][DEBUG] : [1751906544][2025/07/07-16:42:24][0][DEBUG] : get_zmq_message : get message of size 464034
[1751906544][2025/07/07-16:42:24][0][DEBUG] : [1751906544][2025/07/07-16:42:24][0][DEBUG] : get_zmq_message : get message of size 464034
[1751906544][2025/07/07-16:42:24][0][DEBUG] : [1751906544][2025/07/07-16:42:24][0][DEBUG] : get_zmq_message : get message of size 464034
[1751906544][2025/07/07-16:42:24][0][DEBUG] : [1751906544][2025/07/07-16:42:24][0][DEBUG] : get_zmq_message : get message of size 464034
[1751906544][2025/07/07-16:42:24][0][DEBUG] : [1751906544][2025/07/07-16:42:24][0][DEBUG] : get_zmq_message : get message of size 464034
[1751906544][2025/07/07-16:42:24][0][DEBUG] : [1751906544][2025/07/07-16:42:24][0][DEBUG] : get_zmq_message : get message of size 464034
[1751906544][2025/07/07-16:42:24][0][DEBUG] : [1751906544][2025/07/07-16:42:24][0][DEBUG] : get_zmq_message : get message of size 464034
[1751906544][2025/07/07-16:42:24][0][DEBUG] : [1751906544][2025/07/07-16:42:24][0][DEBUG] : get_zmq_message : get message of size 464034
[1751906544][2025/07/07-16:42:24][0][DEBUG] : [1751906544][2025/07/07-16:42:24][0][DEBUG] : get_zmq_message : get message of size 464034
[1751906544][2025/07/07-16:42:24][0][DEBUG] : [1751906544][2025/07/07-16:42:24][0][DEBUG] : get_zmq_message : get message of size 464034
[1751906544][2025/07/07-16:42:24][0][DEBUG] : [1751906544][2025/07/07-16:42:24][0][DEBUG] : get_zmq_message : get message of size 464034
[1751906544][2025/07/07-16:42:24][0][DEBUG] : [1751906544][2025/07/07-16:42:24][0][DEBUG] : get_zmq_message : get message of size 464034
[1751906544][2025/07/07-16:42:24][0][DEBUG] : [1751906544][2025/07/07-16:42:24][0][DEBUG] : get_zmq_message : get message of size 464034
[1751906544][2025/07/07-16:42:24][0][DEBUG] : [1751906544][2025/07/07-16:42:24][0][DEBUG] : get_zmq_message : get message of size 464034
[1751906544][2025/07/07-16:42:24][0][DEBUG] : [1751906544][2025/07/07-16:42:24][0][DEBUG] : get_zmq_message : get message of size 464034
[1751906544][2025/07/07-16:42:24][0][DEBUG] : [1751906544][2025/07/07-16:42:24][0][DEBUG] : get_zmq_message : get message of size 464034
[1751906544][2025/07/07-16:42:24][0][DEBUG] : [1751906544][2025/07/07-16:42:24][0][DEBUG] : get_zmq_message : get message of size 464034
[1751906544][2025/07/07-16:42:24][0][DEBUG] : [1751906544][2025/07/07-16:42:24][0][DEBUG] : get_zmq_message : get message of size 464034
[1751906544][2025/07/07-16:42:24][0][DEBUG] : [1751906544][2025/07/07-16:42:24][0][DEBUG] : get_zmq_message : get message of size 464034
[1751906544][2025/07/07-16:42:24][0][DEBUG] : [1751906544][2025/07/07-16:42:24][0][DEBUG] : get_zmq_message : get message of size 464034
[1751906544][2025/07/07-16:42:24][0][DEBUG] : [1751906544][2025/07/07-16:42:24][0][DEBUG] : get_zmq_message : get message of size 464034
[1751906544][2025/07/07-16:42:24][0][DEBUG] : [1751906544][2025/07/07-16:42:24][0][DEBUG] : get_zmq_message : get message of size 464034
[1751906544][2025/07/07-16:42:24][0][DEBUG] : [1751906544][2025/07/07-16:42:24][0][DEBUG] : get_zmq_message : get message of size 464034
[1751906544][2025/07/07-16:42:24][0][DEBUG] : [1751906544][2025/07/07-16:42:24][0][DEBUG] : get_zmq_message : get message of size 464034
[1751906544][2025/07/07-16:42:24][0][DEBUG] : [1751906544][2025/07/07-16:42:24][0][DEBUG] : get_zmq_message : get message of size 464034
[1751906544][2025/07/07-16:42:24][0][DEBUG] : [1751906544][2025/07/07-16:42:24][0][DEBUG] : get_zmq_message : get message of size 464034
[1751906544][2025/07/07-16:42:24][0][DEBUG] : [1751906544][2025/07/07-16:42:24][0][DEBUG] : get_zmq_message : get message of size 464034
[1751906544][2025/07/07-16:42:24][0][DEBUG] : [1751906544][2025/07/07-16:42:24][0][DEBUG] : get_zmq_message : get message of size 464034
[1751906544][2025/07/07-16:42:24][0][DEBUG] : [1751906544][2025/07/07-16:42:24][0][DEBUG] : get_zmq_message : get message of size 464034
[1751906544][2025/07/07-16:42:24][0][DEBUG] : [1751906544][2025/07/07-16:42:24][0][DEBUG] : get_zmq_message : get message of size 464034
[1751906544][2025/07/07-16:42:24][0][DEBUG] : [1751906544][2025/07/07-16:42:24][0][DEBUG] : get_zmq_message : get message of size 464034
[1751906544][2025/07/07-16:42:24][0][DEBUG] : [1751906544][2025/07/07-16:42:24][0][DEBUG] : get_zmq_message : get message of size 464034
[1751906544][2025/07/07-16:42:24][0][DEBUG] : [1751906544][2025/07/07-16:42:24][0][DEBUG] : get_zmq_message : get message of size 464034
[1751906544][2025/07/07-16:42:24][0][DEBUG] : [1751906544][2025/07/07-16:42:24][0][DEBUG] : get_zmq_message : get message of size 464034
[1751906544][2025/07/07-16:42:24][0][DEBUG] : [1751906544][2025/07/07-16:42:24][0][DEBUG] : get_zmq_message : get message of size 464034
[1751906544][2025/07/07-16:42:24][0][DEBUG] : [1751906544][2025/07/07-16:42:24][0][DEBUG] : get_zmq_message : get message of size 464034
[1751906544][2025/07/07-16:42:24][0][DEBUG] : [1751906544][2025/07/07-16:42:24][0][DEBUG] : get_zmq_message : get message of size 464034
[1751906544][2025/07/07-16:42:24][0][DEBUG] : [1751906544][2025/07/07-16:42:24][0][DEBUG] : get_zmq_message : get message of size 464034
[1751906544][2025/07/07-16:42:24][0][DEBUG] : [1751906544][2025/07/07-16:42:24][0][DEBUG] : get_zmq_message : get message of size 464034
[1751906544][2025/07/07-16:42:24][0][DEBUG] : [1751906544][2025/07/07-16:42:24][0][DEBUG] : get_zmq_message : get message of size 464034
[1751906544][2025/07/07-16:42:24][0][DEBUG] : [1751906544][2025/07/07-16:42:24][0][DEBUG] : get_zmq_message : get message of size 464034
[1751906544][2025/07/07-16:42:24][0][DEBUG] : [1751906544][2025/07/07-16:42:24][0][DEBUG] : get_zmq_message : get message of size 464034
[1751906544][2025/07/07-16:42:24][0][DEBUG] : [1751906544][2025/07/07-16:42:24][0][DEBUG] : get_zmq_message : get message of size 464034
[1751906544][2025/07/07-16:42:24][0][DEBUG] : [1751906544][2025/07/07-16:42:24][0][DEBUG] : get_zmq_message : get message of size 464034
[1751906544][2025/07/07-16:42:24][0][DEBUG] : [1751906544][2025/07/07-16:42:24][0][DEBUG] : get_zmq_message : get message of size 464034
[1751906544][2025/07/07-16:42:24][0][DEBUG] : [1751906544][2025/07/07-16:42:24][0][DEBUG] : get_zmq_message : get message of size 464034
[1751906544][2025/07/07-16:42:24][0][DEBUG] : [1751906544][2025/07/07-16:42:24][0][DEBUG] : get_zmq_message : get message of size 464034
[1751906544][2025/07/07-16:42:24][0][DEBUG] : [1751906544][2025/07/07-16:42:24][0][DEBUG] : get_zmq_message : get message of size 464034
[1751906544][2025/07/07-16:42:24][0][DEBUG] : [1751906544][2025/07/07-16:42:24][0][DEBUG] : get_zmq_message : get message of size 464034
[1751906544][2025/07/07-16:42:24][0][DEBUG] : [1751906544][2025/07/07-16:42:24][0][DEBUG] : get_zmq_message : get message of size 464034
[1751906544][2025/07/07-16:42:24][0][DEBUG] : [1751906544][2025/07/07-16:42:24][0][DEBUG] : get_zmq_message : get message of size 464034
[1751906544][2025/07/07-16:42:24][0][DEBUG] : [1751906544][2025/07/07-16:42:24][0][DEBUG] : get_zmq_message : get message of size 464034
[1751906544][2025/07/07-16:42:24][0][DEBUG] : [1751906544][2025/07/07-16:42:24][0][DEBUG] : get_zmq_message : get message of size 464034
[1751906544][2025/07/07-16:42:24][0][DEBUG] : [1751906544][2025/07/07-16:42:24][0][DEBUG] : get_zmq_message : get message of size 464034
[1751906544][2025/07/07-16:42:24][0][DEBUG] : [1751906544][2025/07/07-16:42:24][0][DEBUG] : get_zmq_message : get message of size 464034
[1751906544][2025/07/07-16:42:24][0][DEBUG] : [1751906544][2025/07/07-16:42:24][0][DEBUG] : get_zmq_message : get message of size 464034
[1751906544][2025/07/07-16:42:24][0][DEBUG] : [1751906544][2025/07/07-16:42:24][0][DEBUG] : get_zmq_message : get message of size 464034
[1751906544][2025/07/07-16:42:24][0][DEBUG] : [1751906544][2025/07/07-16:42:24][0][DEBUG] : get_zmq_message : get message of size 464034
[1751906544][2025/07/07-16:42:24][0][DEBUG] : [1751906544][2025/07/07-16:42:24][0][DEBUG] : get_zmq_message : get message of size 464034
[1751906544][2025/07/07-16:42:24][0][DEBUG] : [1751906544][2025/07/07-16:42:24][0][DEBUG] : get_zmq_message : get message of size 464034
[1751906544][2025/07/07-16:42:24][0][DEBUG] : [1751906544][2025/07/07-16:42:24][0][DEBUG] : get_zmq_message : get message of size 464034
[1751906544][2025/07/07-16:42:24][0][DEBUG] : [1751906544][2025/07/07-16:42:24][0][DEBUG] : get_zmq_message : get message of size 464034
[1751906544][2025/07/07-16:42:24][0][DEBUG] : [1751906544][2025/07/07-16:42:24][0][DEBUG] : get_zmq_message : get message of size 464034
[1751906544][2025/07/07-16:42:24][0][DEBUG] : [1751906544][2025/07/07-16:42:24][0][DEBUG] : get_zmq_message : get message of size 464034
[1751906544][2025/07/07-16:42:24][0][DEBUG] : [1751906544][2025/07/07-16:42:24][0][DEBUG] : get_zmq_message : get message of size 464034
[1751906544][2025/07/07-16:42:24][0][DEBUG] : [1751906544][2025/07/07-16:42:24][0][DEBUG] : get_zmq_message : get message of size 464034
[1751906544][2025/07/07-16:42:24][0][DEBUG] : [1751906544][2025/07/07-16:42:24][0][DEBUG] : get_zmq_message : get message of size 464034
[1751906544][2025/07/07-16:42:24][0][DEBUG] : [1751906544][2025/07/07-16:42:24][0][DEBUG] : get_zmq_message : get message of size 464034
[1751906544][2025/07/07-16:42:24][0][DEBUG] : [1751906544][2025/07/07-16:42:24][0][DEBUG] : get_zmq_message : get message of size 464034
[1751906544][2025/07/07-16:42:24][0][DEBUG] : [1751906544][2025/07/07-16:42:24][0][DEBUG] : get_zmq_message : get message of size 464034
[1751906544][2025/07/07-16:42:24][0][DEBUG] : [1751906544][2025/07/07-16:42:24][0][DEBUG] : get_zmq_message : get message of size 464034
[1751906544][2025/07/07-16:42:24][0][DEBUG] : [1751906544][2025/07/07-16:42:24][0][DEBUG] : get_zmq_message : get message of size 464034
[1751906544][2025/07/07-16:42:24][0][DEBUG] : [1751906544][2025/07/07-16:42:24][0][DEBUG] : get_zmq_message : get message of size 464034
[1751906544][2025/07/07-16:42:24][0][DEBUG] : [1751906544][2025/07/07-16:42:24][0][DEBUG] : get_zmq_message : get message of size 464034
[1751906544][2025/07/07-16:42:24][0][DEBUG] : [1751906544][2025/07/07-16:42:24][0][DEBUG] : get_zmq_message : get message of size 464034
[1751906544][2025/07/07-16:42:24][0][DEBUG] : [1751906544][2025/07/07-16:42:24][0][DEBUG] : get_zmq_message : get message of size 464034
[1751906544][2025/07/07-16:42:24][0][DEBUG] : [1751906544][2025/07/07-16:42:24][0][DEBUG] : get_zmq_message : get message of size 464034
[1751906544][2025/07/07-16:42:24][0][DEBUG] : [1751906544][2025/07/07-16:42:24][0][DEBUG] : get_zmq_message : get message of size 464034
[1751906544][2025/07/07-16:42:24][0][DEBUG] : [1751906544][2025/07/07-16:42:24][0][DEBUG] : get_zmq_message : get message of size 464034
[1751906544][2025/07/07-16:42:24][0][DEBUG] : [1751906544][2025/07/07-16:42:24][0][DEBUG] : get_zmq_message : get message of size 464034
[1751906544][2025/07/07-16:42:24][0][DEBUG] : [1751906544][2025/07/07-16:42:24][0][DEBUG] : get_zmq_message : get message of size 464034
[1751906544][2025/07/07-16:42:24][0][DEBUG] : [1751906544][2025/07/07-16:42:24][0][DEBUG] : get_zmq_message : get message of size 464034
[1751906544][2025/07/07-16:42:24][0][DEBUG] : [1751906544][2025/07/07-16:42:24][0][DEBUG] : get_zmq_message : get message of size 464034
[1751906544][2025/07/07-16:42:24][0][DEBUG] : [1751906544][2025/07/07-16:42:24][0][DEBUG] : get_zmq_message : get message of size 464034
[1751906544][2025/07/07-16:42:24][0][DEBUG] : [1751906544][2025/07/07-16:42:24][0][DEBUG] : get_zmq_message : get message of size 464034
[1751906544][2025/07/07-16:42:24][0][DEBUG] : [1751906544][2025/07/07-16:42:24][0][DEBUG] : get_zmq_message : get message of size 464034
[1751906544][2025/07/07-16:42:24][0][DEBUG] : [1751906544][2025/07/07-16:42:24][0][DEBUG] : get_zmq_message : get message of size 464034
[1751906544][2025/07/07-16:42:24][0][DEBUG] : [1751906544][2025/07/07-16:42:24][0][DEBUG] : get_zmq_message : get message of size 464034
[1751906544][2025/07/07-16:42:24][0][DEBUG] : [1751906544][2025/07/07-16:42:24][0][DEBUG] : get_zmq_message : get message of size 464034
[1751906544][2025/07/07-16:42:24][0][DEBUG] : [1751906544][2025/07/07-16:42:24][0][DEBUG] : get_zmq_message : get message of size 464034
[1751906544][2025/07/07-16:42:24][0][DEBUG] : [1751906544][2025/07/07-16:42:24][0][DEBUG] : get_zmq_message : get message of size 464034
[1751906544][2025/07/07-16:42:24][0][DEBUG] : [1751906544][2025/07/07-16:42:24][0][DEBUG] : get_zmq_message : get message of size 464034
[1751906544][2025/07/07-16:42:24][0][DEBUG] : [1751906544][2025/07/07-16:42:24][0][DEBUG] : get_zmq_message : get message of size 464034
[1751906544][2025/07/07-16:42:24][0][DEBUG] : [1751906544][2025/07/07-16:42:24][0][DEBUG] : get_zmq_message : get message of size 464034
[1751906544][2025/07/07-16:42:24][0][DEBUG] : [1751906544][2025/07/07-16:42:24][0][DEBUG] : get_zmq_message : get message of size 464034
[1751906544][2025/07/07-16:42:24][0][DEBUG] : [1751906544][2025/07/07-16:42:24][0][DEBUG] : get_zmq_message : get message of size 464034
[1751906544][2025/07/07-16:42:24][0][DEBUG] : [1751906544][2025/07/07-16:42:24][0][DEBUG] : get_zmq_message : get message of size 464034
[1751906544][2025/07/07-16:42:24][0][DEBUG] : [1751906544][2025/07/07-16:42:24][0][DEBUG] : get_zmq_message : get message of size 464034
[1751906544][2025/07/07-16:42:24][0][DEBUG] : [1751906544][2025/07/07-16:42:24][0][DEBUG] : get_zmq_message : get message of size 464034
[1751906544][2025/07/07-16:42:24][0][DEBUG] : [1751906544][2025/07/07-16:42:24][0][DEBUG] : get_zmq_message : get message of size 464034
[1751906544][2025/07/07-16:42:24][0][DEBUG] : [1751906544][2025/07/07-16:42:24][0][DEBUG] : get_zmq_message : get message of size 464034
[1751906544][2025/07/07-16:42:24][0][DEBUG] : [1751906544][2025/07/07-16:42:24][0][DEBUG] : get_zmq_message : get message of size 464034
[1751906544][2025/07/07-16:42:24][0][DEBUG] : [1751906544][2025/07/07-16:42:24][0][DEBUG] : get_zmq_message : get message of size 464034
[1751906544][2025/07/07-16:42:24][0][DEBUG] : [1751906544][2025/07/07-16:42:24][0][DEBUG] : get_zmq_message : get message of size 464034
[1751906544][2025/07/07-16:42:24][0][DEBUG] : [1751906544][2025/07/07-16:42:24][0][DEBUG] : get_zmq_message : get message of size 464034
[1751906544][2025/07/07-16:42:24][0][DEBUG] : [1751906544][2025/07/07-16:42:24][0][DEBUG] : get_zmq_message : get message of size 464034
[1751906544][2025/07/07-16:42:24][0][DEBUG] : [1751906544][2025/07/07-16:42:24][0][DEBUG] : get_zmq_message : get message of size 464034
[1751906544][2025/07/07-16:42:24][0][DEBUG] : [1751906544][2025/07/07-16:42:24][0][DEBUG] : get_zmq_message : get message of size 464034
[1751906544][2025/07/07-16:42:24][0][DEBUG] : [1751906544][2025/07/07-16:42:24][0][DEBUG] : get_zmq_message : get message of size 464034
[1751906544][2025/07/07-16:42:24][0][DEBUG] : [1751906544][2025/07/07-16:42:24][0][DEBUG] : get_zmq_message : get message of size 464034
[1751906544][2025/07/07-16:42:24][0][DEBUG] : [1751906544][2025/07/07-16:42:24][0][DEBUG] : get_zmq_message : get message of size 464034
[1751906544][2025/07/07-16:42:24][0][DEBUG] : [1751906544][2025/07/07-16:42:24][0][DEBUG] : get_zmq_message : get message of size 464034
[1751906544][2025/07/07-16:42:24][0][DEBUG] : [1751906544][2025/07/07-16:42:24][0][DEBUG] : get_zmq_message : get message of size 464034
[1751906544][2025/07/07-16:42:24][0][DEBUG] : [1751906544][2025/07/07-16:42:24][0][DEBUG] : get_zmq_message : get message of size 464034
[1751906544][2025/07/07-16:42:24][0][DEBUG] : [1751906544][2025/07/07-16:42:24][0][DEBUG] : get_zmq_message : get message of size 464034
[1751906544][2025/07/07-16:42:24][0][DEBUG] : [1751906544][2025/07/07-16:42:24][0][DEBUG] : get_zmq_message : get message of size 464034
[1751906544][2025/07/07-16:42:24][0][DEBUG] : [1751906544][2025/07/07-16:42:24][0][DEBUG] : get_zmq_message : get message of size 464034
[1751906544][2025/07/07-16:42:24][0][DEBUG] : [1751906544][2025/07/07-16:42:24][0][DEBUG] : get_zmq_message : get message of size 464034
[1751906544][2025/07/07-16:42:24][0][DEBUG] : [1751906544][2025/07/07-16:42:24][0][DEBUG] : get_zmq_message : get message of size 464034
[1751906544][2025/07/07-16:42:24][0][DEBUG] : [1751906544][2025/07/07-16:42:24][0][DEBUG] : get_zmq_message : get message of size 464034
[1751906544][2025/07/07-16:42:24][0][DEBUG] : [1751906544][2025/07/07-16:42:24][0][DEBUG] : get_zmq_message : get message of size 464034
[1751906544][2025/07/07-16:42:24][0][DEBUG] : [1751906544][2025/07/07-16:42:24][0][DEBUG] : get_zmq_message : get message of size 464034
[1751906544][2025/07/07-16:42:24][0][DEBUG] : [1751906544][2025/07/07-16:42:24][0][DEBUG] : get_zmq_message : get message of size 464034
[1751906544][2025/07/07-16:42:24][0][DEBUG] : [1751906544][2025/07/07-16:42:24][0][DEBUG] : get_zmq_message : get message of size 464034
[1751906544][2025/07/07-16:42:24][0][DEBUG] : [1751906544][2025/07/07-16:42:24][0][DEBUG] : get_zmq_message : get message of size 464034
[1751906544][2025/07/07-16:42:24][0][DEBUG] : [1751906544][2025/07/07-16:42:24][0][DEBUG] : get_zmq_message : get message of size 464034
[1751906544][2025/07/07-16:42:24][0][DEBUG] : [1751906544][2025/07/07-16:42:24][0][DEBUG] : get_zmq_message : get message of size 464034
[1751906544][2025/07/07-16:42:24][0][DEBUG] : [1751906544][2025/07/07-16:42:24][0][DEBUG] : get_zmq_message : get message of size 464034
[1751906544][2025/07/07-16:42:24][0][DEBUG] : [1751906544][2025/07/07-16:42:24][0][DEBUG] : get_zmq_message : get message of size 464034
[1751906544][2025/07/07-16:42:24][0][DEBUG] : [1751906544][2025/07/07-16:42:24][0][DEBUG] : get_zmq_message : get message of size 464034
[1751906544][2025/07/07-16:42:24][0][DEBUG] : [1751906544][2025/07/07-16:42:24][0][DEBUG] : get_zmq_message : get message of size 464034
[1751906544][2025/07/07-16:42:24][0][DEBUG] : [1751906544][2025/07/07-16:42:24][0][DEBUG] : get_zmq_message : get message of size 464034
[1751906544][2025/07/07-16:42:24][0][DEBUG] : [1751906544][2025/07/07-16:42:24][0][DEBUG] : get_zmq_message : get message of size 464034
[1751906544][2025/07/07-16:42:24][0][DEBUG] : [1751906544][2025/07/07-16:42:24][0][DEBUG] : get_zmq_message : get message of size 464034
[1751906544][2025/07/07-16:42:24][0][DEBUG] : [1751906544][2025/07/07-16:42:24][0][DEBUG] : get_zmq_message : get message of size 464034
[1751906544][2025/07/07-16:42:24][0][DEBUG] : [1751906544][2025/07/07-16:42:24][0][DEBUG] : get_zmq_message : get message of size 464034
[1751906544][2025/07/07-16:42:24][0][DEBUG] : [1751906544][2025/07/07-16:42:24][0][DEBUG] : get_zmq_message : get message of size 464034
[1751906544][2025/07/07-16:42:24][0][DEBUG] : [1751906544][2025/07/07-16:42:24][0][DEBUG] : get_zmq_message : get message of size 464034
[1751906544][2025/07/07-16:42:24][0][DEBUG] : [1751906544][2025/07/07-16:42:24][0][DEBUG] : get_zmq_message : get message of size 464034
[1751906544][2025/07/07-16:42:24][0][DEBUG] : [1751906544][2025/07/07-16:42:24][0][DEBUG] : get_zmq_message : get message of size 464034
[1751906544][2025/07/07-16:42:24][0][DEBUG] : [1751906544][2025/07/07-16:42:24][0][DEBUG] : get_zmq_message : get message of size 464034
[1751906544][2025/07/07-16:42:24][0][DEBUG] : [1751906544][2025/07/07-16:42:24][0][DEBUG] : get_zmq_message : get message of size 464034
[1751906544][2025/07/07-16:42:24][0][DEBUG] : [1751906544][2025/07/07-16:42:24][0][DEBUG] : get_zmq_message : get message of size 464034
[1751906544][2025/07/07-16:42:24][0][DEBUG] : [1751906544][2025/07/07-16:42:24][0][DEBUG] : get_zmq_message : get message of size 464034
[1751906544][2025/07/07-16:42:24][0][DEBUG] : [1751906544][2025/07/07-16:42:24][0][DEBUG] : get_zmq_message : get message of size 464034
[1751906544][2025/07/07-16:42:24][0][DEBUG] : [1751906544][2025/07/07-16:42:24][0][DEBUG] : get_zmq_message : get message of size 464034
[1751906544][2025/07/07-16:42:24][0][DEBUG] : [1751906544][2025/07/07-16:42:24][0][DEBUG] : get_zmq_message : get message of size 464034
[1751906544][2025/07/07-16:42:24][0][DEBUG] : [1751906544][2025/07/07-16:42:24][0][DEBUG] : get_zmq_message : get message of size 464034
[1751906544][2025/07/07-16:42:24][0][DEBUG] : [1751906544][2025/07/07-16:42:24][0][DEBUG] : get_zmq_message : get message of size 464034
[1751906544][2025/07/07-16:42:24][0][DEBUG] : [1751906544][2025/07/07-16:42:24][0][DEBUG] : get_zmq_message : get message of size 464034
[1751906544][2025/07/07-16:42:24][0][DEBUG] : [1751906544][2025/07/07-16:42:24][0][DEBUG] : get_zmq_message : get message of size 464034
[1751906544][2025/07/07-16:42:24][0][DEBUG] : [1751906544][2025/07/07-16:42:24][0][DEBUG] : get_zmq_message : get message of size 464034
[1751906544][2025/07/07-16:42:24][0][DEBUG] : [1751906544][2025/07/07-16:42:24][0][DEBUG] : get_zmq_message : get message of size 464034
[1751906544][2025/07/07-16:42:24][0][DEBUG] : [1751906544][2025/07/07-16:42:24][0][DEBUG] : get_zmq_message : get message of size 464034
[1751906544][2025/07/07-16:42:24][0][DEBUG] : [1751906544][2025/07/07-16:42:24][0][DEBUG] : get_zmq_message : get message of size 464034
[1751906544][2025/07/07-16:42:24][0][DEBUG] : [1751906544][2025/07/07-16:42:24][0][DEBUG] : get_zmq_message : get message of size 464034
[1751906544][2025/07/07-16:42:24][0][DEBUG] : [1751906544][2025/07/07-16:42:24][0][DEBUG] : get_zmq_message : get message of size 464034
[1751906544][2025/07/07-16:42:24][0][DEBUG] : [1751906544][2025/07/07-16:42:24][0][DEBUG] : get_zmq_message : get message of size 464034
[1751906544][2025/07/07-16:42:24][0][DEBUG] : [1751906544][2025/07/07-16:42:24][0][DEBUG] : get_zmq_message : get message of size 464034
[1751906544][2025/07/07-16:42:24][0][DEBUG] : [1751906544][2025/07/07-16:42:24][0][DEBUG] : get_zmq_message : get message of size 464034
[1751906544][2025/07/07-16:42:24][0][DEBUG] : [1751906544][2025/07/07-16:42:24][0][DEBUG] : get_zmq_message : get message of size 464034
[1751906544][2025/07/07-16:42:24][0][DEBUG] : [1751906544][2025/07/07-16:42:24][0][DEBUG] : get_zmq_message : get message of size 464034
[1751906544][2025/07/07-16:42:24][0][DEBUG] : [1751906544][2025/07/07-16:42:24][0][DEBUG] : get_zmq_message : get message of size 464034
[1751906544][2025/07/07-16:42:24][0][DEBUG] : [1751906544][2025/07/07-16:42:24][0][DEBUG] : get_zmq_message : get message of size 464034
[1751906544][2025/07/07-16:42:24][0][DEBUG] : [1751906544][2025/07/07-16:42:24][0][DEBUG] : get_zmq_message : get message of size 464034
[1751906544][2025/07/07-16:42:24][0][DEBUG] : [1751906544][2025/07/07-16:42:24][0][DEBUG] : get_zmq_message : get message of size 464034
[1751906544][2025/07/07-16:42:24][0][DEBUG] : [1751906544][2025/07/07-16:42:24][0][DEBUG] : get_zmq_message : get message of size 464034
[1751906544][2025/07/07-16:42:24][0][DEBUG] : [1751906544][2025/07/07-16:42:24][0][DEBUG] : get_zmq_message : get message of size 464034
[1751906544][2025/07/07-16:42:24][0][DEBUG] : [1751906544][2025/07/07-16:42:24][0][DEBUG] : get_zmq_message : get message of size 464034
[1751906544][2025/07/07-16:42:24][0][DEBUG] : [1751906544][2025/07/07-16:42:24][0][DEBUG] : get_zmq_message : get message of size 464034
[1751906544][2025/07/07-16:42:24][0][DEBUG] : [1751906544][2025/07/07-16:42:24][0][DEBUG] : get_zmq_message : get message of size 464034
[1751906544][2025/07/07-16:42:24][0][DEBUG] : [1751906544][2025/07/07-16:42:24][0][INFO] : update_timer_message : nbBadMessage = 6 (size in [53, 4490]), consecutiveRecieved[0, 0], nbEvent = 532, nbGoodEvent = 532, ratioEventPerSecond = 531.507, ratioGoodEventPerSecond = 531.507
[1751906544][2025/07/07-16:42:24][0][DEBUG] : get_zmq_message : get message of size 464034
[1751906544][2025/07/07-16:42:24][0][DEBUG] : [1751906544][2025/07/07-16:42:24][0][DEBUG] : get_zmq_message : get message of size 464034
[1751906544][2025/07/07-16:42:24][0][DEBUG] : [1751906544][2025/07/07-16:42:24][0][DEBUG] : get_zmq_message : get message of size 464034
[1751906544][2025/07/07-16:42:24][0][DEBUG] : [1751906544][2025/07/07-16:42:24][0][DEBUG] : get_zmq_message : get message of size 464034
[1751906544][2025/07/07-16:42:24][0][DEBUG] : [1751906544][2025/07/07-16:42:24][0][DEBUG] : get_zmq_message : get message of size 464034
[1751906544][2025/07/07-16:42:24][0][DEBUG] : [1751906544][2025/07/07-16:42:24][0][DEBUG] : get_zmq_message : get message of size 464034
[1751906544][2025/07/07-16:42:24][0][DEBUG] : [1751906544][2025/07/07-16:42:24][0][DEBUG] : get_zmq_message : get message of size 464034
[1751906544][2025/07/07-16:42:24][0][DEBUG] : [1751906544][2025/07/07-16:42:24][0][DEBUG] : get_zmq_message : get message of size 464034
[1751906544][2025/07/07-16:42:24][0][DEBUG] : [1751906544][2025/07/07-16:42:24][0][DEBUG] : get_zmq_message : get message of size 464034
[1751906544][2025/07/07-16:42:24][0][DEBUG] : [1751906544][2025/07/07-16:42:24][0][DEBUG] : get_zmq_message : get message of size 464034
[1751906544][2025/07/07-16:42:24][0][DEBUG] : [1751906544][2025/07/07-16:42:24][0][DEBUG] : get_zmq_message : get message of size 464034
[1751906544][2025/07/07-16:42:24][0][DEBUG] : [1751906544][2025/07/07-16:42:24][0][DEBUG] : get_zmq_message : get message of size 464034
[1751906544][2025/07/07-16:42:24][0][DEBUG] : [1751906544][2025/07/07-16:42:24][0][DEBUG] : get_zmq_message : get message of size 464034
[1751906544][2025/07/07-16:42:24][0][DEBUG] : [1751906544][2025/07/07-16:42:24][0][DEBUG] : get_zmq_message : get message of size 464034
[1751906544][2025/07/07-16:42:24][0][DEBUG] : [1751906544][2025/07/07-16:42:24][0][DEBUG] : get_zmq_message : get message of size 464034
[1751906544][2025/07/07-16:42:24][0][DEBUG] : [1751906544][2025/07/07-16:42:24][0][DEBUG] : get_zmq_message : get message of size 464034
[1751906544][2025/07/07-16:42:24][0][DEBUG] : [1751906544][2025/07/07-16:42:24][0][DEBUG] : get_zmq_message : get message of size 464034
[1751906544][2025/07/07-16:42:24][0][DEBUG] : [1751906544][2025/07/07-16:42:24][0][DEBUG] : get_zmq_message : get message of size 464034
[1751906544][2025/07/07-16:42:24][0][DEBUG] : [1751906544][2025/07/07-16:42:24][0][DEBUG] : get_zmq_message : get message of size 464034
[1751906544][2025/07/07-16:42:24][0][DEBUG] : [1751906544][2025/07/07-16:42:24][0][DEBUG] : get_zmq_message : get message of size 464034
[1751906544][2025/07/07-16:42:24][0][DEBUG] : [1751906544][2025/07/07-16:42:24][0][DEBUG] : get_zmq_message : get message of size 464034
[1751906544][2025/07/07-16:42:24][0][DEBUG] : [1751906544][2025/07/07-16:42:24][0][DEBUG] : get_zmq_message : get message of size 464034
[1751906544][2025/07/07-16:42:24][0][DEBUG] : [1751906544][2025/07/07-16:42:24][0][DEBUG] : get_zmq_message : get message of size 464034
[1751906544][2025/07/07-16:42:24][0][DEBUG] : [1751906544][2025/07/07-16:42:24][0][DEBUG] : get_zmq_message : get message of size 464034
[1751906544][2025/07/07-16:42:24][0][DEBUG] : [1751906544][2025/07/07-16:42:24][0][DEBUG] : get_zmq_message : get message of size 464034
[1751906544][2025/07/07-16:42:24][0][DEBUG] : [1751906544][2025/07/07-16:42:24][0][DEBUG] : get_zmq_message : get message of size 464034
[1751906544][2025/07/07-16:42:24][0][DEBUG] : [1751906544][2025/07/07-16:42:24][0][DEBUG] : get_zmq_message : get message of size 464034
[1751906544][2025/07/07-16:42:24][0][DEBUG] : [1751906544][2025/07/07-16:42:24][0][DEBUG] : get_zmq_message : get message of size 464034
[1751906544][2025/07/07-16:42:24][0][DEBUG] : [1751906544][2025/07/07-16:42:24][0][DEBUG] : get_zmq_message : get message of size 464034
[1751906544][2025/07/07-16:42:24][0][DEBUG] : [1751906544][2025/07/07-16:42:24][0][DEBUG] : get_zmq_message : get message of size 464034
[1751906544][2025/07/07-16:42:24][0][DEBUG] : [1751906544][2025/07/07-16:42:24][0][DEBUG] : get_zmq_message : get message of size 464034
[1751906544][2025/07/07-16:42:24][0][DEBUG] : [1751906544][2025/07/07-16:42:24][0][DEBUG] : get_zmq_message : get message of size 464034
[1751906544][2025/07/07-16:42:24][0][DEBUG] : [1751906544][2025/07/07-16:42:24][0][DEBUG] : get_zmq_message : get message of size 464034
[1751906544][2025/07/07-16:42:24][0][DEBUG] : [1751906544][2025/07/07-16:42:24][0][DEBUG] : get_zmq_message : get message of size 464034
[1751906544][2025/07/07-16:42:24][0][DEBUG] : [1751906544][2025/07/07-16:42:24][0][DEBUG] : get_zmq_message : get message of size 464034
[1751906544][2025/07/07-16:42:24][0][DEBUG] : [1751906544][2025/07/07-16:42:24][0][DEBUG] : get_zmq_message : get message of size 464034
[1751906544][2025/07/07-16:42:24][0][DEBUG] : [1751906544][2025/07/07-16:42:24][0][DEBUG] : get_zmq_message : get message of size 464034
[1751906544][2025/07/07-16:42:24][0][DEBUG] : [1751906544][2025/07/07-16:42:24][0][DEBUG] : get_zmq_message : get message of size 464034
[1751906544][2025/07/07-16:42:24][0][DEBUG] : [1751906544][2025/07/07-16:42:24][0][DEBUG] : get_zmq_message : get message of size 464034
[1751906544][2025/07/07-16:42:24][0][DEBUG] : [1751906544][2025/07/07-16:42:24][0][DEBUG] : get_zmq_message : get message of size 464034
[1751906544][2025/07/07-16:42:24][0][DEBUG] : [1751906544][2025/07/07-16:42:24][0][DEBUG] : get_zmq_message : get message of size 464034
[1751906544][2025/07/07-16:42:24][0][DEBUG] : [1751906544][2025/07/07-16:42:24][0][DEBUG] : get_zmq_message : get message of size 464034
[1751906544][2025/07/07-16:42:24][0][DEBUG] : [1751906544][2025/07/07-16:42:24][0][DEBUG] : get_zmq_message : get message of size 464034
[1751906544][2025/07/07-16:42:24][0][DEBUG] : [1751906544][2025/07/07-16:42:24][0][DEBUG] : get_zmq_message : get message of size 464034
[1751906544][2025/07/07-16:42:24][0][DEBUG] : [1751906544][2025/07/07-16:42:24][0][DEBUG] : get_zmq_message : get message of size 464034
[1751906544][2025/07/07-16:42:24][0][DEBUG] : [1751906544][2025/07/07-16:42:24][0][DEBUG] : get_zmq_message : get message of size 464034
[1751906544][2025/07/07-16:42:24][0][DEBUG] : [1751906544][2025/07/07-16:42:24][0][DEBUG] : get_zmq_message : get message of size 464034
[1751906544][2025/07/07-16:42:24][0][DEBUG] : [1751906544][2025/07/07-16:42:24][0][DEBUG] : get_zmq_message : get message of size 464034
[1751906544][2025/07/07-16:42:24][0][DEBUG] : [1751906544][2025/07/07-16:42:24][0][DEBUG] : get_zmq_message : get message of size 464034
[1751906544][2025/07/07-16:42:24][0][DEBUG] : [1751906544][2025/07/07-16:42:24][0][DEBUG] : get_zmq_message : get message of size 464034
[1751906544][2025/07/07-16:42:24][0][DEBUG] : [1751906544][2025/07/07-16:42:24][0][DEBUG] : get_zmq_message : get message of size 464034
[1751906544][2025/07/07-16:42:24][0][DEBUG] : [1751906544][2025/07/07-16:42:24][0][DEBUG] : get_zmq_message : get message of size 464034
[1751906544][2025/07/07-16:42:24][0][DEBUG] : [1751906544][2025/07/07-16:42:24][0][DEBUG] : get_zmq_message : get message of size 464034
[1751906544][2025/07/07-16:42:24][0][DEBUG] : [1751906544][2025/07/07-16:42:24][0][DEBUG] : get_zmq_message : get message of size 464034
[1751906544][2025/07/07-16:42:24][0][DEBUG] : [1751906544][2025/07/07-16:42:24][0][DEBUG] : get_zmq_message : get message of size 464034
[1751906544][2025/07/07-16:42:24][0][DEBUG] : [1751906544][2025/07/07-16:42:24][0][DEBUG] : get_zmq_message : get message of size 464034
[1751906544][2025/07/07-16:42:24][0][DEBUG] : [1751906544][2025/07/07-16:42:24][0][DEBUG] : get_zmq_message : get message of size 464034
[1751906544][2025/07/07-16:42:24][0][DEBUG] : [1751906544][2025/07/07-16:42:24][0][DEBUG] : get_zmq_message : get message of size 464034
[1751906544][2025/07/07-16:42:24][0][DEBUG] : [1751906544][2025/07/07-16:42:24][0][DEBUG] : get_zmq_message : get message of size 464034
[1751906544][2025/07/07-16:42:24][0][DEBUG] : [1751906544][2025/07/07-16:42:24][0][DEBUG] : get_zmq_message : get message of size 464034
[1751906544][2025/07/07-16:42:24][0][DEBUG] : [1751906544][2025/07/07-16:42:24][0][DEBUG] : get_zmq_message : get message of size 464034
[1751906544][2025/07/07-16:42:24][0][DEBUG] : [1751906544][2025/07/07-16:42:24][0][DEBUG] : get_zmq_message : get message of size 464034
[1751906544][2025/07/07-16:42:24][0][DEBUG] : [1751906544][2025/07/07-16:42:24][0][DEBUG] : get_zmq_message : get message of size 464034
[1751906544][2025/07/07-16:42:24][0][DEBUG] : [1751906544][2025/07/07-16:42:24][0][DEBUG] : get_zmq_message : get message of size 464034
[1751906544][2025/07/07-16:42:24][0][DEBUG] : [1751906544][2025/07/07-16:42:24][0][DEBUG] : get_zmq_message : get message of size 464034
[1751906544][2025/07/07-16:42:24][0][DEBUG] : [1751906544][2025/07/07-16:42:24][0][DEBUG] : get_zmq_message : get message of size 464034
[1751906544][2025/07/07-16:42:24][0][DEBUG] : [1751906544][2025/07/07-16:42:24][0][DEBUG] : get_zmq_message : get message of size 464034
[1751906544][2025/07/07-16:42:24][0][DEBUG] : [1751906544][2025/07/07-16:42:24][0][DEBUG] : get_zmq_message : get message of size 464034
[1751906544][2025/07/07-16:42:24][0][DEBUG] : [1751906544][2025/07/07-16:42:24][0][DEBUG] : get_zmq_message : get message of size 464034
[1751906544][2025/07/07-16:42:24][0][DEBUG] : [1751906544][2025/07/07-16:42:24][0][DEBUG] : get_zmq_message : get message of size 464034
[1751906544][2025/07/07-16:42:24][0][DEBUG] : [1751906544][2025/07/07-16:42:24][0][DEBUG] : get_zmq_message : get message of size 464034
[1751906544][2025/07/07-16:42:24][0][DEBUG] : [1751906544][2025/07/07-16:42:24][0][DEBUG] : get_zmq_message : get message of size 464034
[1751906544][2025/07/07-16:42:24][0][DEBUG] : [1751906544][2025/07/07-16:42:24][0][DEBUG] : get_zmq_message : get message of size 464034
[1751906544][2025/07/07-16:42:24][0][DEBUG] : [1751906544][2025/07/07-16:42:24][0][DEBUG] : get_zmq_message : get message of size 464034
[1751906544][2025/07/07-16:42:24][0][DEBUG] : [1751906544][2025/07/07-16:42:24][0][DEBUG] : get_zmq_message : get message of size 464034
[1751906544][2025/07/07-16:42:24][0][DEBUG] : [1751906544][2025/07/07-16:42:24][0][DEBUG] : get_zmq_message : get message of size 464034
[1751906544][2025/07/07-16:42:24][0][DEBUG] : [1751906544][2025/07/07-16:42:24][0][DEBUG] : get_zmq_message : get message of size 464034
[1751906544][2025/07/07-16:42:24][0][DEBUG] : [1751906544][2025/07/07-16:42:24][0][DEBUG] : get_zmq_message : get message of size 464034
[1751906544][2025/07/07-16:42:24][0][DEBUG] : [1751906544][2025/07/07-16:42:24][0][DEBUG] : get_zmq_message : get message of size 464034
[1751906544][2025/07/07-16:42:24][0][DEBUG] : [1751906544][2025/07/07-16:42:24][0][DEBUG] : get_zmq_message : get message of size 464034
[1751906544][2025/07/07-16:42:24][0][DEBUG] : [1751906544][2025/07/07-16:42:24][0][DEBUG] : get_zmq_message : get message of size 464034
[1751906544][2025/07/07-16:42:24][0][DEBUG] : [1751906544][2025/07/07-16:42:24][0][DEBUG] : get_zmq_message : get message of size 464034
[1751906544][2025/07/07-16:42:24][0][DEBUG] : [1751906544][2025/07/07-16:42:24][0][DEBUG] : get_zmq_message : get message of size 464034
[1751906544][2025/07/07-16:42:24][0][DEBUG] : [1751906544][2025/07/07-16:42:24][0][DEBUG] : get_zmq_message : get message of size 464034
[1751906544][2025/07/07-16:42:24][0][DEBUG] : [1751906544][2025/07/07-16:42:24][0][DEBUG] : get_zmq_message : get message of size 464034
[1751906544][2025/07/07-16:42:24][0][DEBUG] : [1751906544][2025/07/07-16:42:24][0][DEBUG] : get_zmq_message : get message of size 464034
[1751906544][2025/07/07-16:42:24][0][DEBUG] : [1751906544][2025/07/07-16:42:24][0][DEBUG] : get_zmq_message : get message of size 464034
[1751906544][2025/07/07-16:42:24][0][DEBUG] : [1751906544][2025/07/07-16:42:24][0][DEBUG] : get_zmq_message : get message of size 464034
[1751906544][2025/07/07-16:42:24][0][DEBUG] : [1751906544][2025/07/07-16:42:24][0][DEBUG] : get_zmq_message : get message of size 464034
[1751906544][2025/07/07-16:42:24][0][DEBUG] : [1751906544][2025/07/07-16:42:24][0][DEBUG] : get_zmq_message : get message of size 464034
[1751906544][2025/07/07-16:42:24][0][DEBUG] : [1751906544][2025/07/07-16:42:24][0][DEBUG] : get_zmq_message : get message of size 464034
[1751906544][2025/07/07-16:42:24][0][DEBUG] : [1751906544][2025/07/07-16:42:24][0][DEBUG] : get_zmq_message : get message of size 464034
[1751906544][2025/07/07-16:42:24][0][DEBUG] : [1751906544][2025/07/07-16:42:24][0][DEBUG] : get_zmq_message : get message of size 464034
[1751906544][2025/07/07-16:42:24][0][DEBUG] : [1751906544][2025/07/07-16:42:24][0][DEBUG] : get_zmq_message : get message of size 464034
[1751906544][2025/07/07-16:42:24][0][DEBUG] : [1751906544][2025/07/07-16:42:24][0][DEBUG] : get_zmq_message : get message of size 464034
[1751906544][2025/07/07-16:42:24][0][DEBUG] : [1751906544][2025/07/07-16:42:24][0][DEBUG] : get_zmq_message : get message of size 464034
[1751906544][2025/07/07-16:42:24][0][DEBUG] : [1751906544][2025/07/07-16:42:24][0][DEBUG] : get_zmq_message : get message of size 464034
[1751906544][2025/07/07-16:42:24][0][DEBUG] : [1751906544][2025/07/07-16:42:24][0][DEBUG] : get_zmq_message : get message of size 464034
[1751906544][2025/07/07-16:42:24][0][DEBUG] : [1751906544][2025/07/07-16:42:24][0][DEBUG] : get_zmq_message : get message of size 464034
[1751906544][2025/07/07-16:42:24][0][DEBUG] : [1751906544][2025/07/07-16:42:24][0][DEBUG] : get_zmq_message : get message of size 464034
[1751906544][2025/07/07-16:42:24][0][DEBUG] : [1751906544][2025/07/07-16:42:24][0][DEBUG] : get_zmq_message : get message of size 464034
[1751906544][2025/07/07-16:42:24][0][DEBUG] : [1751906544][2025/07/07-16:42:24][0][DEBUG] : get_zmq_message : get message of size 464034
[1751906544][2025/07/07-16:42:24][0][DEBUG] : [1751906544][2025/07/07-16:42:24][0][DEBUG] : get_zmq_message : get message of size 464034
[1751906544][2025/07/07-16:42:24][0][DEBUG] : [1751906544][2025/07/07-16:42:24][0][DEBUG] : get_zmq_message : get message of size 464034
[1751906544][2025/07/07-16:42:24][0][DEBUG] : [1751906544][2025/07/07-16:42:24][0][DEBUG] : get_zmq_message : get message of size 464034
[1751906544][2025/07/07-16:42:24][0][DEBUG] : [1751906544][2025/07/07-16:42:24][0][DEBUG] : get_zmq_message : get message of size 464034
[1751906544][2025/07/07-16:42:24][0][DEBUG] : [1751906544][2025/07/07-16:42:24][0][DEBUG] : get_zmq_message : get message of size 464034
[1751906544][2025/07/07-16:42:24][0][DEBUG] : [1751906544][2025/07/07-16:42:24][0][DEBUG] : get_zmq_message : get message of size 464034
[1751906544][2025/07/07-16:42:24][0][DEBUG] : [1751906544][2025/07/07-16:42:24][0][DEBUG] : get_zmq_message : get message of size 464034
[1751906544][2025/07/07-16:42:24][0][DEBUG] : [1751906544][2025/07/07-16:42:24][0][DEBUG] : get_zmq_message : get message of size 464034
[1751906544][2025/07/07-16:42:24][0][DEBUG] : [1751906544][2025/07/07-16:42:24][0][DEBUG] : get_zmq_message : get message of size 464034
[1751906544][2025/07/07-16:42:24][0][DEBUG] : [1751906544][2025/07/07-16:42:24][0][DEBUG] : get_zmq_message : get message of size 464034
[1751906544][2025/07/07-16:42:24][0][DEBUG] : [1751906544][2025/07/07-16:42:24][0][DEBUG] : get_zmq_message : get message of size 464034
[1751906544][2025/07/07-16:42:24][0][DEBUG] : [1751906544][2025/07/07-16:42:24][0][DEBUG] : get_zmq_message : get message of size 464034
[1751906544][2025/07/07-16:42:24][0][DEBUG] : [1751906544][2025/07/07-16:42:24][0][DEBUG] : get_zmq_message : get message of size 464034
[1751906544][2025/07/07-16:42:24][0][DEBUG] : [1751906544][2025/07/07-16:42:24][0][DEBUG] : get_zmq_message : get message of size 464034
[1751906544][2025/07/07-16:42:24][0][DEBUG] : [1751906544][2025/07/07-16:42:24][0][DEBUG] : get_zmq_message : get message of size 464034
[1751906544][2025/07/07-16:42:24][0][DEBUG] : [1751906544][2025/07/07-16:42:24][0][DEBUG] : get_zmq_message : get message of size 464034
[1751906544][2025/07/07-16:42:24][0][DEBUG] : [1751906544][2025/07/07-16:42:24][0][DEBUG] : get_zmq_message : get message of size 464034
[1751906544][2025/07/07-16:42:24][0][DEBUG] : [1751906544][2025/07/07-16:42:24][0][DEBUG] : get_zmq_message : get message of size 464034
[1751906544][2025/07/07-16:42:24][0][DEBUG] : [1751906544][2025/07/07-16:42:24][0][DEBUG] : get_zmq_message : get message of size 464034
[1751906544][2025/07/07-16:42:24][0][DEBUG] : [1751906544][2025/07/07-16:42:24][0][DEBUG] : get_zmq_message : get message of size 464034
[1751906544][2025/07/07-16:42:24][0][DEBUG] : [1751906544][2025/07/07-16:42:24][0][DEBUG] : get_zmq_message : get message of size 464034
[1751906544][2025/07/07-16:42:24][0][DEBUG] : [1751906544][2025/07/07-16:42:24][0][DEBUG] : get_zmq_message : get message of size 464034
[1751906544][2025/07/07-16:42:24][0][DEBUG] : [1751906544][2025/07/07-16:42:24][0][DEBUG] : get_zmq_message : get message of size 464034
[1751906544][2025/07/07-16:42:24][0][DEBUG] : [1751906544][2025/07/07-16:42:24][0][DEBUG] : get_zmq_message : get message of size 464034
[1751906544][2025/07/07-16:42:24][0][DEBUG] : [1751906544][2025/07/07-16:42:24][0][DEBUG] : get_zmq_message : get message of size 464034
[1751906544][2025/07/07-16:42:24][0][DEBUG] : [1751906544][2025/07/07-16:42:24][0][DEBUG] : get_zmq_message : get message of size 464034
[1751906544][2025/07/07-16:42:24][0][DEBUG] : [1751906544][2025/07/07-16:42:24][0][DEBUG] : get_zmq_message : get message of size 464034
[1751906544][2025/07/07-16:42:24][0][DEBUG] : [1751906544][2025/07/07-16:42:24][0][DEBUG] : get_zmq_message : get message of size 464034
[1751906544][2025/07/07-16:42:24][0][DEBUG] : [1751906544][2025/07/07-16:42:24][0][DEBUG] : get_zmq_message : get message of size 464034
[1751906544][2025/07/07-16:42:24][0][DEBUG] : [1751906544][2025/07/07-16:42:24][0][DEBUG] : get_zmq_message : get message of size 464034
[1751906544][2025/07/07-16:42:24][0][DEBUG] : [1751906544][2025/07/07-16:42:24][0][DEBUG] : get_zmq_message : get message of size 464034
[1751906544][2025/07/07-16:42:24][0][DEBUG] : [1751906544][2025/07/07-16:42:24][0][DEBUG] : get_zmq_message : get message of size 464034
[1751906544][2025/07/07-16:42:24][0][DEBUG] : [1751906544][2025/07/07-16:42:24][0][DEBUG] : get_zmq_message : get message of size 464034
[1751906544][2025/07/07-16:42:24][0][DEBUG] : [1751906544][2025/07/07-16:42:24][0][DEBUG] : get_zmq_message : get message of size 464034
[1751906544][2025/07/07-16:42:24][0][DEBUG] : [1751906544][2025/07/07-16:42:24][0][DEBUG] : get_zmq_message : get message of size 464034
[1751906544][2025/07/07-16:42:24][0][DEBUG] : [1751906544][2025/07/07-16:42:24][0][DEBUG] : get_zmq_message : get message of size 464034
[1751906544][2025/07/07-16:42:24][0][DEBUG] : [1751906544][2025/07/07-16:42:24][0][DEBUG] : get_zmq_message : get message of size 464034
[1751906544][2025/07/07-16:42:24][0][DEBUG] : [1751906544][2025/07/07-16:42:24][0][DEBUG] : get_zmq_message : get message of size 464034
[1751906544][2025/07/07-16:42:24][0][DEBUG] : [1751906544][2025/07/07-16:42:24][0][DEBUG] : get_zmq_message : get message of size 464034
[1751906544][2025/07/07-16:42:24][0][DEBUG] : [1751906544][2025/07/07-16:42:24][0][DEBUG] : get_zmq_message : get message of size 464034
[1751906544][2025/07/07-16:42:24][0][DEBUG] : [1751906544][2025/07/07-16:42:24][0][DEBUG] : get_zmq_message : get message of size 464034
[1751906544][2025/07/07-16:42:24][0][DEBUG] : [1751906544][2025/07/07-16:42:24][0][DEBUG] : get_zmq_message : get message of size 464034
[1751906544][2025/07/07-16:42:24][0][DEBUG] : [1751906544][2025/07/07-16:42:24][0][DEBUG] : get_zmq_message : get message of size 464034
[1751906544][2025/07/07-16:42:24][0][DEBUG] : [1751906544][2025/07/07-16:42:24][0][DEBUG] : get_zmq_message : get message of size 464034
[1751906544][2025/07/07-16:42:24][0][DEBUG] : [1751906544][2025/07/07-16:42:24][0][DEBUG] : get_zmq_message : get message of size 464034
[1751906544][2025/07/07-16:42:24][0][DEBUG] : [1751906544][2025/07/07-16:42:24][0][DEBUG] : get_zmq_message : get message of size 464034
[1751906544][2025/07/07-16:42:24][0][DEBUG] : [1751906544][2025/07/07-16:42:24][0][DEBUG] : get_zmq_message : get message of size 464034
[1751906544][2025/07/07-16:42:24][0][DEBUG] : [1751906544][2025/07/07-16:42:24][0][DEBUG] : get_zmq_message : get message of size 464034
[1751906544][2025/07/07-16:42:24][0][DEBUG] : [1751906544][2025/07/07-16:42:24][0][DEBUG] : get_zmq_message : get message of size 464034
[1751906544][2025/07/07-16:42:24][0][DEBUG] : [1751906544][2025/07/07-16:42:24][0][DEBUG] : get_zmq_message : get message of size 464034
[1751906544][2025/07/07-16:42:24][0][DEBUG] : [1751906544][2025/07/07-16:42:24][0][DEBUG] : get_zmq_message : get message of size 464034
[1751906544][2025/07/07-16:42:24][0][DEBUG] : [1751906544][2025/07/07-16:42:24][0][DEBUG] : get_zmq_message : get message of size 464034
[1751906544][2025/07/07-16:42:24][0][DEBUG] : [1751906544][2025/07/07-16:42:24][0][DEBUG] : get_zmq_message : get message of size 464034
[1751906544][2025/07/07-16:42:24][0][DEBUG] : [1751906544][2025/07/07-16:42:24][0][DEBUG] : get_zmq_message : get message of size 464034
[1751906544][2025/07/07-16:42:24][0][DEBUG] : [1751906544][2025/07/07-16:42:24][0][DEBUG] : get_zmq_message : get message of size 464034
[1751906544][2025/07/07-16:42:24][0][DEBUG] : [1751906544][2025/07/07-16:42:24][0][DEBUG] : get_zmq_message : get message of size 464034
[1751906544][2025/07/07-16:42:24][0][DEBUG] : [1751906544][2025/07/07-16:42:24][0][DEBUG] : get_zmq_message : get message of size 464034
[1751906544][2025/07/07-16:42:24][0][DEBUG] : [1751906544][2025/07/07-16:42:24][0][DEBUG] : get_zmq_message : get message of size 464034
[1751906544][2025/07/07-16:42:24][0][DEBUG] : [1751906544][2025/07/07-16:42:24][0][DEBUG] : get_zmq_message : get message of size 464034
[1751906544][2025/07/07-16:42:24][0][DEBUG] : [1751906544][2025/07/07-16:42:24][0][DEBUG] : get_zmq_message : get message of size 464034
[1751906544][2025/07/07-16:42:24][0][DEBUG] : [1751906544][2025/07/07-16:42:24][0][DEBUG] : get_zmq_message : get message of size 464034
[1751906544][2025/07/07-16:42:24][0][DEBUG] : [1751906544][2025/07/07-16:42:24][0][DEBUG] : get_zmq_message : get message of size 464034
[1751906544][2025/07/07-16:42:24][0][DEBUG] : [1751906544][2025/07/07-16:42:24][0][DEBUG] : get_zmq_message : get message of size 464034
[1751906544][2025/07/07-16:42:24][0][DEBUG] : [1751906544][2025/07/07-16:42:24][0][DEBUG] : get_zmq_message : get message of size 464034
[1751906544][2025/07/07-16:42:24][0][DEBUG] : [1751906544][2025/07/07-16:42:24][0][DEBUG] : get_zmq_message : get message of size 464034
[1751906544][2025/07/07-16:42:24][0][DEBUG] : [1751906544][2025/07/07-16:42:24][0][DEBUG] : get_zmq_message : get message of size 464034
[1751906544][2025/07/07-16:42:24][0][DEBUG] : [1751906544][2025/07/07-16:42:24][0][DEBUG] : get_zmq_message : get message of size 464034
[1751906544][2025/07/07-16:42:24][0][DEBUG] : [1751906544][2025/07/07-16:42:24][0][DEBUG] : get_zmq_message : get message of size 464034
[1751906544][2025/07/07-16:42:24][0][DEBUG] : [1751906544][2025/07/07-16:42:24][0][DEBUG] : get_zmq_message : get message of size 464034
[1751906544][2025/07/07-16:42:24][0][DEBUG] : [1751906544][2025/07/07-16:42:24][0][DEBUG] : get_zmq_message : get message of size 464034
[1751906544][2025/07/07-16:42:24][0][DEBUG] : [1751906544][2025/07/07-16:42:24][0][DEBUG] : get_zmq_message : get message of size 464034
[1751906544][2025/07/07-16:42:24][0][DEBUG] : [1751906544][2025/07/07-16:42:24][0][DEBUG] : get_zmq_message : get message of size 464034
[1751906544][2025/07/07-16:42:24][0][DEBUG] : [1751906544][2025/07/07-16:42:24][0][DEBUG] : get_zmq_message : get message of size 464034
[1751906544][2025/07/07-16:42:24][0][DEBUG] : [1751906544][2025/07/07-16:42:24][0][DEBUG] : get_zmq_message : get message of size 464034
[1751906544][2025/07/07-16:42:24][0][DEBUG] : [1751906544][2025/07/07-16:42:24][0][DEBUG] : get_zmq_message : get message of size 464034
[1751906544][2025/07/07-16:42:24][0][DEBUG] : [1751906544][2025/07/07-16:42:24][0][DEBUG] : get_zmq_message : get message of size 464034
[1751906544][2025/07/07-16:42:24][0][DEBUG] : [1751906544][2025/07/07-16:42:24][0][DEBUG] : get_zmq_message : get message of size 464034
[1751906544][2025/07/07-16:42:24][0][DEBUG] : [1751906544][2025/07/07-16:42:24][0][DEBUG] : get_zmq_message : get message of size 464034
[1751906544][2025/07/07-16:42:24][0][DEBUG] : [1751906544][2025/07/07-16:42:24][0][DEBUG] : get_zmq_message : get message of size 464034
[1751906544][2025/07/07-16:42:24][0][DEBUG] : [1751906544][2025/07/07-16:42:24][0][DEBUG] : get_zmq_message : get message of size 464034
[1751906544][2025/07/07-16:42:24][0][DEBUG] : [1751906544][2025/07/07-16:42:24][0][DEBUG] : get_zmq_message : get message of size 464034
[1751906544][2025/07/07-16:42:24][0][DEBUG] : [1751906544][2025/07/07-16:42:24][0][DEBUG] : get_zmq_message : get message of size 464034
[1751906544][2025/07/07-16:42:24][0][DEBUG] : [1751906544][2025/07/07-16:42:24][0][DEBUG] : get_zmq_message : get message of size 464034
[1751906544][2025/07/07-16:42:24][0][DEBUG] : [1751906544][2025/07/07-16:42:24][0][DEBUG] : get_zmq_message : get message of size 464034
[1751906544][2025/07/07-16:42:24][0][DEBUG] : [1751906544][2025/07/07-16:42:24][0][DEBUG] : get_zmq_message : get message of size 464034
[1751906544][2025/07/07-16:42:24][0][DEBUG] : [1751906544][2025/07/07-16:42:24][0][DEBUG] : get_zmq_message : get message of size 464034
[1751906544][2025/07/07-16:42:24][0][DEBUG] : [1751906544][2025/07/07-16:42:24][0][DEBUG] : get_zmq_message : get message of size 464034
[1751906544][2025/07/07-16:42:24][0][DEBUG] : [1751906544][2025/07/07-16:42:24][0][DEBUG] : get_zmq_message : get message of size 464034
[1751906544][2025/07/07-16:42:24][0][DEBUG] : [1751906544][2025/07/07-16:42:24][0][DEBUG] : get_zmq_message : get message of size 464034
[1751906544][2025/07/07-16:42:24][0][DEBUG] : [1751906544][2025/07/07-16:42:24][0][DEBUG] : get_zmq_message : get message of size 464034
[1751906544][2025/07/07-16:42:24][0][DEBUG] : [1751906544][2025/07/07-16:42:24][0][DEBUG] : get_zmq_message : get message of size 464034
[1751906544][2025/07/07-16:42:24][0][DEBUG] : [1751906544][2025/07/07-16:42:24][0][DEBUG] : get_zmq_message : get message of size 464034
[1751906544][2025/07/07-16:42:24][0][DEBUG] : [1751906544][2025/07/07-16:42:24][0][DEBUG] : get_zmq_message : get message of size 464034
[1751906544][2025/07/07-16:42:24][0][DEBUG] : [1751906544][2025/07/07-16:42:24][0][DEBUG] : get_zmq_message : get message of size 464034
[1751906544][2025/07/07-16:42:24][0][DEBUG] : [1751906544][2025/07/07-16:42:24][0][DEBUG] : get_zmq_message : get message of size 464034
[1751906544][2025/07/07-16:42:24][0][DEBUG] : [1751906544][2025/07/07-16:42:24][0][DEBUG] : get_zmq_message : get message of size 464034
[1751906544][2025/07/07-16:42:24][0][DEBUG] : [1751906544][2025/07/07-16:42:24][0][DEBUG] : get_zmq_message : get message of size 464034
[1751906544][2025/07/07-16:42:24][0][DEBUG] : [1751906544][2025/07/07-16:42:24][0][DEBUG] : get_zmq_message : get message of size 464034
[1751906544][2025/07/07-16:42:24][0][DEBUG] : [1751906544][2025/07/07-16:42:24][0][DEBUG] : get_zmq_message : get message of size 464034
[1751906544][2025/07/07-16:42:24][0][DEBUG] : [1751906544][2025/07/07-16:42:24][0][DEBUG] : get_zmq_message : get message of size 464034
[1751906544][2025/07/07-16:42:24][0][DEBUG] : [1751906544][2025/07/07-16:42:24][0][DEBUG] : get_zmq_message : get message of size 464034
[1751906544][2025/07/07-16:42:24][0][DEBUG] : [1751906544][2025/07/07-16:42:24][0][DEBUG] : get_zmq_message : get message of size 464034
[1751906544][2025/07/07-16:42:24][0][DEBUG] : [1751906544][2025/07/07-16:42:24][0][DEBUG] : get_zmq_message : get message of size 464034
[1751906544][2025/07/07-16:42:24][0][DEBUG] : [1751906544][2025/07/07-16:42:24][0][DEBUG] : get_zmq_message : get message of size 464034
[1751906544][2025/07/07-16:42:24][0][DEBUG] : [1751906544][2025/07/07-16:42:24][0][DEBUG] : get_zmq_message : get message of size 464034
[1751906544][2025/07/07-16:42:24][0][DEBUG] : [1751906544][2025/07/07-16:42:24][0][DEBUG] : get_zmq_message : get message of size 464034
[1751906544][2025/07/07-16:42:24][0][DEBUG] : [1751906544][2025/07/07-16:42:24][0][DEBUG] : get_zmq_message : get message of size 464034
[1751906544][2025/07/07-16:42:24][0][DEBUG] : [1751906544][2025/07/07-16:42:24][0][DEBUG] : get_zmq_message : get message of size 464034
[1751906544][2025/07/07-16:42:24][0][DEBUG] : [1751906544][2025/07/07-16:42:24][0][DEBUG] : get_zmq_message : get message of size 464034
[1751906544][2025/07/07-16:42:24][0][DEBUG] : [1751906544][2025/07/07-16:42:24][0][DEBUG] : get_zmq_message : get message of size 464034
[1751906544][2025/07/07-16:42:24][0][DEBUG] : [1751906544][2025/07/07-16:42:24][0][DEBUG] : get_zmq_message : get message of size 464034
[1751906544][2025/07/07-16:42:24][0][DEBUG] : [1751906544][2025/07/07-16:42:24][0][DEBUG] : get_zmq_message : get message of size 464034
[1751906544][2025/07/07-16:42:24][0][DEBUG] : [1751906544][2025/07/07-16:42:24][0][DEBUG] : get_zmq_message : get message of size 464034
[1751906544][2025/07/07-16:42:24][0][DEBUG] : [1751906544][2025/07/07-16:42:24][0][DEBUG] : get_zmq_message : get message of size 464034
[1751906544][2025/07/07-16:42:24][0][DEBUG] : [1751906544][2025/07/07-16:42:24][0][DEBUG] : get_zmq_message : get message of size 464034
[1751906544][2025/07/07-16:42:24][0][DEBUG] : [1751906544][2025/07/07-16:42:24][0][DEBUG] : get_zmq_message : get message of size 464034
[1751906544][2025/07/07-16:42:24][0][DEBUG] : [1751906544][2025/07/07-16:42:24][0][DEBUG] : get_zmq_message : get message of size 464034
[1751906544][2025/07/07-16:42:24][0][DEBUG] : [1751906544][2025/07/07-16:42:24][0][DEBUG] : get_zmq_message : get message of size 464034
[1751906544][2025/07/07-16:42:24][0][DEBUG] : [1751906544][2025/07/07-16:42:24][0][DEBUG] : get_zmq_message : get message of size 464034
[1751906544][2025/07/07-16:42:24][0][DEBUG] : [1751906544][2025/07/07-16:42:24][0][DEBUG] : get_zmq_message : get message of size 464034
[1751906544][2025/07/07-16:42:24][0][DEBUG] : [1751906544][2025/07/07-16:42:24][0][DEBUG] : get_zmq_message : get message of size 464034
[1751906544][2025/07/07-16:42:24][0][DEBUG] : [1751906544][2025/07/07-16:42:24][0][DEBUG] : get_zmq_message : get message of size 464034
[1751906544][2025/07/07-16:42:24][0][DEBUG] : [1751906544][2025/07/07-16:42:24][0][DEBUG] : get_zmq_message : get message of size 464034
[1751906544][2025/07/07-16:42:24][0][DEBUG] : [1751906544][2025/07/07-16:42:24][0][DEBUG] : get_zmq_message : get message of size 464034
[1751906544][2025/07/07-16:42:24][0][DEBUG] : [1751906544][2025/07/07-16:42:24][0][DEBUG] : get_zmq_message : get message of size 464034
[1751906544][2025/07/07-16:42:24][0][DEBUG] : [1751906544][2025/07/07-16:42:24][0][DEBUG] : get_zmq_message : get message of size 464034
[1751906544][2025/07/07-16:42:24][0][DEBUG] : [1751906544][2025/07/07-16:42:24][0][DEBUG] : get_zmq_message : get message of size 464034
[1751906544][2025/07/07-16:42:24][0][DEBUG] : [1751906544][2025/07/07-16:42:24][0][DEBUG] : get_zmq_message : get message of size 464034
[1751906544][2025/07/07-16:42:24][0][DEBUG] : [1751906544][2025/07/07-16:42:24][0][DEBUG] : get_zmq_message : get message of size 464034
[1751906544][2025/07/07-16:42:24][0][DEBUG] : [1751906544][2025/07/07-16:42:24][0][DEBUG] : get_zmq_message : get message of size 464034
[1751906544][2025/07/07-16:42:24][0][DEBUG] : [1751906544][2025/07/07-16:42:24][0][DEBUG] : get_zmq_message : get message of size 464034
[1751906544][2025/07/07-16:42:24][0][DEBUG] : [1751906544][2025/07/07-16:42:24][0][DEBUG] : get_zmq_message : get message of size 464034
[1751906544][2025/07/07-16:42:24][0][DEBUG] : [1751906544][2025/07/07-16:42:24][0][DEBUG] : get_zmq_message : get message of size 464034
[1751906544][2025/07/07-16:42:24][0][DEBUG] : [1751906544][2025/07/07-16:42:24][0][DEBUG] : get_zmq_message : get message of size 464034
[1751906544][2025/07/07-16:42:24][0][DEBUG] : [1751906544][2025/07/07-16:42:24][0][DEBUG] : get_zmq_message : get message of size 464034
[1751906544][2025/07/07-16:42:24][0][DEBUG] : [1751906544][2025/07/07-16:42:24][0][DEBUG] : get_zmq_message : get message of size 464034
[1751906544][2025/07/07-16:42:24][0][DEBUG] : [1751906544][2025/07/07-16:42:24][0][DEBUG] : get_zmq_message : get message of size 464034
[1751906544][2025/07/07-16:42:24][0][DEBUG] : [1751906544][2025/07/07-16:42:24][0][DEBUG] : get_zmq_message : get message of size 464034
[1751906544][2025/07/07-16:42:24][0][DEBUG] : [1751906544][2025/07/07-16:42:24][0][DEBUG] : get_zmq_message : get message of size 464034
[1751906544][2025/07/07-16:42:24][0][DEBUG] : [1751906544][2025/07/07-16:42:24][0][DEBUG] : get_zmq_message : get message of size 464034
[1751906544][2025/07/07-16:42:24][0][DEBUG] : [1751906544][2025/07/07-16:42:24][0][DEBUG] : get_zmq_message : get message of size 464034
[1751906544][2025/07/07-16:42:24][0][DEBUG] : [1751906544][2025/07/07-16:42:24][0][DEBUG] : get_zmq_message : get message of size 464034
[1751906544][2025/07/07-16:42:24][0][DEBUG] : [1751906544][2025/07/07-16:42:24][0][DEBUG] : get_zmq_message : get message of size 464034
[1751906544][2025/07/07-16:42:24][0][DEBUG] : [1751906544][2025/07/07-16:42:24][0][DEBUG] : get_zmq_message : get message of size 464034
[1751906544][2025/07/07-16:42:24][0][DEBUG] : [1751906544][2025/07/07-16:42:24][0][DEBUG] : get_zmq_message : get message of size 464034
[1751906544][2025/07/07-16:42:24][0][DEBUG] : [1751906544][2025/07/07-16:42:24][0][DEBUG] : get_zmq_message : get message of size 464034
[1751906544][2025/07/07-16:42:24][0][DEBUG] : [1751906544][2025/07/07-16:42:24][0][DEBUG] : get_zmq_message : get message of size 464034
[1751906544][2025/07/07-16:42:24][0][DEBUG] : [1751906544][2025/07/07-16:42:24][0][DEBUG] : get_zmq_message : get message of size 464034
[1751906544][2025/07/07-16:42:24][0][DEBUG] : [1751906544][2025/07/07-16:42:24][0][DEBUG] : get_zmq_message : get message of size 464034
[1751906544][2025/07/07-16:42:24][0][DEBUG] : [1751906544][2025/07/07-16:42:24][0][DEBUG] : get_zmq_message : get message of size 464034
[1751906544][2025/07/07-16:42:24][0][DEBUG] : [1751906544][2025/07/07-16:42:24][0][DEBUG] : get_zmq_message : get message of size 464034
[1751906544][2025/07/07-16:42:24][0][DEBUG] : [1751906544][2025/07/07-16:42:24][0][DEBUG] : get_zmq_message : get message of size 464034
[1751906544][2025/07/07-16:42:24][0][DEBUG] : [1751906544][2025/07/07-16:42:24][0][DEBUG] : get_zmq_message : get message of size 464034
[1751906544][2025/07/07-16:42:24][0][DEBUG] : [1751906544][2025/07/07-16:42:24][0][DEBUG] : get_zmq_message : get message of size 464034
[1751906544][2025/07/07-16:42:24][0][DEBUG] : [1751906544][2025/07/07-16:42:24][0][DEBUG] : get_zmq_message : get message of size 464034
[1751906544][2025/07/07-16:42:24][0][DEBUG] : [1751906544][2025/07/07-16:42:24][0][DEBUG] : get_zmq_message : get message of size 464034
[1751906544][2025/07/07-16:42:24][0][DEBUG] : [1751906544][2025/07/07-16:42:24][0][DEBUG] : get_zmq_message : get message of size 464034
[1751906544][2025/07/07-16:42:24][0][DEBUG] : [1751906544][2025/07/07-16:42:24][0][DEBUG] : get_zmq_message : get message of size 464034
[1751906544][2025/07/07-16:42:24][0][DEBUG] : [1751906545][2025/07/07-16:42:25][0][DEBUG] : get_zmq_message : get message of size 464034
[1751906545][2025/07/07-16:42:25][0][DEBUG] : [1751906545][2025/07/07-16:42:25][0][DEBUG] : get_zmq_message : get message of size 464034
[1751906545][2025/07/07-16:42:25][0][DEBUG] : [1751906545][2025/07/07-16:42:25][0][DEBUG] : get_zmq_message : get message of size 464034
[1751906545][2025/07/07-16:42:25][0][DEBUG] : [1751906545][2025/07/07-16:42:25][0][DEBUG] : get_zmq_message : get message of size 464034
[1751906545][2025/07/07-16:42:25][0][DEBUG] : [1751906545][2025/07/07-16:42:25][0][DEBUG] : get_zmq_message : get message of size 464034
[1751906545][2025/07/07-16:42:25][0][DEBUG] : [1751906545][2025/07/07-16:42:25][0][DEBUG] : get_zmq_message : get message of size 464034
[1751906545][2025/07/07-16:42:25][0][DEBUG] : [1751906545][2025/07/07-16:42:25][0][DEBUG] : get_zmq_message : get message of size 464034
[1751906545][2025/07/07-16:42:25][0][DEBUG] : [1751906545][2025/07/07-16:42:25][0][DEBUG] : get_zmq_message : get message of size 464034
[1751906545][2025/07/07-16:42:25][0][DEBUG] : [1751906545][2025/07/07-16:42:25][0][DEBUG] : get_zmq_message : get message of size 464034
[1751906545][2025/07/07-16:42:25][0][DEBUG] : [1751906545][2025/07/07-16:42:25][0][DEBUG] : get_zmq_message : get message of size 464034
[1751906545][2025/07/07-16:42:25][0][DEBUG] : [1751906545][2025/07/07-16:42:25][0][DEBUG] : get_zmq_message : get message of size 464034
[1751906545][2025/07/07-16:42:25][0][DEBUG] : [1751906545][2025/07/07-16:42:25][0][DEBUG] : get_zmq_message : get message of size 464034
[1751906545][2025/07/07-16:42:25][0][DEBUG] : [1751906545][2025/07/07-16:42:25][0][DEBUG] : get_zmq_message : get message of size 464034
[1751906545][2025/07/07-16:42:25][0][DEBUG] : [1751906545][2025/07/07-16:42:25][0][DEBUG] : get_zmq_message : get message of size 464034
[1751906545][2025/07/07-16:42:25][0][DEBUG] : [1751906545][2025/07/07-16:42:25][0][DEBUG] : get_zmq_message : get message of size 464034
[1751906545][2025/07/07-16:42:25][0][DEBUG] : [1751906545][2025/07/07-16:42:25][0][DEBUG] : get_zmq_message : get message of size 464034
[1751906545][2025/07/07-16:42:25][0][DEBUG] : [1751906545][2025/07/07-16:42:25][0][DEBUG] : get_zmq_message : get message of size 464034
[1751906545][2025/07/07-16:42:25][0][DEBUG] : [1751906545][2025/07/07-16:42:25][0][DEBUG] : get_zmq_message : get message of size 464034
[1751906545][2025/07/07-16:42:25][0][DEBUG] : [1751906545][2025/07/07-16:42:25][0][DEBUG] : get_zmq_message : get message of size 464034
[1751906545][2025/07/07-16:42:25][0][DEBUG] : [1751906545][2025/07/07-16:42:25][0][DEBUG] : get_zmq_message : get message of size 464034
[1751906545][2025/07/07-16:42:25][0][DEBUG] : [1751906545][2025/07/07-16:42:25][0][DEBUG] : get_zmq_message : get message of size 464034
[1751906545][2025/07/07-16:42:25][0][DEBUG] : [1751906545][2025/07/07-16:42:25][0][DEBUG] : get_zmq_message : get message of size 464034
[1751906545][2025/07/07-16:42:25][0][DEBUG] : [1751906545][2025/07/07-16:42:25][0][DEBUG] : get_zmq_message : get message of size 464034
[1751906545][2025/07/07-16:42:25][0][DEBUG] : [1751906545][2025/07/07-16:42:25][0][DEBUG] : get_zmq_message : get message of size 464034
[1751906545][2025/07/07-16:42:25][0][DEBUG] : [1751906545][2025/07/07-16:42:25][0][DEBUG] : get_zmq_message : get message of size 464034
[1751906545][2025/07/07-16:42:25][0][DEBUG] : [1751906545][2025/07/07-16:42:25][0][DEBUG] : get_zmq_message : get message of size 464034
[1751906545][2025/07/07-16:42:25][0][DEBUG] : [1751906545][2025/07/07-16:42:25][0][DEBUG] : get_zmq_message : get message of size 464034
[1751906545][2025/07/07-16:42:25][0][DEBUG] : [1751906545][2025/07/07-16:42:25][0][DEBUG] : get_zmq_message : get message of size 464034
[1751906545][2025/07/07-16:42:25][0][DEBUG] : [1751906545][2025/07/07-16:42:25][0][DEBUG] : get_zmq_message : get message of size 464034
[1751906545][2025/07/07-16:42:25][0][DEBUG] : [1751906545][2025/07/07-16:42:25][0][DEBUG] : get_zmq_message : get message of size 464034
[1751906545][2025/07/07-16:42:25][0][DEBUG] : [1751906545][2025/07/07-16:42:25][0][DEBUG] : get_zmq_message : get message of size 464034
[1751906545][2025/07/07-16:42:25][0][DEBUG] : [1751906545][2025/07/07-16:42:25][0][DEBUG] : get_zmq_message : get message of size 464034
[1751906545][2025/07/07-16:42:25][0][DEBUG] : [1751906545][2025/07/07-16:42:25][0][DEBUG] : get_zmq_message : get message of size 464034
[1751906545][2025/07/07-16:42:25][0][DEBUG] : [1751906545][2025/07/07-16:42:25][0][DEBUG] : get_zmq_message : get message of size 464034
[1751906545][2025/07/07-16:42:25][0][DEBUG] : [1751906545][2025/07/07-16:42:25][0][DEBUG] : get_zmq_message : get message of size 464034
[1751906545][2025/07/07-16:42:25][0][DEBUG] : [1751906545][2025/07/07-16:42:25][0][DEBUG] : get_zmq_message : get message of size 464034
[1751906545][2025/07/07-16:42:25][0][DEBUG] : [1751906545][2025/07/07-16:42:25][0][DEBUG] : get_zmq_message : get message of size 464034
[1751906545][2025/07/07-16:42:25][0][DEBUG] : [1751906545][2025/07/07-16:42:25][0][DEBUG] : get_zmq_message : get message of size 464034
[1751906545][2025/07/07-16:42:25][0][DEBUG] : [1751906545][2025/07/07-16:42:25][0][DEBUG] : get_zmq_message : get message of size 464034
[1751906545][2025/07/07-16:42:25][0][DEBUG] : [1751906545][2025/07/07-16:42:25][0][DEBUG] : get_zmq_message : get message of size 464034
[1751906545][2025/07/07-16:42:25][0][DEBUG] : [1751906545][2025/07/07-16:42:25][0][DEBUG] : get_zmq_message : get message of size 464034
[1751906545][2025/07/07-16:42:25][0][DEBUG] : [1751906545][2025/07/07-16:42:25][0][DEBUG] : get_zmq_message : get message of size 464034
[1751906545][2025/07/07-16:42:25][0][DEBUG] : [1751906545][2025/07/07-16:42:25][0][DEBUG] : get_zmq_message : get message of size 464034
[1751906545][2025/07/07-16:42:25][0][DEBUG] : [1751906545][2025/07/07-16:42:25][0][DEBUG] : get_zmq_message : get message of size 464034
[1751906545][2025/07/07-16:42:25][0][DEBUG] : [1751906545][2025/07/07-16:42:25][0][DEBUG] : get_zmq_message : get message of size 464034
[1751906545][2025/07/07-16:42:25][0][DEBUG] : [1751906545][2025/07/07-16:42:25][0][DEBUG] : get_zmq_message : get message of size 464034
[1751906545][2025/07/07-16:42:25][0][DEBUG] : [1751906545][2025/07/07-16:42:25][0][DEBUG] : get_zmq_message : get message of size 464034
[1751906545][2025/07/07-16:42:25][0][DEBUG] : [1751906545][2025/07/07-16:42:25][0][DEBUG] : get_zmq_message : get message of size 464034
[1751906545][2025/07/07-16:42:25][0][DEBUG] : [1751906545][2025/07/07-16:42:25][0][DEBUG] : get_zmq_message : get message of size 464034
[1751906545][2025/07/07-16:42:25][0][DEBUG] : [1751906545][2025/07/07-16:42:25][0][DEBUG] : get_zmq_message : get message of size 464034
[1751906545][2025/07/07-16:42:25][0][DEBUG] : [1751906545][2025/07/07-16:42:25][0][DEBUG] : get_zmq_message : get message of size 464034
[1751906545][2025/07/07-16:42:25][0][DEBUG] : [1751906545][2025/07/07-16:42:25][0][DEBUG] : get_zmq_message : get message of size 464034
[1751906545][2025/07/07-16:42:25][0][DEBUG] : [1751906545][2025/07/07-16:42:25][0][DEBUG] : get_zmq_message : get message of size 464034
[1751906545][2025/07/07-16:42:25][0][DEBUG] : [1751906545][2025/07/07-16:42:25][0][DEBUG] : get_zmq_message : get message of size 464034
[1751906545][2025/07/07-16:42:25][0][DEBUG] : [1751906545][2025/07/07-16:42:25][0][DEBUG] : get_zmq_message : get message of size 464034
[1751906545][2025/07/07-16:42:25][0][DEBUG] : [1751906545][2025/07/07-16:42:25][0][DEBUG] : get_zmq_message : get message of size 464034
[1751906545][2025/07/07-16:42:25][0][DEBUG] : [1751906545][2025/07/07-16:42:25][0][DEBUG] : get_zmq_message : get message of size 464034
[1751906545][2025/07/07-16:42:25][0][DEBUG] : [1751906545][2025/07/07-16:42:25][0][DEBUG] : get_zmq_message : get message of size 464034
[1751906545][2025/07/07-16:42:25][0][DEBUG] : [1751906545][2025/07/07-16:42:25][0][DEBUG] : get_zmq_message : get message of size 464034
[1751906545][2025/07/07-16:42:25][0][DEBUG] : [1751906545][2025/07/07-16:42:25][0][DEBUG] : get_zmq_message : get message of size 464034
[1751906545][2025/07/07-16:42:25][0][DEBUG] : [1751906545][2025/07/07-16:42:25][0][DEBUG] : get_zmq_message : get message of size 464034
[1751906545][2025/07/07-16:42:25][0][DEBUG] : [1751906545][2025/07/07-16:42:25][0][DEBUG] : get_zmq_message : get message of size 464034
[1751906545][2025/07/07-16:42:25][0][DEBUG] : [1751906545][2025/07/07-16:42:25][0][DEBUG] : get_zmq_message : get message of size 464034
[1751906545][2025/07/07-16:42:25][0][DEBUG] : [1751906545][2025/07/07-16:42:25][0][DEBUG] : get_zmq_message : get message of size 464034
[1751906545][2025/07/07-16:42:25][0][DEBUG] : [1751906545][2025/07/07-16:42:25][0][DEBUG] : get_zmq_message : get message of size 464034
[1751906545][2025/07/07-16:42:25][0][DEBUG] : [1751906545][2025/07/07-16:42:25][0][DEBUG] : get_zmq_message : get message of size 464034
[1751906545][2025/07/07-16:42:25][0][DEBUG] : [1751906545][2025/07/07-16:42:25][0][DEBUG] : get_zmq_message : get message of size 464034
[1751906545][2025/07/07-16:42:25][0][DEBUG] : [1751906545][2025/07/07-16:42:25][0][DEBUG] : get_zmq_message : get message of size 464034
[1751906545][2025/07/07-16:42:25][0][DEBUG] : [1751906545][2025/07/07-16:42:25][0][DEBUG] : get_zmq_message : get message of size 464034
[1751906545][2025/07/07-16:42:25][0][DEBUG] : [1751906545][2025/07/07-16:42:25][0][DEBUG] : get_zmq_message : get message of size 464034
[1751906545][2025/07/07-16:42:25][0][DEBUG] : [1751906545][2025/07/07-16:42:25][0][DEBUG] : get_zmq_message : get message of size 464034
[1751906545][2025/07/07-16:42:25][0][DEBUG] : [1751906545][2025/07/07-16:42:25][0][DEBUG] : get_zmq_message : get message of size 464034
[1751906545][2025/07/07-16:42:25][0][DEBUG] : [1751906545][2025/07/07-16:42:25][0][DEBUG] : get_zmq_message : get message of size 464034
[1751906545][2025/07/07-16:42:25][0][DEBUG] : [1751906545][2025/07/07-16:42:25][0][DEBUG] : get_zmq_message : get message of size 464034
[1751906545][2025/07/07-16:42:25][0][DEBUG] : [1751906545][2025/07/07-16:42:25][0][DEBUG] : get_zmq_message : get message of size 464034
[1751906545][2025/07/07-16:42:25][0][DEBUG] : [1751906545][2025/07/07-16:42:25][0][DEBUG] : get_zmq_message : get message of size 464034
[1751906545][2025/07/07-16:42:25][0][DEBUG] : [1751906545][2025/07/07-16:42:25][0][DEBUG] : get_zmq_message : get message of size 464034
[1751906545][2025/07/07-16:42:25][0][DEBUG] : [1751906545][2025/07/07-16:42:25][0][DEBUG] : get_zmq_message : get message of size 464034
[1751906545][2025/07/07-16:42:25][0][DEBUG] : [1751906545][2025/07/07-16:42:25][0][DEBUG] : get_zmq_message : get message of size 464034
[1751906545][2025/07/07-16:42:25][0][DEBUG] : [1751906545][2025/07/07-16:42:25][0][DEBUG] : get_zmq_message : get message of size 464034
[1751906545][2025/07/07-16:42:25][0][DEBUG] : [1751906545][2025/07/07-16:42:25][0][DEBUG] : get_zmq_message : get message of size 464034
[1751906545][2025/07/07-16:42:25][0][DEBUG] : [1751906545][2025/07/07-16:42:25][0][DEBUG] : get_zmq_message : get message of size 464034
[1751906545][2025/07/07-16:42:25][0][DEBUG] : [1751906545][2025/07/07-16:42:25][0][DEBUG] : get_zmq_message : get message of size 464034
[1751906545][2025/07/07-16:42:25][0][DEBUG] : [1751906545][2025/07/07-16:42:25][0][DEBUG] : get_zmq_message : get message of size 464034
[1751906545][2025/07/07-16:42:25][0][DEBUG] : [1751906545][2025/07/07-16:42:25][0][DEBUG] : get_zmq_message : get message of size 464034
[1751906545][2025/07/07-16:42:25][0][DEBUG] : [1751906545][2025/07/07-16:42:25][0][DEBUG] : get_zmq_message : get message of size 464034
[1751906545][2025/07/07-16:42:25][0][DEBUG] : [1751906545][2025/07/07-16:42:25][0][DEBUG] : get_zmq_message : get message of size 464034
[1751906545][2025/07/07-16:42:25][0][DEBUG] : [1751906545][2025/07/07-16:42:25][0][DEBUG] : get_zmq_message : get message of size 464034
[1751906545][2025/07/07-16:42:25][0][DEBUG] : [1751906545][2025/07/07-16:42:25][0][DEBUG] : get_zmq_message : get message of size 464034
[1751906545][2025/07/07-16:42:25][0][DEBUG] : [1751906545][2025/07/07-16:42:25][0][DEBUG] : get_zmq_message : get message of size 464034
[1751906545][2025/07/07-16:42:25][0][DEBUG] : [1751906545][2025/07/07-16:42:25][0][DEBUG] : get_zmq_message : get message of size 464034
[1751906545][2025/07/07-16:42:25][0][DEBUG] : [1751906545][2025/07/07-16:42:25][0][DEBUG] : get_zmq_message : get message of size 464034
[1751906545][2025/07/07-16:42:25][0][DEBUG] : [1751906545][2025/07/07-16:42:25][0][DEBUG] : get_zmq_message : get message of size 464034
[1751906545][2025/07/07-16:42:25][0][DEBUG] : [1751906545][2025/07/07-16:42:25][0][DEBUG] : get_zmq_message : get message of size 464034
[1751906545][2025/07/07-16:42:25][0][DEBUG] : [1751906545][2025/07/07-16:42:25][0][DEBUG] : get_zmq_message : get message of size 464034
[1751906545][2025/07/07-16:42:25][0][DEBUG] : [1751906545][2025/07/07-16:42:25][0][DEBUG] : get_zmq_message : get message of size 464034
[1751906545][2025/07/07-16:42:25][0][DEBUG] : [1751906545][2025/07/07-16:42:25][0][DEBUG] : get_zmq_message : get message of size 464034
[1751906545][2025/07/07-16:42:25][0][DEBUG] : [1751906545][2025/07/07-16:42:25][0][DEBUG] : get_zmq_message : get message of size 464034
[1751906545][2025/07/07-16:42:25][0][DEBUG] : [1751906545][2025/07/07-16:42:25][0][DEBUG] : get_zmq_message : get message of size 464034
[1751906545][2025/07/07-16:42:25][0][DEBUG] : [1751906545][2025/07/07-16:42:25][0][DEBUG] : get_zmq_message : get message of size 464034
[1751906545][2025/07/07-16:42:25][0][DEBUG] : [1751906545][2025/07/07-16:42:25][0][DEBUG] : get_zmq_message : get message of size 464034
[1751906545][2025/07/07-16:42:25][0][DEBUG] : [1751906545][2025/07/07-16:42:25][0][DEBUG] : get_zmq_message : get message of size 464034
[1751906545][2025/07/07-16:42:25][0][DEBUG] : [1751906545][2025/07/07-16:42:25][0][DEBUG] : get_zmq_message : get message of size 464034
[1751906545][2025/07/07-16:42:25][0][DEBUG] : [1751906545][2025/07/07-16:42:25][0][DEBUG] : get_zmq_message : get message of size 464034
[1751906545][2025/07/07-16:42:25][0][DEBUG] : [1751906545][2025/07/07-16:42:25][0][DEBUG] : get_zmq_message : get message of size 464034
[1751906545][2025/07/07-16:42:25][0][DEBUG] : [1751906545][2025/07/07-16:42:25][0][DEBUG] : get_zmq_message : get message of size 464034
[1751906545][2025/07/07-16:42:25][0][DEBUG] : [1751906545][2025/07/07-16:42:25][0][DEBUG] : get_zmq_message : get message of size 464034
[1751906545][2025/07/07-16:42:25][0][DEBUG] : [1751906545][2025/07/07-16:42:25][0][DEBUG] : get_zmq_message : get message of size 464034
[1751906545][2025/07/07-16:42:25][0][DEBUG] : [1751906545][2025/07/07-16:42:25][0][DEBUG] : get_zmq_message : get message of size 464034
[1751906545][2025/07/07-16:42:25][0][DEBUG] : [1751906545][2025/07/07-16:42:25][0][DEBUG] : get_zmq_message : get message of size 464034
[1751906545][2025/07/07-16:42:25][0][DEBUG] : [1751906545][2025/07/07-16:42:25][0][DEBUG] : get_zmq_message : get message of size 464034
[1751906545][2025/07/07-16:42:25][0][DEBUG] : [1751906545][2025/07/07-16:42:25][0][DEBUG] : get_zmq_message : get message of size 464034
[1751906545][2025/07/07-16:42:25][0][DEBUG] : [1751906545][2025/07/07-16:42:25][0][DEBUG] : get_zmq_message : get message of size 464034
[1751906545][2025/07/07-16:42:25][0][DEBUG] : [1751906545][2025/07/07-16:42:25][0][DEBUG] : get_zmq_message : get message of size 464034
[1751906545][2025/07/07-16:42:25][0][DEBUG] : [1751906545][2025/07/07-16:42:25][0][DEBUG] : get_zmq_message : get message of size 464034
[1751906545][2025/07/07-16:42:25][0][DEBUG] : [1751906545][2025/07/07-16:42:25][0][DEBUG] : get_zmq_message : get message of size 464034
[1751906545][2025/07/07-16:42:25][0][DEBUG] : [1751906545][2025/07/07-16:42:25][0][DEBUG] : get_zmq_message : get message of size 464034
[1751906545][2025/07/07-16:42:25][0][DEBUG] : [1751906545][2025/07/07-16:42:25][0][DEBUG] : get_zmq_message : get message of size 464034
[1751906545][2025/07/07-16:42:25][0][DEBUG] : [1751906545][2025/07/07-16:42:25][0][DEBUG] : get_zmq_message : get message of size 464034
[1751906545][2025/07/07-16:42:25][0][DEBUG] : [1751906545][2025/07/07-16:42:25][0][DEBUG] : get_zmq_message : get message of size 464034
[1751906545][2025/07/07-16:42:25][0][DEBUG] : [1751906545][2025/07/07-16:42:25][0][DEBUG] : get_zmq_message : get message of size 464034
[1751906545][2025/07/07-16:42:25][0][DEBUG] : [1751906545][2025/07/07-16:42:25][0][DEBUG] : get_zmq_message : get message of size 464034
[1751906545][2025/07/07-16:42:25][0][DEBUG] : [1751906545][2025/07/07-16:42:25][0][DEBUG] : get_zmq_message : get message of size 464034
[1751906545][2025/07/07-16:42:25][0][DEBUG] : [1751906545][2025/07/07-16:42:25][0][DEBUG] : get_zmq_message : get message of size 464034
[1751906545][2025/07/07-16:42:25][0][DEBUG] : [1751906545][2025/07/07-16:42:25][0][DEBUG] : get_zmq_message : get message of size 464034
[1751906545][2025/07/07-16:42:25][0][DEBUG] : [1751906545][2025/07/07-16:42:25][0][DEBUG] : get_zmq_message : get message of size 464034
[1751906545][2025/07/07-16:42:25][0][DEBUG] : [1751906545][2025/07/07-16:42:25][0][DEBUG] : get_zmq_message : get message of size 464034
[1751906545][2025/07/07-16:42:25][0][DEBUG] : [1751906545][2025/07/07-16:42:25][0][DEBUG] : get_zmq_message : get message of size 464034
[1751906545][2025/07/07-16:42:25][0][DEBUG] : [1751906545][2025/07/07-16:42:25][0][DEBUG] : get_zmq_message : get message of size 464034
[1751906545][2025/07/07-16:42:25][0][DEBUG] : [1751906545][2025/07/07-16:42:25][0][DEBUG] : get_zmq_message : get message of size 464034
[1751906545][2025/07/07-16:42:25][0][DEBUG] : [1751906545][2025/07/07-16:42:25][0][DEBUG] : get_zmq_message : get message of size 464034
[1751906545][2025/07/07-16:42:25][0][DEBUG] : [1751906545][2025/07/07-16:42:25][0][DEBUG] : get_zmq_message : get message of size 464034
[1751906545][2025/07/07-16:42:25][0][DEBUG] : [1751906545][2025/07/07-16:42:25][0][DEBUG] : get_zmq_message : get message of size 464034
[1751906545][2025/07/07-16:42:25][0][DEBUG] : [1751906545][2025/07/07-16:42:25][0][DEBUG] : get_zmq_message : get message of size 464034
[1751906545][2025/07/07-16:42:25][0][DEBUG] : [1751906545][2025/07/07-16:42:25][0][DEBUG] : get_zmq_message : get message of size 464034
[1751906545][2025/07/07-16:42:25][0][DEBUG] : [1751906545][2025/07/07-16:42:25][0][DEBUG] : get_zmq_message : get message of size 464034
[1751906545][2025/07/07-16:42:25][0][DEBUG] : [1751906545][2025/07/07-16:42:25][0][DEBUG] : get_zmq_message : get message of size 464034
[1751906545][2025/07/07-16:42:25][0][DEBUG] : [1751906545][2025/07/07-16:42:25][0][DEBUG] : get_zmq_message : get message of size 464034
[1751906545][2025/07/07-16:42:25][0][DEBUG] : [1751906545][2025/07/07-16:42:25][0][DEBUG] : get_zmq_message : get message of size 464034
[1751906545][2025/07/07-16:42:25][0][DEBUG] : [1751906545][2025/07/07-16:42:25][0][DEBUG] : get_zmq_message : get message of size 464034
[1751906545][2025/07/07-16:42:25][0][DEBUG] : [1751906545][2025/07/07-16:42:25][0][DEBUG] : get_zmq_message : get message of size 464034
[1751906545][2025/07/07-16:42:25][0][DEBUG] : [1751906545][2025/07/07-16:42:25][0][DEBUG] : get_zmq_message : get message of size 464034
[1751906545][2025/07/07-16:42:25][0][DEBUG] : [1751906545][2025/07/07-16:42:25][0][DEBUG] : get_zmq_message : get message of size 464034
[1751906545][2025/07/07-16:42:25][0][DEBUG] : [1751906545][2025/07/07-16:42:25][0][DEBUG] : get_zmq_message : get message of size 464034
[1751906545][2025/07/07-16:42:25][0][DEBUG] : [1751906545][2025/07/07-16:42:25][0][DEBUG] : get_zmq_message : get message of size 464034
[1751906545][2025/07/07-16:42:25][0][DEBUG] : [1751906545][2025/07/07-16:42:25][0][DEBUG] : get_zmq_message : get message of size 464034
[1751906545][2025/07/07-16:42:25][0][DEBUG] : [1751906545][2025/07/07-16:42:25][0][DEBUG] : get_zmq_message : get message of size 464034
[1751906545][2025/07/07-16:42:25][0][DEBUG] : [1751906545][2025/07/07-16:42:25][0][DEBUG] : get_zmq_message : get message of size 464034
[1751906545][2025/07/07-16:42:25][0][DEBUG] : [1751906545][2025/07/07-16:42:25][0][DEBUG] : get_zmq_message : get message of size 464034
[1751906545][2025/07/07-16:42:25][0][DEBUG] : [1751906545][2025/07/07-16:42:25][0][DEBUG] : get_zmq_message : get message of size 464034
[1751906545][2025/07/07-16:42:25][0][DEBUG] : [1751906545][2025/07/07-16:42:25][0][DEBUG] : get_zmq_message : get message of size 464034
[1751906545][2025/07/07-16:42:25][0][DEBUG] : [1751906545][2025/07/07-16:42:25][0][DEBUG] : get_zmq_message : get message of size 464034
[1751906545][2025/07/07-16:42:25][0][DEBUG] : [1751906545][2025/07/07-16:42:25][0][DEBUG] : get_zmq_message : get message of size 464034
[1751906545][2025/07/07-16:42:25][0][DEBUG] : [1751906545][2025/07/07-16:42:25][0][DEBUG] : get_zmq_message : get message of size 464034
[1751906545][2025/07/07-16:42:25][0][DEBUG] : [1751906545][2025/07/07-16:42:25][0][DEBUG] : get_zmq_message : get message of size 464034
[1751906545][2025/07/07-16:42:25][0][DEBUG] : [1751906545][2025/07/07-16:42:25][0][DEBUG] : get_zmq_message : get message of size 464034
[1751906545][2025/07/07-16:42:25][0][DEBUG] : [1751906545][2025/07/07-16:42:25][0][DEBUG] : get_zmq_message : get message of size 464034
[1751906545][2025/07/07-16:42:25][0][DEBUG] : [1751906545][2025/07/07-16:42:25][0][DEBUG] : get_zmq_message : get message of size 464034
[1751906545][2025/07/07-16:42:25][0][DEBUG] : [1751906545][2025/07/07-16:42:25][0][DEBUG] : get_zmq_message : get message of size 464034
[1751906545][2025/07/07-16:42:25][0][DEBUG] : [1751906545][2025/07/07-16:42:25][0][DEBUG] : get_zmq_message : get message of size 464034
[1751906545][2025/07/07-16:42:25][0][DEBUG] : [1751906545][2025/07/07-16:42:25][0][DEBUG] : get_zmq_message : get message of size 464034
[1751906545][2025/07/07-16:42:25][0][DEBUG] : [1751906545][2025/07/07-16:42:25][0][DEBUG] : get_zmq_message : get message of size 464034
[1751906545][2025/07/07-16:42:25][0][DEBUG] : [1751906545][2025/07/07-16:42:25][0][DEBUG] : get_zmq_message : get message of size 464034
[1751906545][2025/07/07-16:42:25][0][DEBUG] : [1751906545][2025/07/07-16:42:25][0][DEBUG] : get_zmq_message : get message of size 464034
[1751906545][2025/07/07-16:42:25][0][DEBUG] : [1751906545][2025/07/07-16:42:25][0][DEBUG] : get_zmq_message : get message of size 464034
[1751906545][2025/07/07-16:42:25][0][DEBUG] : [1751906545][2025/07/07-16:42:25][0][DEBUG] : get_zmq_message : get message of size 464034
[1751906545][2025/07/07-16:42:25][0][DEBUG] : [1751906545][2025/07/07-16:42:25][0][DEBUG] : get_zmq_message : get message of size 464034
[1751906545][2025/07/07-16:42:25][0][DEBUG] : [1751906545][2025/07/07-16:42:25][0][DEBUG] : get_zmq_message : get message of size 464034
[1751906545][2025/07/07-16:42:25][0][DEBUG] : [1751906545][2025/07/07-16:42:25][0][DEBUG] : get_zmq_message : get message of size 464034
[1751906545][2025/07/07-16:42:25][0][DEBUG] : [1751906545][2025/07/07-16:42:25][0][DEBUG] : get_zmq_message : get message of size 464034
[1751906545][2025/07/07-16:42:25][0][DEBUG] : [1751906545][2025/07/07-16:42:25][0][DEBUG] : get_zmq_message : get message of size 464034
[1751906545][2025/07/07-16:42:25][0][DEBUG] : [1751906545][2025/07/07-16:42:25][0][DEBUG] : get_zmq_message : get message of size 464034
[1751906545][2025/07/07-16:42:25][0][DEBUG] : [1751906545][2025/07/07-16:42:25][0][DEBUG] : get_zmq_message : get message of size 464034
[1751906545][2025/07/07-16:42:25][0][DEBUG] : [1751906545][2025/07/07-16:42:25][0][DEBUG] : get_zmq_message : get message of size 464034
[1751906545][2025/07/07-16:42:25][0][DEBUG] : [1751906545][2025/07/07-16:42:25][0][DEBUG] : get_zmq_message : get message of size 464034
[1751906545][2025/07/07-16:42:25][0][DEBUG] : [1751906545][2025/07/07-16:42:25][0][DEBUG] : get_zmq_message : get message of size 464034
[1751906545][2025/07/07-16:42:25][0][DEBUG] : [1751906545][2025/07/07-16:42:25][0][DEBUG] : get_zmq_message : get message of size 464034
[1751906545][2025/07/07-16:42:25][0][DEBUG] : [1751906545][2025/07/07-16:42:25][0][DEBUG] : get_zmq_message : get message of size 464034
[1751906545][2025/07/07-16:42:25][0][DEBUG] : [1751906545][2025/07/07-16:42:25][0][DEBUG] : get_zmq_message : get message of size 464034
[1751906545][2025/07/07-16:42:25][0][DEBUG] : [1751906545][2025/07/07-16:42:25][0][DEBUG] : get_zmq_message : get message of size 464034
[1751906545][2025/07/07-16:42:25][0][DEBUG] : [1751906545][2025/07/07-16:42:25][0][DEBUG] : get_zmq_message : get message of size 464034
[1751906545][2025/07/07-16:42:25][0][DEBUG] : [1751906545][2025/07/07-16:42:25][0][DEBUG] : get_zmq_message : get message of size 464034
[1751906545][2025/07/07-16:42:25][0][DEBUG] : [1751906545][2025/07/07-16:42:25][0][DEBUG] : get_zmq_message : get message of size 464034
[1751906545][2025/07/07-16:42:25][0][DEBUG] : [1751906545][2025/07/07-16:42:25][0][DEBUG] : get_zmq_message : get message of size 464034
[1751906545][2025/07/07-16:42:25][0][DEBUG] : [1751906545][2025/07/07-16:42:25][0][DEBUG] : get_zmq_message : get message of size 464034
[1751906545][2025/07/07-16:42:25][0][DEBUG] : [1751906545][2025/07/07-16:42:25][0][DEBUG] : get_zmq_message : get message of size 464034
[1751906545][2025/07/07-16:42:25][0][DEBUG] : [1751906545][2025/07/07-16:42:25][0][DEBUG] : get_zmq_message : get message of size 464034
[1751906545][2025/07/07-16:42:25][0][DEBUG] : [1751906545][2025/07/07-16:42:25][0][DEBUG] : get_zmq_message : get message of size 464034
[1751906545][2025/07/07-16:42:25][0][DEBUG] : [1751906545][2025/07/07-16:42:25][0][DEBUG] : get_zmq_message : get message of size 464034
[1751906545][2025/07/07-16:42:25][0][DEBUG] : [1751906545][2025/07/07-16:42:25][0][DEBUG] : get_zmq_message : get message of size 464034
[1751906545][2025/07/07-16:42:25][0][DEBUG] : [1751906545][2025/07/07-16:42:25][0][DEBUG] : get_zmq_message : get message of size 464034
[1751906545][2025/07/07-16:42:25][0][DEBUG] : [1751906545][2025/07/07-16:42:25][0][DEBUG] : get_zmq_message : get message of size 464034
[1751906545][2025/07/07-16:42:25][0][DEBUG] : [1751906545][2025/07/07-16:42:25][0][DEBUG] : get_zmq_message : get message of size 464034
[1751906545][2025/07/07-16:42:25][0][DEBUG] : [1751906545][2025/07/07-16:42:25][0][DEBUG] : get_zmq_message : get message of size 464034
[1751906545][2025/07/07-16:42:25][0][DEBUG] : [1751906545][2025/07/07-16:42:25][0][DEBUG] : get_zmq_message : get message of size 464034
[1751906545][2025/07/07-16:42:25][0][DEBUG] : [1751906545][2025/07/07-16:42:25][0][DEBUG] : get_zmq_message : get message of size 464034
[1751906545][2025/07/07-16:42:25][0][DEBUG] : [1751906545][2025/07/07-16:42:25][0][DEBUG] : get_zmq_message : get message of size 464034
[1751906545][2025/07/07-16:42:25][0][DEBUG] : [1751906545][2025/07/07-16:42:25][0][DEBUG] : get_zmq_message : get message of size 464034
[1751906545][2025/07/07-16:42:25][0][DEBUG] : [1751906545][2025/07/07-16:42:25][0][INFO] : update_timer_message : nbBadMessage = 4 (size in [53, 4490]), consecutiveRecieved[0, 0], nbEvent = 458, nbGoodEvent = 458, ratioEventPerSecond = 457.997, ratioGoodEventPerSecond = 457.997
[1751906546][2025/07/07-16:42:26][0][INFO] : update_timer_message : nbBadMessage = 0 (size in [53, 4490]), consecutiveRecieved[0, 0], nbEvent = 0, nbGoodEvent = 0, ratioEventPerSecond = 0, ratioGoodEventPerSecond = 0
[1751906547][2025/07/07-16:42:27][0][INFO] : update_timer_message : nbBadMessage = 0 (size in [53, 4490]), consecutiveRecieved[0, 0], nbEvent = 0, nbGoodEvent = 0, ratioEventPerSecond = 0, ratioGoodEventPerSecond = 0
[1751906549][2025/07/07-16:42:29][0][INFO] : HiPeRTA Stream R0-R1->DL1 done
[1751906549][2025/07/07-16:42:29][0][ALWAYS] : Close Log File at 2025/07/07 : 16:42:29
